iata_code,name,latitude,longitude,elevation_ft,continent,country_code,region_code,city,airport_type,is_hub,region
AMS,Amsterdam Airport Schiphol,52.308601,4.76389,-11.0,EU,NL,NL-NH,Amsterdam,large_airport,True,NL
ATL,Hartsfield Jackson Atlanta International Airport,33.6367,-84.428101,1026.0,,US,US-GA,Atlanta,large_airport,True,US
BKK,Suvarnabhumi Airport,13.681099891662598,100.74700164794922,5.0,AS,TH,TH-10,Bangkok,large_airport,True,TH
BOG,El Dorado International Airport,4.70159,-74.1469,8361.0,SA,CO,CO-DC,Bogota,large_airport,True,CO
CAI,Cairo International Airport,30.111534,31.396694,322.0,AF,EG,EG-C,Cairo,large_airport,True,EG
CDG,Charles de Gaulle International Airport,49.012798,2.55,392.0,EU,FR,FR-IDF,"Paris (Roissy-en-France, Val-d'Oise)",large_airport,True,FR
DFW,Dallas Fort Worth International Airport,32.896801,-97.038002,607.0,,US,US-TX,Dallas-Fort Worth,large_airport,True,US
DOH,Hamad International Airport,25.273056,51.608056,13.0,AS,QA,QA-DA,Doha,large_airport,True,QA
DXB,Dubai International Airport,25.2527999878,55.3643989563,62.0,AS,AE,AE-DU,Dubai,large_airport,True,AE
EZE,Minister Pistarini International Airport,-34.8222,-58.5358,67.0,SA,AR,AR-B,Buenos Aires (Ezeiza),large_airport,True,AR
FCO,Rome–Fiumicino Leonardo da Vinci International Airport,41.804532,12.251998,13.0,EU,IT,IT-62,Rome,large_airport,True,IT
FRA,Frankfurt Airport,50.030241,8.561096,364.0,EU,DE,DE-HE,Frankfurt am Main,large_airport,True,DE
GRU,Guarulhos - Governador André Franco Montoro International Airport,-23.431944,-46.467778,2461.0,SA,BR,BR-SP,São Paulo,large_airport,True,BR
HAN,Noi Bai International Airport,21.221201,105.806999,39.0,AS,VN,VN-RRD,Hanoi (Soc Son),large_airport,True,VN
HKG,Hong Kong International Airport,22.308901,113.915001,28.0,AS,HK,HK-NT,Hong Kong,large_airport,True,HK
HND,Tokyo Haneda International Airport,35.552299,139.779999,35.0,AS,JP,JP-13,Tokyo,large_airport,True,JP
ICN,Incheon International Airport,37.469101,126.450996,23.0,AS,KR,KR-28,Seoul,large_airport,True,KR
IST,İstanbul Airport,41.261297,28.741951,325.0,EU,TR,TR-34,"Arnavutköy, Istanbul",large_airport,True,TR
JFK,John F Kennedy International Airport,40.639447,-73.779317,13.0,,US,US-NY,New York,large_airport,True,US
JNB,O.R. Tambo International Airport,-26.1392,28.246,5558.0,AF,ZA,ZA-GT,Johannesburg,large_airport,True,ZA
LAX,Los Angeles International Airport,33.942501,-118.407997,125.0,,US,US-CA,Los Angeles,large_airport,True,US
LHR,London Heathrow Airport,51.4706,-0.461941,83.0,EU,GB,GB-ENG,London,large_airport,True,GB
MAD,Adolfo Suárez Madrid–Barajas Airport,40.471926,-3.56264,1998.0,EU,ES,ES-MD,Madrid,large_airport,True,ES
MEL,Melbourne Airport,-37.661548,144.836432,434.0,OC,AU,AU-VIC,Melbourne,large_airport,True,AU
MEX,Benito Juárez International Airport,19.435137,-99.071328,7316.0,,MX,MX-DIF,Ciudad de México,large_airport,True,MX
MIA,Miami International Airport,25.79319953918457,-80.29060363769531,8.0,,US,US-FL,Miami,large_airport,True,US
ORD,Chicago O'Hare International Airport,41.9786,-87.9048,680.0,,US,US-IL,Chicago,large_airport,True,US
PEK,Beijing Capital International Airport,40.080101013183594,116.58499908447266,116.0,AS,CN,CN-11,Beijing,large_airport,True,CN
SFO,San Francisco International Airport,37.619806,-122.374821,13.0,,US,US-CA,San Francisco,large_airport,True,US
SGN,Tan Son Nhat International Airport,10.8188,106.652,33.0,AS,VN,VN-SE,Ho Chi Minh City,large_airport,True,VN
SIN,Singapore Changi Airport,1.35019,103.994003,22.0,AS,SG,SG-04,Singapore,large_airport,True,SG
SYD,Sydney Kingsford Smith International Airport,-33.946098,151.177002,21.0,OC,AU,AU-NSW,Sydney (Mascot),large_airport,True,AU
YYZ,Toronto Lester B. Pearson International Airport,43.6772,-79.6306,569.0,,CA,CA-ON,Toronto,large_airport,True,CA
AAA,Anaa Airport,-17.3526,-145.509995,10.0,OC,PF,PF-U-A,Anaa,medium_airport,False,PF
AAC,El Arish International Airport,31.078565,33.836791,118.0,AS,EG,EG-SIN,El Arish,medium_airport,False,EG
AAE,Annaba Rabah Bitat Airport,36.826781,7.81334,16.0,AF,DZ,DZ-23,Annaba,medium_airport,False,DZ
AAL,Aalborg Airport,57.094763,9.84993,10.0,EU,DK,DK-81,Aalborg,medium_airport,False,DK
AAN,Al Ain International Airport,24.261699676513672,55.60919952392578,869.0,AS,AE,AE-AZ,Al Ain,medium_airport,False,AE
AAP,Aji Pangeran Tumenggung Pranoto International Airport,-0.374478,117.250128,82.0,AS,ID,ID-KI,Samarinda,medium_airport,False,ID
AAQ,Anapa Vityazevo Airport,45.002102,37.347301,174.0,EU,RU,RU-KDA,Krasnyi Kurgan,medium_airport,False,RU
AAR,Aarhus Airport,56.303331,10.618286,82.0,EU,DK,DK-82,Aarhus,medium_airport,False,DK
AAT,Altay Xuedu Airport,47.749886,88.085808,2460.0,AS,CN,CN-65,Altay,medium_airport,False,CN
AAX,Romeu Zema Airport,-19.5632,-46.9604,3276.0,SA,BR,BR-MG,Araxá,medium_airport,False,BR
AAY,Al Ghaydah International Airport,16.193341,52.174186,134.0,AS,YE,YE-MR,Al Ghaydah,medium_airport,False,YE
ABA,Abakan International Airport,53.740002,91.385002,831.0,AS,RU,RU-KK,Abakan,medium_airport,False,RU
ABD,Abadan Airport,30.367887,48.230075,10.0,AS,IR,IR-06,Abadan,medium_airport,False,IR
ABE,Lehigh Valley International Airport,40.651773,-75.442797,393.0,,US,US-PA,Allentown,medium_airport,False,US
ABI,Abilene Regional Airport,32.4113006592,-99.6819000244,1791.0,,US,US-TX,Abilene,medium_airport,False,US
ABJ,Félix-Houphouët-Boigny International Airport,5.26139,-3.92629,21.0,AF,CI,CI-AB,Abidjan,medium_airport,False,CI
ABK,Kebri Dahar Airport,6.732577,44.241339,1800.0,AF,ET,ET-SO,Kebri Dahar,medium_airport,False,ET
ABL,Ambler Airport,67.105529,-157.855339,334.0,,US,US-AK,Ambler,medium_airport,False,US
ABQ,Albuquerque International Sunport,35.039976,-106.608925,5355.0,,US,US-NM,Albuquerque,large_airport,False,US
ABR,Aberdeen Regional Airport,45.449100494384766,-98.42179870605467,1302.0,,US,US-SD,Aberdeen,medium_airport,False,US
ABS,Abu Simbel Airport,22.367657,31.609962,614.0,AF,EG,EG-ASN,Abu Simbel,medium_airport,False,EG
ABT,King Saud Bin Abdulaziz (Al Baha) Airport,20.298506,41.636153,5486.0,AS,SA,SA-11,Al-Baha,medium_airport,False,SA
ABV,Nnamdi Azikiwe International Airport,9.00679,7.26317,1123.0,AF,NG,NG-FC,Abuja,large_airport,False,NG
ABX,Albury Airport,-36.066758,146.959148,539.0,OC,AU,AU-NSW,East Albury,medium_airport,False,AU
ABY,Southwest Georgia Regional Airport,31.532946,-84.196215,197.0,,US,US-GA,Albany,medium_airport,False,US
ABZ,Aberdeen Dyce Airport,57.2019,-2.19778,215.0,EU,GB,GB-SCT,Aberdeen,medium_airport,False,GB
ACA,General Juan N. Álvarez International Airport,16.757126,-99.753113,16.0,,MX,MX-GRO,Acapulco,medium_airport,False,MX
ACC,Kotoka International Airport,5.605189800262451,-0.1667860001325607,205.0,AF,GH,GH-AA,Accra,large_airport,False,GH
ACE,César Manrique-Lanzarote Airport,28.945499,-13.6052,46.0,AF,ES,ES-CN,San Bartolomé,large_airport,False,ES
ACH,Sankt Gallen Altenrhein Airport,47.485001,9.56077,1306.0,EU,CH,CH-SG,St. Gallen,medium_airport,False,CH
ACI,Alderney Airport,49.706104,-2.21472,290.0,EU,GG,GG-A,Saint Anne,medium_airport,False,GG
ACK,Nantucket Memorial Airport,41.25310135,-70.06020355,47.0,,US,US-MA,Nantucket,medium_airport,False,US
ACT,Waco Regional Airport,31.611299514770508,-97.23049926757812,516.0,,US,US-TX,Waco,medium_airport,False,US
ACV,California Redwood Coast-Humboldt County Airport,40.978101,-124.109,221.0,,US,US-CA,Arcata/Eureka,medium_airport,False,US
ACX,Xingyi Wanfenglin Airport,25.083423,104.960804,4150.0,AS,CN,CN-52,Xingyi,medium_airport,False,CN
ACY,Atlantic City International Airport,39.45759963989258,-74.57720184326172,75.0,,US,US-NJ,Atlantic City,medium_airport,False,US
ADA,Adana Şakirpaşa Airport,36.982201,35.280399,65.0,AS,TR,TR-01,Seyhan,medium_airport,False,TR
ADB,Adnan Menderes International Airport,38.2924,27.157,412.0,AS,TR,TR-35,Gaziemir,large_airport,False,TR
ADD,Addis Ababa Bole International Airport,8.97789,38.799301,7630.0,AF,ET,ET-AA,Addis Ababa,large_airport,False,ET
ADE,Aden International Airport,12.8295,45.028801,7.0,AS,YE,YE-AD,Aden,medium_airport,False,YE
ADF,Adıyaman Airport,37.7314,38.468899,2216.0,AS,TR,TR-02,Adıyaman,medium_airport,False,TR
ADJ,Amman Civil (Marka International) Airport,31.9727,35.9916,2555.0,AS,JO,JO-AM,Amman,medium_airport,False,JO
ADK,Adak Airport,51.883564,-176.642783,18.0,,US,US-AK,Adak,medium_airport,False,US
ADL,Adelaide International Airport,-34.947512,138.533393,20.0,OC,AU,AU-SA,Adelaide,large_airport,False,AU
ADQ,Kodiak Airport,57.75,-152.4940033,78.0,,US,US-AK,Kodiak,medium_airport,False,US
ADU,Ardabil Airport,38.3256988525,48.4244003296,4315.0,AS,IR,IR-24,Ardabil,medium_airport,False,IR
ADZ,Gustavo Rojas Pinilla International Airport,12.5836,-81.7112,19.0,,CO,CO-SAP,San Andrés,medium_airport,False,CO
AEB,Baise (Bose) Bama Airport,23.7206,106.959999,490.0,AS,CN,CN-45,Baise (Tianyang),medium_airport,False,CN
AEH,Abeche Airport,13.847,20.844299,1788.0,AF,TD,TD-OD,Abeche,medium_airport,False,TD
AEP,Jorge Newbery Airpark,-34.5592,-58.4156,18.0,SA,AR,AR-C,Buenos Aires,large_airport,False,AR
AER,Sochi International Airport,43.449902,39.9566,89.0,EU,RU,RU-KDA,Sochi,large_airport,False,RU
AES,"Ålesund Airport, Vigra",62.5625,6.1197,69.0,EU,NO,NO-15,Ålesund,medium_airport,False,NO
AEU,Abu Musa Island Airport,25.8757,55.033001,23.0,AS,IR,IR-22,Abu Musa,medium_airport,False,IR
AEX,Alexandria International Airport,31.3274,-92.549797,89.0,,US,US-LA,Alexandria,medium_airport,False,US
AEY,Akureyri Airport,65.656573,-18.072018,6.0,EU,IS,IS-6,Akureyri,medium_airport,False,IS
AFA,Suboficial Ay Santiago Germano Airport,-34.588299,-68.4039,2470.0,SA,AR,AR-M,San Rafael,medium_airport,False,AR
AFL,Piloto Osvaldo Marques Dias Airport,-9.866389,-56.106298,948.0,SA,BR,BR-MT,Alta Floresta,medium_airport,False,BR
AFZ,Sabzevar National Airport,36.16809844970703,57.59519958496094,3010.0,AS,IR,IR-09,Sabzevar,medium_airport,False,IR
AGA,Al Massira Airport,30.322478,-9.412003,250.0,AF,MA,MA-09,Agadir (Temsia),large_airport,False,MA
AGH,Ängelholm-Helsingborg Airport,56.29610061645508,12.847100257873535,68.0,EU,SE,SE-M,Ängelholm,medium_airport,False,SE
AGP,Málaga-Costa del Sol Airport,36.6749,-4.49911,53.0,EU,ES,ES-AN,Málaga,large_airport,False,ES
AGR,Agra Airport / Agra Air Force Station,27.157683,77.960942,551.0,AS,IN,IN-UP,Agra,medium_airport,False,IN
AGS,Augusta Regional At Bush Field,33.3699,-81.9645,144.0,,US,US-GA,Augusta,medium_airport,False,US
AGT,Guaraní International Airport,-25.457186,-54.839544,846.0,SA,PY,PY-10,Ciudad del Este,large_airport,False,PY
AGU,Jesús Terán Peredo International Airport,21.699589,-102.318372,6112.0,,MX,MX-AGU,Aguascalientes,medium_airport,False,MX
AGX,Agatti Airport,10.8237,72.176003,14.0,AS,IN,IN-LD,Agatti,medium_airport,False,IN
AHB,Abha International Airport,18.2404,42.656601,6858.0,AS,SA,SA-14,Abha,medium_airport,False,SA
AHE,Ahe Airport,-14.428099632263184,-146.2570037841797,11.0,OC,PF,PF-U-A,Ahe Atoll,medium_airport,False,PF
AHO,Alghero-Fertilia Airport,40.632099,8.29077,87.0,EU,IT,IT-88,Alghero,medium_airport,False,IT
AIA,Alliance Municipal Airport,42.052543,-102.803965,3931.0,,US,US-NE,Alliance,medium_airport,False,US
AIN,Wainwright Airport,70.638,-159.994995,41.0,,US,US-AK,Wainwright,medium_airport,False,US
AJA,Ajaccio-Napoléon Bonaparte Airport,41.92359924316406,8.8029203414917,18.0,EU,FR,FR-COR,Ajaccio/Napoléon Bonaparte,medium_airport,False,FR
AJF,Al-Jawf Domestic Airport,29.78510093688965,40.099998474121094,2261.0,AS,SA,SA-12,Al-Jawf,medium_airport,False,SA
AJI,Ağrı Airport,39.655642,43.025742,5462.0,AS,TR,TR-04,Ağrı,medium_airport,False,TR
AJL,Lengpui Airport,23.840599,92.619698,1398.0,AS,IN,IN-MZ,Aizawl (Lengpui),medium_airport,False,IN
AJN,Ouani Airport,-12.131047,44.430044,62.0,AF,KM,KM-A,Ouani,medium_airport,False,KM
AJR,Arvidsjaur Airport,65.59030151367188,19.28190040588379,1245.0,EU,SE,SE-BD,Arvidsjaur,medium_airport,False,SE
AJU,Aracaju - Santa Maria International Airport,-10.984,-37.070301,139.0,SA,BR,BR-SE,Aracaju,medium_airport,False,BR
AJY,Mano Dayak International Airport,16.965999603271484,8.000109672546387,1657.0,AF,NE,NE-1,Agadez,medium_airport,False,NE
AKF,Kufra Airport,24.178699493408203,23.31399917602539,1367.0,AF,LY,LY-KF,Kufra,medium_airport,False,LY
AKJ,Asahikawa Airport,43.670799,142.447006,721.0,AS,JP,JP-01,Higashikagura,medium_airport,False,JP
AKL,Auckland International Airport,-37.01199,174.786331,23.0,OC,NZ,NZ-AUK,Auckland,large_airport,False,NZ
AKN,King Salmon Airport,58.677845,-156.651965,73.0,,US,US-AK,King Salmon,medium_airport,False,US
AKP,Anaktuvuk Pass Airport,68.133598,-151.742996,2102.0,,US,US-AK,Anaktuvuk Pass,medium_airport,False,US
AKR,Akure Airport,7.246739864349365,5.3010101318359375,1100.0,AF,NG,NG-ON,Akure,medium_airport,False,NG
AKU,Aksu Hongqipo Airport,41.262501,80.291702,3816.0,AS,CN,CN-65,Aksu (Onsu),medium_airport,False,CN
AKX,Aktobe Airport,50.2458,57.206699,738.0,AS,KZ,KZ-AKT,Aktobe,medium_airport,False,KZ
AKY,Sittwe Airport,20.133165,92.870693,27.0,AS,MM,MM-16,Sittwe,medium_airport,False,MM
ALA,Almaty International Airport,43.354267,77.042828,2234.0,AS,KZ,KZ-ALA,Almaty,large_airport,False,KZ
ALB,Albany International Airport,42.74829864501953,-73.80169677734375,285.0,,US,US-NY,Albany,medium_airport,False,US
ALC,Alicante-Elche Miguel Hernández Airport,38.2822,-0.558156,142.0,EU,ES,ES-VC,Alicante,large_airport,False,ES
ALF,Alta Airport,69.976097,23.3717,9.0,EU,NO,NO-56,Alta,medium_airport,False,NO
ALG,Houari Boumediene Airport,36.693886,3.214531,82.0,AF,DZ,DZ-16,Algiers,large_airport,False,DZ
ALH,Albany Airport,-34.94329833984375,117.80899810791016,233.0,OC,AU,AU-WA,Albany,medium_airport,False,AU
ALO,Waterloo Regional Airport,42.557098388671875,-92.40029907226562,873.0,,US,US-IA,Waterloo,medium_airport,False,US
ALP,Aleppo International Airport,36.180698,37.2244,1276.0,AS,SY,SY-HL,Aleppo,medium_airport,False,SY
ALS,San Luis Valley Regional Airport/Bergman Field,37.434898,-105.866997,7539.0,,US,US-CO,Alamosa,medium_airport,False,US
ALW,Walla Walla Regional Airport,46.09489822,-118.288002,1194.0,,US,US-WA,Walla Walla,medium_airport,False,US
AMA,Rick Husband Amarillo International Airport,35.219398,-101.706001,3607.0,,US,US-TX,Amarillo,medium_airport,False,US
AMD,Sardar Vallabh Bhai Patel International Airport,23.0772,72.634697,189.0,AS,IN,IN-GJ,Ahmedabad,medium_airport,False,IN
AMH,Arba Minch Airport,6.03939,37.5905,3901.0,AF,ET,ET-SN,Arba Minch,medium_airport,False,ET
AMM,Queen Alia International Airport,31.7226009369,35.9931983948,2395.0,AS,JO,JO-AM,Amman,large_airport,False,JO
AMQ,Pattimura International Airport,-3.71026,128.089005,33.0,AS,ID,ID-MA,Ambon,medium_airport,False,ID
AMV,Amderma Airport,69.76329803466797,61.556400299072266,13.0,AS,RU,RU-NEN,Amderma,medium_airport,False,RU
ANC,Ted Stevens Anchorage International Airport,61.179004,-149.992561,152.0,,US,US-AK,Anchorage,large_airport,False,US
ANF,Andrés Sabella Gálvez International Airport,-23.444501,-70.445099,455.0,SA,CL,CL-AN,Antofagasta,medium_airport,False,CL
ANI,Aniak Airport,61.581600189208984,-159.54299926757812,88.0,,US,US-AK,Aniak,medium_airport,False,US
ANR,Antwerp International Airport (Deurne),51.190667,4.463153,39.0,EU,BE,BE-VAN,Antwerp,medium_airport,False,BE
ANU,V C Bird International Airport,17.1367,-61.792702,62.0,,AG,AG-03,Osbourn,medium_airport,False,AG
ANV,Anvik Airport,62.646702,-160.190994,291.0,,US,US-AK,Anvik,medium_airport,False,US
ANX,"Andøya Airport, Andenes",69.292503,16.144199,43.0,EU,NO,NO-18,Andenes,medium_airport,False,NO
AOE,Anadolu Airport,39.809898,30.5194,2588.0,AS,TR,TR-26,Eskişehir,medium_airport,False,TR
AOG,Anshan Teng'ao Airport / Anshan Air Base,41.105301,122.853996,,AS,CN,CN-21,Anshan,medium_airport,False,CN
AOI,Marche Airport,43.616299,13.3623,49.0,EU,IT,IT-57,Falconara Marittima (AN),medium_airport,False,IT
AOJ,Aomori Airport,40.73469924926758,140.6909942626953,664.0,AS,JP,JP-02,Aomori,medium_airport,False,JP
AOK,Karpathos Airport,35.421398,27.146,66.0,EU,GR,GR-L,Karpathos Island,medium_airport,False,GR
AOO,Altoona Blair County Airport,40.296398,-78.32,1503.0,,US,US-PA,Altoona,medium_airport,False,US
AOR,Sultan Abdul Halim Airport,6.189670085906982,100.39800262451172,15.0,AS,MY,MY-02,Alor Satar,medium_airport,False,MY
APL,Nampula Airport,-15.105600357055664,39.28179931640625,1444.0,AF,MZ,MZ-N,Nampula,medium_airport,False,MZ
APN,Alpena County Regional Airport,45.0780983,-83.56030273,690.0,,US,US-MI,Alpena,medium_airport,False,US
APO,Antonio Roldán Betancur Airport,7.81196,-76.7164,46.0,SA,CO,CO-ANT,Carepa,medium_airport,False,CO
APW,Faleolo International Airport,-13.829999923706056,-172.00799560546875,58.0,OC,WS,WS-AA,Apia,medium_airport,False,WS
AQA,Araraquara Airport,-21.812,-48.132999,2334.0,SA,BR,BR-SP,Araraquara,medium_airport,False,BR
AQG,Anqing Tianzhushan Airport / Anqing North Air Base,30.582199,117.050003,,AS,CN,CN-34,Anqing,medium_airport,False,CN
AQI,Al Qaisumah/Hafr Al Batin Airport,28.335199,46.125099,1174.0,AS,SA,SA-04,Qaisumah,medium_airport,False,SA
AQJ,Aqaba King Hussein International Airport,29.611600875854492,35.01810073852539,175.0,AS,JO,JO-AQ,Aqaba,medium_airport,False,JO
AQP,Rodríguez Ballón International Airport,-16.3411006927,-71.5830993652,8405.0,SA,PE,PE-ARE,Arequipa,medium_airport,False,PE
ARC,Arctic Village Airport,68.1147,-145.578995,2092.0,,US,US-AK,Arctic Village,medium_airport,False,US
ARH,Talagi Airport,64.60030364990234,40.71670150756836,62.0,EU,RU,RU-ARK,Archangelsk,medium_airport,False,RU
ARI,Chacalluta Airport,-18.348499,-70.338699,167.0,SA,CL,CL-AP,Arica,medium_airport,False,CL
ARK,Arusha Airport,-3.3677899837493896,36.63330078125,4550.0,AF,TZ,TZ-01,Arusha,medium_airport,False,TZ
ARM,Armidale Airport,-30.528099060099997,151.617004395,3556.0,OC,AU,AU-NSW,Armidale,medium_airport,False,AU
ARN,Stockholm-Arlanda Airport,59.64849,17.928829,137.0,EU,SE,SE-AB,Stockholm,large_airport,False,SE
ART,Watertown International Airport,43.991901,-76.021698,325.0,,US,US-NY,Watertown,medium_airport,False,US
ARU,Araçatuba Airport,-21.141479,-50.424575,1361.0,SA,BR,BR-SP,Araçatuba,medium_airport,False,BR
ARW,Arad International Airport,46.176601,21.261999,352.0,EU,RO,RO-AR,Arad,medium_airport,False,RO
ASA,Assab International Airport,13.0718,42.645,46.0,AF,ER,ER-DK,Assab,medium_airport,False,ER
ASB,Ashgabat International Airport,37.986801,58.361,692.0,AS,TM,TM-S,Ashgabat,large_airport,False,TM
ASE,Aspen-Pitkin County Airport (Sardy Field),39.223202,-106.869003,7820.0,,US,US-CO,Aspen,medium_airport,False,US
ASF,Astrakhan Narimanovo Boris M. Kustodiev International Airport,46.282843,48.010511,-65.0,AS,RU,RU-AST,Astrakhan,medium_airport,False,RU
ASI,RAF Ascension Island,-7.9696,-14.3937,278.0,AF,SH,SH-AC,Cat Hill,medium_airport,False,SH
ASJ,Amami Airport,28.430599212646484,129.71299743652344,27.0,AS,JP,JP-46,Amami,medium_airport,False,JP
ASM,Asmara International Airport,15.291899681091309,38.910701751708984,7661.0,AF,ER,ER-SK,Asmara,medium_airport,False,ER
ASO,Asosa Airport,10.018500328063965,34.586299896240234,5100.0,AF,ET,ET-BE,Asosa,medium_airport,False,ET
ASP,Alice Springs Airport,-23.806588,133.903427,1789.0,OC,AU,AU-NT,Alice Springs,medium_airport,False,AU
ASR,Kayseri Erkilet Airport,38.770401001,35.4953994751,3463.0,AS,TR,TR-38,Kayseri,medium_airport,False,TR
ASU,Silvio Pettirossi International Airport,-25.240156,-57.519227,292.0,SA,PY,PY-11,Asunción,large_airport,False,PY
ASV,Amboseli Airport,-2.645050048828125,37.25310134887695,3755.0,AF,KE,KE-700,Amboseli National Park,medium_airport,False,KE
ASW,Aswan International Airport,23.968137,32.824445,650.0,AF,EG,EG-ASN,Aswan,medium_airport,False,EG
ATC,Arthur's Town Airport,24.6294,-75.673797,18.0,,BS,BS-CI,Arthur's Town,medium_airport,False,BS
ATH,Athens Eleftherios Venizelos International Airport,37.936401,23.9445,308.0,EU,GR,GR-I,Spata-Artemida,large_airport,False,GR
ATK,Atqasuk Edward Burnell Sr Memorial Airport,70.46704,-157.436013,96.0,,US,US-AK,Atqasuk,medium_airport,False,US
ATM,Altamira Interstate Airport,-3.253144,-52.253938,368.0,SA,BR,BR-PA,Altamira,medium_airport,False,BR
ATQ,Sri Guru Ram Dass Jee International Airport,31.7096,74.797302,756.0,AS,IN,IN-PB,Amritsar,medium_airport,False,IN
ATW,Appleton International Airport,44.258099,-88.519096,918.0,,US,US-WI,Appleton,medium_airport,False,US
ATY,Watertown Regional Airport,44.91400146,-97.15470123,1749.0,,US,US-SD,Watertown,medium_airport,False,US
ATZ,Asyut International Airport,27.050818,31.016309,748.0,AF,EG,EG-AST,Asyut,medium_airport,False,EG
AUA,Queen Beatrix International Airport,12.5014,-70.015198,60.0,,AW,AW-U-A,Oranjestad,large_airport,False,AW
AUC,Santiago Perez Airport,7.06888,-70.7369,420.0,SA,CO,CO-ARA,Arauca,medium_airport,False,CO
AUG,Augusta State Airport,44.320598602299995,-69.7973022461,352.0,,US,US-ME,Augusta,medium_airport,False,US
AUH,Zayed International Airport,24.443764,54.651718,88.0,AS,AE,AE-AZ,Abu Dhabi,large_airport,False,AE
AUQ,Hiva Oa-Atuona Airport,-9.76879024506,-139.011001587,1481.0,OC,PF,PF-U-A,Hiva Oa Island,medium_airport,False,PF
AUR,Aurillac Airport,44.89139938354492,2.4219400882720947,2096.0,EU,FR,FR-ARA,Aurillac,medium_airport,False,FR
AUS,Austin Bergstrom International Airport,30.197535,-97.662015,542.0,,US,US-TX,Austin,large_airport,False,US
AUX,Araguaína Airport,-7.22787,-48.240501,771.0,SA,BR,BR-TO,Araguaína,medium_airport,False,BR
AVA,Anshun Huangguoshu Airport,26.260556,105.873333,4812.0,AS,CN,CN-52,Anshun (Xixiu),medium_airport,False,CN
AVK,Arvaikheer Airport,46.250301361083984,102.802001953125,5932.0,AS,MN,MN-055,Arvaikheer,medium_airport,False,MN
AVL,Asheville Regional Airport,35.436199,-82.541801,2165.0,,US,US-NC,Asheville,medium_airport,False,US
AVN,Avignon-Caumont Airport,43.907299,4.90183,124.0,EU,FR,FR-PAC,"Avignon, Vaucluse",medium_airport,False,FR
AVP,Wilkes Barre Scranton International Airport,41.338500976599995,-75.72339630130001,962.0,,US,US-PA,Wilkes-Barre/Scranton,medium_airport,False,US
AVV,Avalon Airport,-38.039398,144.468994,35.0,OC,AU,AU-VIC,Lara,medium_airport,False,AU
AWA,Hawassa International Airport,7.099869,38.396187,5450.0,AF,ET,ET-XSD,Hawassa,medium_airport,False,ET
AWK,Wake Island Airfield,19.282437,166.636637,14.0,OC,UM,UM-79,Wake Island,medium_airport,False,UM
AWZ,Lieutenant General Qasem Soleimani International Airport,31.3374,48.762001,66.0,AS,IR,IR-06,Ahvaz,medium_airport,False,IR
AXA,Clayton J Lloyd International Airport,18.204773,-63.05383,127.0,,AI,AI-U-A,The Valley,medium_airport,False,AI
AXD,Alexandroupoli Democritus Airport,40.8559,25.956301,24.0,EU,GR,GR-A,Alexandroupolis,medium_airport,False,GR
AXF,Alxa Left Banner Bayanhot Airport,38.74831,105.58858,4560.0,AS,CN,CN-15,Bayanhot,medium_airport,False,CN
AXM,El Eden Airport,4.45278,-75.7664,3990.0,SA,CO,CO-QUI,Armenia,medium_airport,False,CO
AXP,Spring Point Airport,22.441799,-73.970901,11.0,,BS,BS-AK,Spring Point,medium_airport,False,BS
AXR,Arutua Airport,-15.248299598693848,-146.61700439453125,9.0,OC,PF,PF-U-A,,medium_airport,False,PF
AXT,Akita Airport,39.615601,140.218994,313.0,AS,JP,JP-05,Akita,medium_airport,False,JP
AXU,Axum Airport,14.1468,38.7728,6959.0,AF,ET,ET-TI,Axum,medium_airport,False,ET
AYJ,Ayodhya Airport,26.751283,82.155295,335.0,AS,IN,IN-UP,Faizabad,medium_airport,False,IN
AYP,Air Force Colonel Alfredo Mendivil Duarte Airport,-13.1548,-74.204399,8917.0,SA,PE,PE-AYA,Ayacucho,medium_airport,False,PE
AYQ,Ayers Rock Connellan Airport,-25.185913,130.97703,1626.0,OC,AU,AU-NT,Yulara,medium_airport,False,AU
AYT,Antalya International Airport,36.898701,30.800501,177.0,AS,TR,TR-07,Antalya,large_airport,False,TR
AZA,Mesa Gateway Airport,33.3078,-111.654999,1382.0,,US,US-AZ,Mesa,medium_airport,False,US
AZD,Shahid Sadooghi Airport,31.9048995972,54.2765007019,4054.0,AS,IR,IR-21,Yazd,medium_airport,False,IR
AZN,Andizhan Airport,40.727699,72.293999,1515.0,AS,UZ,UZ-AN,Andizhan,medium_airport,False,UZ
AZO,Kalamazoo Battle Creek International Airport,42.234901428222656,-85.5521011352539,874.0,,US,US-MI,Kalamazoo,medium_airport,False,US
AZR,Touat Cheikh Sidi Mohamed Belkebir Airport,27.837601,-0.186414,919.0,AF,DZ,DZ-01,Adrar,medium_airport,False,DZ
AZS,Samaná El Catey International Airport,19.269259,-69.737405,30.0,,DO,DO-20,Samana,medium_airport,False,DO
BAG,Loakan Airport,16.375034,120.619949,4251.0,AS,PH,PH-BAG,Baguio,medium_airport,False,PH
BAH,Bahrain International Airport,26.267295,50.63764,6.0,AS,BH,BH-15,Manama,large_airport,False,BH
BAL,Batman Airport,37.9290008545,41.1166000366,1822.0,AS,TR,TR-72,Batman,medium_airport,False,TR
BAQ,Ernesto Cortissoz International Airport,10.8896,-74.7808,98.0,SA,CO,CO-ATL,Barranquilla,medium_airport,False,CO
BAR,Qionghai Bo'ao Airport,19.140951,110.452766,30.0,AS,CN,CN-46,Qionghai (Basuo),medium_airport,False,CN
BAV,Baotou Donghe Airport,40.560001,109.997002,3321.0,AS,CN,CN-15,Baotou,medium_airport,False,CN
BAX,Barnaul Airport,53.363800048828125,83.53849792480469,837.0,AS,RU,RU-ALT,Barnaul,medium_airport,False,RU
BAY,Maramureș International Airport,47.658444,23.464445,605.0,EU,RO,RO-MM,Tăuții-Măgherăuș,medium_airport,False,RO
BBA,Balmaceda Airport,-45.915968,-71.689499,1722.0,SA,CL,CL-AI,Balmaceda,medium_airport,False,CL
BBI,Biju Patnaik Airport,20.244400024399997,85.8178024292,138.0,AS,IN,IN-OR,Bhubaneswar,medium_airport,False,IN
BBK,Kasane Airport,-17.832899,25.162399,3289.0,AF,BW,BW-CH,Kasane,medium_airport,False,BW
BBM,Battambang Airport,13.0956,103.223999,59.0,AS,KH,KH-2,Battambang,medium_airport,False,KH
BBN,Bario Airport,3.734648,115.478548,3350.0,AS,MY,MY-13,Bario,medium_airport,False,MY
BBO,Berbera Airport,10.385035,44.936723,30.0,AF,SO,SO-WO,Berbera,medium_airport,False,SO
BBQ,Codrington Airport,17.635799,-61.828602,15.0,,AG,AG-10,Codrington,medium_airport,False,AG
BBU,Bucharest Băneasa Aurel Vlaicu International Airport,44.503201,26.1021,297.0,EU,RO,RO-B,Bucharest,medium_airport,False,RO
BCA,Gustavo Rizo Airport,20.365299224853516,-74.5062026977539,26.0,,CU,CU-14,Baracoa,medium_airport,False,CU
BCD,Bacolod-Silay Airport,10.7764,123.014999,82.0,AS,PH,PH-NEC,Bacolod City,medium_airport,False,PH
BCI,Barcaldine Airport,-23.566268,145.302086,878.0,OC,AU,AU-QLD,Barcaldine,medium_airport,False,AU
BCM,Bacău George Enescu International  Airport,46.5219,26.910299,607.0,EU,RO,RO-BC,Bacău,medium_airport,False,RO
BCN,Josep Tarradellas Barcelona-El Prat Airport,41.2971,2.07846,12.0,EU,ES,ES-CT,Barcelona,large_airport,False,ES
BCU,Sir Abubakar Tafawa Balewa International Airport,10.482833,9.744,1965.0,AF,NG,NG-BA,Bauchi,medium_airport,False,NG
BDA,L.F. Wade International Airport,32.363998,-64.678703,12.0,,BM,BM-U-A,Hamilton,medium_airport,False,BM
BDB,Bundaberg Airport,-24.905039,152.322612,107.0,OC,AU,AU-QLD,Bundaberg,medium_airport,False,AU
BDH,Bandar Lengeh International Airport,26.532283,54.82484,67.0,AS,IR,IR-22,Bandar Lengeh,medium_airport,False,IR
BDJ,Syamsudin Noor International Airport,-3.44236,114.763,66.0,AS,ID,ID-KS,Landasan Ulin,medium_airport,False,ID
BDL,Bradley International Airport,41.93851,-72.688066,173.0,,US,US-CT,Hartford,large_airport,False,US
BDO,Husein Sastranegara International Airport,-6.90063,107.575996,2436.0,AS,ID,ID-JB,Bandung,medium_airport,False,ID
BDQ,Vadodara Airport,22.336201,73.226303,129.0,AS,IN,IN-GJ,Vadodara,medium_airport,False,IN
BDS,Brindisi Airport,40.6576,17.947001,47.0,EU,IT,IT-75,Brindisi,large_airport,False,IT
BDT,Gbadolite Airport,4.252745,20.975271,1509.0,AF,CD,CD-NU,Gbadolite,medium_airport,False,CD
BDU,Bardufoss Airport,69.055801,18.5404,252.0,EU,NO,NO-55,Målselv,medium_airport,False,NO
BEB,Benbecula Airport,57.48109817504883,-7.362780094146728,19.0,EU,GB,GB-SCT,Balivanich,medium_airport,False,GB
BED,Laurence G Hanscom Field,42.470001,-71.289001,133.0,,US,US-MA,Bedford,medium_airport,False,US
BEF,Bluefields Airport,11.991,-83.774101,20.0,,NI,NI-AS,Bluefileds,medium_airport,False,NI
BEG,Belgrade Nikola Tesla Airport,44.818401,20.309099,335.0,EU,RS,RS-00,Belgrade,large_airport,False,RS
BEJ,Kalimarau Airport,2.14776,117.430705,59.0,AS,ID,ID-KI,Tanjung Redeb - Borneo Island,medium_airport,False,ID
BEK,Bareilly Air Force Station,28.4221,79.450798,580.0,AS,IN,IN-UP,Bareilly,medium_airport,False,IN
BEL,Val de Cans/Júlio Cezar Ribeiro International Airport,-1.379279,-48.476207,54.0,SA,BR,BR-PA,Belém,large_airport,False,BR
BEN,Benina International Airport,32.096802,20.269501,433.0,AF,LY,LY-BA,Benina,medium_airport,False,LY
BER,Berlin Brandenburg Airport,52.362247,13.500672,157.0,EU,DE,DE-BR,Berlin,large_airport,False,DE
BES,Brest Bretagne Airport,48.447899,-4.41854,325.0,EU,FR,FR-BRE,Brest/Guipavas,medium_airport,False,FR
BET,Bethel Airport,60.77980042,-161.8379974,126.0,,US,US-AK,Bethel,medium_airport,False,US
BEU,Bedourie Airport,-24.3461,139.460007,300.0,OC,AU,AU-QLD,Bedourie,medium_airport,False,AU
BEW,Beira Airport,-19.7964,34.9076,33.0,AF,MZ,MZ-S,Beira,medium_airport,False,MZ
BEY,Beirut Rafic Hariri International Airport,33.820899963378906,35.488399505615234,87.0,AS,LB,LB-JL,Beirut,large_airport,False,LB
BFD,Bradford Regional Airport,41.8031005859375,-78.64009857177734,2143.0,,US,US-PA,Bradford,medium_airport,False,US
BFF,Western Neb. Rgnl/William B. Heilig Airport,41.87400055,-103.5960007,3967.0,,US,US-NE,Scottsbluff,medium_airport,False,US
BFI,Boeing Field King County International Airport,47.529999,-122.302002,21.0,,US,US-WA,Seattle,medium_airport,False,US
BFJ,Bijie Feixiong Airport,27.267066,105.472097,4751.0,AS,CN,CN-52,Bijie,medium_airport,False,CN
BFL,Meadows Field,35.433601,-119.056999,510.0,,US,US-CA,Bakersfield,medium_airport,False,US
BFN,Bram Fischer International Airport,-29.092699,26.302401,4457.0,AF,ZA,ZA-FS,Bloemfontain,medium_airport,False,ZA
BFS,Belfast International Airport,54.6575012207,-6.2158298492399995,268.0,EU,GB,GB-NIR,Belfast,large_airport,False,GB
BFV,Buri Ram Airport,15.2295,103.252998,590.0,AS,TH,TH-31,Buriram,medium_airport,False,TH
BGA,Palonegro Airport,7.1265,-73.1848,3897.0,SA,CO,CO-SAN,Bucaramanga,medium_airport,False,CO
BGC,Bragança Airport,41.8578,-6.70713,2241.0,EU,PT,PT-04,Bragança,medium_airport,False,PT
BGF,Bangui M'Poko International Airport,4.39847993850708,18.518800735473633,1208.0,AF,CF,CF-MP,Bangui,medium_airport,False,CF
BGI,Grantley Adams International Airport,13.0746,-59.4925,169.0,,BB,BB-01,Bridgetown,medium_airport,False,BB
BGM,Greater Binghamton/Edwin A Link field,42.20869827,-75.97979736,1636.0,,US,US-NY,Binghamton,medium_airport,False,US
BGO,"Bergen Airport, Flesland",60.2934,5.21814,170.0,EU,NO,NO-46,Bergen,large_airport,False,NO
BGR,Bangor International Airport,44.8074,-68.828102,192.0,,US,US-ME,Bangor,medium_airport,False,US
BGW,Baghdad International Airport / New Al Muthana Air Base,33.262501,44.2346,114.0,AS,IQ,IQ-BG,Baghdad,large_airport,False,IQ
BGY,Milan Bergamo Airport / Antonio Locatelli Air Base,45.670725,9.709223,782.0,EU,IT,IT-25,Orio al Serio (BG),large_airport,False,IT
BHB,Hancock County-Bar Harbor Airport,44.45000076,-68.3615036,83.0,,US,US-ME,Bar Harbor,medium_airport,False,US
BHD,George Best Belfast City Airport,54.618099,-5.8725,15.0,EU,GB,GB-NIR,Belfast,medium_airport,False,GB
BHE,Woodbourne Airport,-41.5182991027832,173.8699951171875,109.0,OC,NZ,NZ-MBH,Blenheim,medium_airport,False,NZ
BHH,Bisha Airport,19.9844,42.620899,3887.0,AS,SA,SA-14,Bisha,medium_airport,False,SA
BHI,Comandante Espora Airport,-38.725,-62.1693,246.0,SA,AR,AR-B,Bahía Blanca,medium_airport,False,AR
BHJ,Bhuj Airport,23.2877998352,69.6701965332,268.0,AS,IN,IN-GJ,Bhuj,medium_airport,False,IN
BHK,Bukhara International Airport,39.775002,64.483299,751.0,AS,UZ,UZ-BU,Bukhara,medium_airport,False,UZ
BHM,Birmingham-Shuttlesworth International Airport,33.562901,-86.753502,650.0,,US,US-AL,Birmingham,medium_airport,False,US
BHO,Raja Bhoj International Airport,23.2875003815,77.3374023438,1711.0,AS,IN,IN-MP,Bhopal,medium_airport,False,IN
BHQ,Broken Hill Airport,-32.0013999939,141.472000122,958.0,OC,AU,AU-NSW,Broken Hill,medium_airport,False,AU
BHS,Bathurst Airport,-33.406817,149.651161,2435.0,OC,AU,AU-NSW,Bathurst,medium_airport,False,AU
BHU,Bhavnagar Airport,21.752199173,72.1852035522,44.0,AS,IN,IN-GJ,Bhavnagar,medium_airport,False,IN
BHV,Bahawalpur Airport,29.348100662231445,71.71800231933594,392.0,AS,PK,PK-PB,Bahawalpur,medium_airport,False,PK
BHX,Birmingham Airport,52.453899,-1.74803,327.0,EU,GB,GB-ENG,"Birmingham, West Midlands",large_airport,False,GB
BHY,Beihai Fucheng Airport,21.5394,109.293999,75.0,AS,CN,CN-45,Beihai (Yinhai),medium_airport,False,CN
BIA,Bastia-Poretta Airport,42.55270004272461,9.48373031616211,26.0,EU,FR,FR-COR,Bastia/Poretta,medium_airport,False,FR
BIH,Eastern Sierra Regional Airport,37.3731,-118.363998,4124.0,,US,US-CA,Bishop,medium_airport,False,US
BIK,Frans Kaisiepo Airport,-1.19002,136.108002,46.0,AS,ID,ID-PA,Biak,medium_airport,False,ID
BIL,Billings Logan International Airport,45.807701,-108.542999,3652.0,,US,US-MT,Billings,medium_airport,False,US
BIM,South Bimini Airport,25.6998996735,-79.2647018433,10.0,,BS,BS-BI,South Bimini,medium_airport,False,BS
BIO,Bilbao Airport,43.301102,-2.91061,138.0,EU,ES,ES-PV,Bilbao,medium_airport,False,ES
BIQ,Biarritz-Anglet-Bayonne Airport,43.468333,-1.531111,245.0,EU,FR,FR-NAQ,Biarritz/Anglet/Bayonne,medium_airport,False,FR
BIR,Biratnagar Airport,26.48150062561035,87.26399993896484,236.0,AS,NP,NP-P1,Biratnagar,medium_airport,False,NP
BIS,Bismarck Municipal Airport,46.772701263427734,-100.74600219726562,1661.0,,US,US-ND,Bismarck,medium_airport,False,US
BJA,Soummam–Abane Ramdane Airport,36.711952,5.069804,20.0,AF,DZ,DZ-06,Béjaïa,medium_airport,False,DZ
BJB,Bojnord Airport,37.49300003051758,57.30820083618164,3499.0,AS,IR,IR-28,Bojnord,medium_airport,False,IR
BJC,Rocky Mountain Metropolitan Airport,39.908798,-105.116997,5673.0,,US,US-CO,Denver,medium_airport,False,US
BJF,Båtsfjord Airport,70.60025,29.692612,490.0,EU,NO,NO-56,Båtsfjord,medium_airport,False,NO
BJL,Banjul International Airport,13.338,-16.652201,95.0,AF,GM,GM-W,Yundum,large_airport,False,GM
BJM,Bujumbura Melchior Ndadaye International Airport,-3.32402,29.318501,2582.0,AF,BI,BI-BM,Bujumbura,medium_airport,False,BI
BJR,Bahir Dar Airport,11.6081,37.321602,5978.0,AF,ET,ET-AM,Bahir Dar,medium_airport,False,ET
BJV,Milas Bodrum International Airport,37.250599,27.664301,21.0,AS,TR,TR-48,Bodrum,large_airport,False,TR
BJX,Del Bajío International Airport,20.992695,-101.480284,5956.0,,MX,MX-GUA,Silao,medium_airport,False,MX
BJZ,Badajoz Airport,38.8913,-6.82133,609.0,EU,ES,ES-EX,Badajoz,medium_airport,False,ES
BKG,Branson Airport,36.532082,-93.200544,1302.0,,US,US-MO,Branson,medium_airport,False,US
BKI,Kota Kinabalu International Airport,5.932743,116.049324,10.0,AS,MY,MY-12,Kota Kinabalu,medium_airport,False,MY
BKO,Modibo Keita International Airport,12.5335,-7.94994,1247.0,AF,ML,ML-2,Bamako,large_airport,False,ML
BKQ,Blackall Airport,-24.431678,145.429716,928.0,OC,AU,AU-QLD,Blackall,medium_airport,False,AU
BKS,Fatmawati Soekarno Airport,-3.8637,102.338997,50.0,AS,ID,ID-BE,Bengkulu,medium_airport,False,ID
BKW,Raleigh County Memorial Airport,37.7873,-81.124199,2504.0,,US,US-WV,Beaver,medium_airport,False,US
BLA,General José Antonio Anzoategui International Airport,10.111111,-64.692222,30.0,SA,VE,VE-B,Barcelona,large_airport,False,VE
BLD,Boulder City Municipal Airport,35.947161,-114.858799,2201.0,,US,US-NV,Boulder City,medium_airport,False,US
BLE,Dala Airport,60.422001,15.5152,503.0,EU,SE,SE-W,Borlange,medium_airport,False,SE
BLI,Bellingham International Airport,48.79280090332031,-122.53800201416016,170.0,,US,US-WA,Bellingham,medium_airport,False,US
BLJ,Batna Mostefa Ben Boulaid Airport,35.752102,6.30859,2697.0,AF,DZ,DZ-05,Batna,medium_airport,False,DZ
BLK,Blackpool International Airport,53.77170181274414,-3.0286099910736084,34.0,EU,GB,GB-ENG,Blackpool,medium_airport,False,GB
BLL,Billund Airport,55.740335,9.157019,247.0,EU,DK,DK-83,Billund,large_airport,False,DK
BLQ,Bologna Guglielmo Marconi Airport,44.5354,11.2887,123.0,EU,IT,IT-45,Bologna,large_airport,False,IT
BLR,Kempegowda International Airport,13.1979,77.706299,3000.0,AS,IN,IN-KA,Bangalore,large_airport,False,IN
BLV,Scott AFB/Midamerica Airport,38.5452,-89.835197,459.0,,US,US-IL,Belleville,medium_airport,False,US
BLZ,Chileka International Airport,-15.679100036621094,34.9739990234375,2555.0,AF,MW,MW-BL,Blantyre,medium_airport,False,MW
BMA,Stockholm-Bromma Airport,59.354400634765625,17.941699981689453,47.0,EU,SE,SE-AB,Stockholm,medium_airport,False,SE
BME,Broome International Airport,-17.948789,122.227407,56.0,OC,AU,AU-WA,Broome,medium_airport,False,AU
BMI,Central Illinois Regional Airport at Bloomington-Normal,40.4771,-88.915901,871.0,,US,US-IL,Bloomington/Normal,medium_airport,False,US
BMV,Buon Ma Thuot Airport,12.668299675,108.120002747,1729.0,AS,VN,VN-CH,Buon Ma Thuot,medium_airport,False,VN
BNA,Nashville International Airport,36.1245,-86.6782,599.0,,US,US-TN,Nashville,large_airport,False,US
BND,Bandar Abbas International Airport,27.218299865722656,56.37779998779297,22.0,AS,IR,IR-22,Bandar Abbas,medium_airport,False,IR
BNE,Brisbane International Airport,-27.384199142456055,153.11700439453125,13.0,OC,AU,AU-QLD,Brisbane,large_airport,False,AU
BNI,Benin Airport,6.316979885101318,5.5995001792907715,258.0,AF,NG,NG-ED,Benin,medium_airport,False,NG
BNK,Ballina Byron Gateway Airport,-28.833236,153.561471,7.0,OC,AU,AU-NSW,Ballina,medium_airport,False,AU
BNN,"Brønnøysund Airport, Brønnøy",65.461098,12.2175,25.0,EU,NO,NO-18,Brønnøy,medium_airport,False,NO
BNS,Barinas Airport,8.615,-70.214167,615.0,SA,VE,VE-E,Barinas,medium_airport,False,VE
BNX,Banja Luka International Airport,44.941399,17.297501,400.0,EU,BA,BA-SRP,Mahovljani,medium_airport,False,BA
BOB,Bora Bora Airport,-16.444400787353516,-151.75100708007812,10.0,OC,PF,PF-U-A,Motu Mute,medium_airport,False,PF
BOC,Bocas del Toro International Airport,9.34085,-82.250801,10.0,,PA,PA-1,Isla Colón,medium_airport,False,PA
BOD,Bordeaux-Mérignac Airport,44.8283,-0.715556,162.0,EU,FR,FR-NAQ,Bordeaux/Mérignac,large_airport,False,FR
BOH,Bournemouth Airport,50.780483,-1.839576,38.0,EU,GB,GB-ENG,"Christchurch, Dorset",medium_airport,False,GB
BOI,Boise Air Terminal/Gowen Field,43.5644,-116.223,2871.0,,US,US-ID,Boise,medium_airport,False,US
BOJ,Burgas Airport,42.569917,27.515173,135.0,EU,BG,BG-02,Burgas,large_airport,False,BG
BOM,Chhatrapati Shivaji International Airport,19.0886993408,72.8678970337,39.0,AS,IN,IN-MM,Mumbai,large_airport,False,IN
BON,Flamingo International Airport,12.131,-68.268501,20.0,,BQ,BQ-BO,Kralendijk,large_airport,False,BQ
BOO,Bodø Airport,67.269203,14.3653,42.0,EU,NO,NO-18,Bodø,medium_airport,False,NO
BOR,Bokeo International Airport,20.323986,100.165392,1175.0,AS,LA,LA-BK,Ton Phueng,medium_airport,False,LA
BOS,Logan International Airport,42.36197,-71.0079,20.0,,US,US-MA,Boston,large_airport,False,US
BOY,Bobo Dioulasso Airport,11.160099983215332,-4.33096981048584,1511.0,AF,BF,BF-HOU,Bobo Dioulasso,medium_airport,False,BF
BPE,Qinhuangdao Beidaihe Airport,39.666384,119.061384,46.0,AS,CN,CN-13,Qinhuangdao (Changli),medium_airport,False,CN
BPL,Bole Alashankou Airport,44.895461,82.30007,1253.0,AS,CN,CN-65,Bole,medium_airport,False,CN
BPN,Sultan Aji Muhammad Sulaiman Sepinggan International Airport,-1.268342,116.89452,12.0,AS,ID,ID-KI,Balikpapan,large_airport,False,ID
BPS,Porto Seguro Airport,-16.438426,-39.080584,169.0,SA,BR,BR-BA,Porto Seguro,large_airport,False,BR
BPT,Jack Brooks Regional Airport,29.9508,-94.020699,15.0,,US,US-TX,Beaumont/Port Arthur,medium_airport,False,US
BPX,Qamdo Bangda Airport,30.553600311279297,97.1082992553711,14219.0,AS,CN,CN-54,Bangda,medium_airport,False,CN
BPY,Besalampy Airport,-16.74453,44.482484,125.0,AF,MG,MG-M,Besalampy,medium_airport,False,MG
BQK,Brunswick Golden Isles Airport,31.258801,-81.466499,26.0,,US,US-GA,Brunswick,medium_airport,False,US
BQL,Boulia Airport,-22.913299560546875,139.89999389648438,542.0,OC,AU,AU-QLD,,medium_airport,False,AU
BQN,Rafael Hernández International Airport,18.4949,-67.129402,237.0,,PR,PR-U-A,Aguadilla,medium_airport,False,PR
BQS,Ignatyevo Airport,50.42539978027344,127.41200256347656,638.0,AS,RU,RU-AMU,Blagoveschensk,medium_airport,False,RU
BQT,Brest Airport,52.108299,23.8981,468.0,EU,BY,BY-BR,Brest,medium_airport,False,BY
BQU,J F Mitchell Airport,12.9884,-61.262001,15.0,,VC,VC-06,Bequia,medium_airport,False,VC
BRC,San Carlos de Bariloche Airport,-41.151199,-71.157501,2774.0,SA,AR,AR-R,San Carlos de Bariloche,medium_airport,False,AR
BRD,Brainerd Lakes Regional Airport,46.402861,-94.129727,1232.0,,US,US-MN,Brainerd,medium_airport,False,US
BRE,Bremen Airport,53.046786,8.78932,14.0,EU,DE,DE-HB,Bremen,medium_airport,False,DE
BRI,Bari Karol Wojtyła International Airport,41.138901,16.760599,193.0,EU,IT,IT-75,Bari,large_airport,False,IT
BRK,Bourke Airport,-30.03919982910156,145.95199584960938,352.0,OC,AU,AU-NSW,,medium_airport,False,AU
BRL,Southeast Iowa Regional Airport,40.783199310302734,-91.12550354003906,698.0,,US,US-IA,Burlington,medium_airport,False,US
BRM,Barquisimeto International Airport,10.042747,-69.35862,2042.0,SA,VE,VE-K,Barquisimeto,medium_airport,False,VE
BRN,Bern Airport,46.912868,7.498512,1671.0,EU,CH,CH-BE,Bern,medium_airport,False,CH
BRO,Brownsville South Padre Island International Airport,25.90679931640625,-97.4259033203125,22.0,,US,US-TX,Brownsville,medium_airport,False,US
BRQ,Brno-Tuřany Airport,49.15129852294922,16.694400787353516,778.0,EU,CZ,CZ-JM,Brno,medium_airport,False,CZ
BRR,Barra Airport,57.0228,-7.44306,5.0,EU,GB,GB-SCT,Eoligarry,medium_airport,False,GB
BRS,Bristol Airport,51.382702,-2.71909,622.0,EU,GB,GB-ENG,Bristol,medium_airport,False,GB
BRU,Brussels Airport,50.901402,4.48444,175.0,EU,BE,BE-VBR,Zaventem,large_airport,False,BE
BRW,Wiley Post Will Rogers Memorial Airport,71.285402,-156.766008,44.0,,US,US-AK,Utqiaġvik,medium_airport,False,US
BRX,Maria Montez International Airport,18.25149917602539,-71.12039947509766,10.0,,DO,DO-04,Barahona,medium_airport,False,DO
BSB,Presidente Juscelino Kubitschek International Airport,-15.869167,-47.920834,3497.0,SA,BR,BR-DF,Brasília,large_airport,False,BR
BSC,José Celestino Mutis Airport,6.20292,-77.3947,80.0,SA,CO,CO-CHO,Bahía Solano,medium_airport,False,CO
BSD,Baoshan Yunrui Airport,25.053301,99.168297,5453.0,AS,CN,CN-53,Baoshan (Longyang),medium_airport,False,CN
BSG,Bata Airport,1.90547,9.80568,13.0,AF,GQ,GQ-LI,Bata,medium_airport,False,GQ
BSK,Biskra - Mohamed Khider Airport,34.793301,5.73823,289.0,AF,DZ,DZ-07,Biskra,medium_airport,False,DZ
BSL,EuroAirport Basel-Mulhouse-Freiburg,47.60068,7.521117,885.0,EU,FR,FR-GES,Saint-Louis,large_airport,False,FR
BSO,Basco Airport,20.4513,121.980003,291.0,AS,PH,PH-BTN,Basco,medium_airport,False,PH
BSR,Basra International Airport,30.549101,47.662102,11.0,AS,IQ,IQ-BA,Basra,medium_airport,False,IQ
BTC,Batticaloa Airport,7.70576,81.678802,20.0,AS,LK,LK-5,Batticaloa,medium_airport,False,LK
BTH,Hang Nadim International Airport,1.12103,104.119003,126.0,AS,ID,ID-KR,Batam,medium_airport,False,ID
BTI,Barter Island Long Range Radar Station Airport,70.134003,-143.582001,2.0,,US,US-AK,Barter Island,medium_airport,False,US
BTJ,Sultan Iskandar Muda International Airport,5.522872024010001,95.42063713070002,65.0,AS,ID,ID-AC,Banda Aceh,medium_airport,False,ID
BTK,Bratsk Airport,56.370601654052734,101.697998046875,1610.0,AS,RU,RU-IRK,Bratsk,medium_airport,False,RU
BTM,Bert Mooney Airport,45.95479965209961,-112.49700164794922,5550.0,,US,US-MT,Butte,medium_airport,False,US
BTR,Baton Rouge Metropolitan Airport,30.533199,-91.149597,70.0,,US,US-LA,Baton Rouge,medium_airport,False,US
BTS,M. R. Štefánik Airport,48.1702,17.2127,436.0,EU,SK,SK-BL,Bratislava,large_airport,False,SK
BTU,Bintulu Airport,3.12385010719,113.019996643,74.0,AS,MY,MY-13,Bintulu,medium_airport,False,MY
BTV,Burlington International Airport,44.471901,-73.153297,335.0,,US,US-VT,South Burlington,medium_airport,False,US
BUA,Buka Airport,-5.4223198890686035,154.67300415039062,11.0,OC,PG,PG-NSB,Buka Island,medium_airport,False,PG
BUD,Budapest Liszt Ferenc International Airport,47.43018,19.262393,495.0,EU,HU,HU-BU,Budapest,large_airport,False,HU
BUF,Buffalo Niagara International Airport,42.940498,-78.732201,728.0,,US,US-NY,Buffalo,large_airport,False,US
BUN,Gerardo Tobar López Airport,3.81963,-76.9898,48.0,SA,CO,CO-VAC,Buenaventura,medium_airport,False,CO
BUQ,Joshua Mqabuko Nkomo International Airport,-20.017401,28.617901,4359.0,AF,ZW,ZW-BU,Bulawayo,medium_airport,False,ZW
BUR,Hollywood Burbank Airport,34.197703,-118.356378,778.0,,US,US-CA,Burbank,medium_airport,False,US
BUS,Batumi International Airport,41.610298,41.599701,105.0,AS,GE,GE-AJ,Batumi,medium_airport,False,GE
BUX,Bunia Airport,1.565743,30.220685,4045.0,AF,CD,CD-IT,Bunia,medium_airport,False,CD
BUZ,Bushehr Airport,28.9447994232,50.8345985413,68.0,AS,IR,IR-18,Bushehr,medium_airport,False,IR
BVA,Paris-Beauvais Airport,49.454399,2.11278,359.0,EU,FR,FR-HDF,Tillé,medium_airport,False,FR
BVB,Atlas Brasil Cantanhede Airport,2.845855,-60.690944,276.0,SA,BR,BR-RR,Boa Vista,medium_airport,False,BR
BVC,Rabil Airport,16.136499404907227,-22.888900756835938,69.0,AF,CV,CV-B,Rabil,medium_airport,False,CV
BVE,Brive-Souillac,45.039722,1.485556,1016.0,EU,FR,FR-NAQ,Brive la Gaillarde,medium_airport,False,FR
BVG,Berlevåg Airport,70.871517,29.034097,42.0,EU,NO,NO-56,Berlevåg,medium_airport,False,NO
BVH,Brigadeiro Camarão Airport,-12.6944,-60.098301,2018.0,SA,BR,BR-RO,Vilhena,medium_airport,False,BR
BVI,Birdsville Airport,-25.897499084472656,139.34800720214844,159.0,OC,AU,AU-QLD,,medium_airport,False,AU
BVJ,Bovanenkovo Airport,70.315278,68.333611,24.0,AS,RU,RU-YAN,Bovanenkovo,medium_airport,False,RU
BWA,Gautam Buddha International Airport,27.505328,83.412594,358.0,AS,NP,NP-P5,Siddharthanagar (Bhairahawa),medium_airport,False,NP
BWI,Baltimore/Washington International Thurgood Marshall Airport,39.1754,-76.668297,146.0,,US,US-MD,Baltimore,large_airport,False,US
BWK,Brač Airport,43.284454,16.678362,1776.0,EU,HR,HR-17,Gornji Humac,medium_airport,False,HR
BWN,Brunei International Airport,4.9442,114.928001,73.0,AS,BN,BN-BM,Bandar Seri Begawan,large_airport,False,BN
BWO,Balakovo Airport,51.858299,47.745602,95.0,AS,RU,RU-SAR,Balakovo,medium_airport,False,RU
BWT,Wynyard Airport,-40.997039,145.726,62.0,OC,AU,AU-TAS,Burnie,medium_airport,False,AU
BXH,Balkhash Airport,46.894246,75.004533,1446.0,AS,KZ,KZ-KAR,Balkhash,medium_airport,False,KZ
BXR,Bam Airport,29.0842,58.450001,3231.0,AS,IR,IR-08,Bam,medium_airport,False,IR
BXU,Bancasi Airport,8.9515,125.4788,141.0,AS,PH,PH-BTC,Butuan,medium_airport,False,PH
BYK,Bouaké Airport,7.7388,-5.07367,1230.0,AF,CI,CI-VB,Bouaké,medium_airport,False,CI
BYM,Carlos Manuel de Cespedes Airport,20.3964,-76.621399,203.0,,CU,CU-12,Bayamo,medium_airport,False,CU
BYN,Bayankhongor Airport,46.163299560546875,100.7040023803711,6085.0,AS,MN,MN-069,Bayankhongor,medium_airport,False,MN
BZE,Philip S. W. Goldson International Airport,17.539951,-88.303556,15.0,,BZ,BZ-BZ,Belize City,large_airport,False,BZ
BZG,Bydgoszcz Ignacy Jan Paderewski Airport,53.096802,17.977699,235.0,EU,PL,PL-KP,Bydgoszcz,medium_airport,False,PL
BZI,Balıkesir Airport,39.619301,27.926001,340.0,AS,TR,TR-10,Balıkesir,medium_airport,False,TR
BZK,Bryansk Airport,53.214199,34.176399,663.0,EU,RU,RU-BRY,Bryansk,medium_airport,False,RU
BZL,Barisal Airport,22.801000595092773,90.30120086669922,23.0,AS,BD,BD-1,Barisal,medium_airport,False,BD
BZN,Bozeman Yellowstone International Airport,45.7775,-111.153,4473.0,,US,US-MT,Bozeman,medium_airport,False,US
BZO,Bolzano Airport,46.460201,11.3264,789.0,EU,IT,IT-32,Bolzano (BZ),medium_airport,False,IT
BZR,Béziers-Vias Airport,43.323502,3.3539,56.0,EU,FR,FR-OCC,Béziers/Vias,medium_airport,False,FR
BZV,Maya-Maya Airport,-4.251699924468994,15.253000259399414,1048.0,AF,CG,CG-12,Brazzaville,medium_airport,False,CG
CAB,Cabinda Airport,-5.59699010848999,12.188400268554688,66.0,AF,AO,AO-CAB,Cabinda,medium_airport,False,AO
CAC,Coronel Adalberto Mendes da Silva Airport,-25.000323,-53.501208,2481.0,SA,BR,BR-PR,Cascavel,medium_airport,False,BR
CAE,Columbia Metropolitan Airport,33.938801,-81.119499,236.0,,US,US-SC,Columbia,medium_airport,False,US
CAG,Cagliari Elmas Airport,39.251499,9.05428,13.0,EU,IT,IT-88,Cagliari,large_airport,False,IT
CAH,Cà Mau Airport,9.177667,105.177778,6.0,AS,VN,VN-SW,Ca Mau City,medium_airport,False,VN
CAJ,Canaima Airport,6.231989,-62.85485,1450.0,SA,VE,VE-F,Canaima,medium_airport,False,VE
CAK,Akron Canton Regional Airport,40.91609954833984,-81.44219970703125,1228.0,,US,US-OH,Akron,medium_airport,False,US
CAL,Campbeltown Airport,55.437198638916016,-5.686389923095703,42.0,EU,GB,GB-SCT,Campbeltown,medium_airport,False,GB
CAN,Guangzhou Baiyun International Airport,23.392401,113.299004,50.0,AS,CN,CN-44,Guangzhou (Huadu),large_airport,False,CN
CAP,Cap Haitien International Airport,19.726734,-72.199576,10.0,,HT,HT-ND,Cap Haitien,medium_airport,False,HT
CAT,Cascais Airport,38.724998,-9.35523,325.0,EU,PT,PT-11,Cascais,medium_airport,False,PT
CAW,Bartolomeu Lisandro Airport,-21.698299,-41.301701,59.0,SA,BR,BR-RJ,Campos Dos Goytacazes,medium_airport,False,BR
CAY,Cayenne – Félix Eboué Airport,4.819964,-52.361326,26.0,SA,GF,GF-CY,Matoury,large_airport,False,GF
CAZ,Cobar Airport,-31.538299560546875,145.79400634765625,724.0,OC,AU,AU-NSW,,medium_airport,False,AU
CBB,Jorge Wilsterman International Airport,-17.421100616455078,-66.1771011352539,8360.0,SA,BO,BO-C,Cochabamba,medium_airport,False,BO
CBH,Béchar Boudghene Ben Ali Lotfi Airport,31.64570045471191,-2.269860029220581,2661.0,AF,DZ,DZ-08,Béchar,medium_airport,False,DZ
CBO,Cotabato (Awang) Airport,7.164753,124.209938,189.0,AS,PH,PH-MDN,Datu Odin Sinsuat,medium_airport,False,PH
CBQ,Margaret Ekpo International Airport,4.976019859313965,8.347200393676758,210.0,AF,NG,NG-CR,Calabar,medium_airport,False,NG
CBR,Canberra Airport,-35.3069,149.195007,1886.0,OC,AU,AU-ACT,Canberra,medium_airport,False,AU
CBT,Catumbela Airport,-12.4792,13.4869,23.0,AF,AO,AO-BGU,Catumbela,medium_airport,False,AO
CCC,Jardines Del Rey Airport,22.4610004425,-78.32839965820001,13.0,,CU,CU-08,Cayo Coco,medium_airport,False,CU
CCF,Carcassonne Airport,43.216,2.30632,433.0,EU,FR,FR-OCC,Carcassonne/Salvaza,medium_airport,False,FR
CCJ,Calicut International Airport,11.1368,75.955299,342.0,AS,IN,IN-KL,Calicut,medium_airport,False,IN
CCK,Cocos (Keeling) Islands Airport,-12.19134,96.833696,10.0,AS,CC,CC-U-A,West Island,medium_airport,False,CC
CCM,Forquilhinha - Criciúma  Airport,-28.725743,-49.424475,92.0,SA,BR,BR-SC,Criciúma,medium_airport,False,BR
CCP,Carriel Sur Airport,-36.772701,-73.063103,26.0,SA,CL,CL-BI,Concepcion,medium_airport,False,CL
CCR,Buchanan Field,37.9897,-122.056999,26.0,,US,US-CA,Concord,medium_airport,False,US
CCS,Maiquetía Simón Bolívar International Airport,10.601194,-66.991222,234.0,,VE,VE-X,Maiquetía,large_airport,False,VE
CCU,Netaji Subhash Chandra Bose International Airport,22.654699,88.446701,16.0,AS,IN,IN-WB,Kolkata,large_airport,False,IN
CCZ,Chub Cay Airport,25.417101,-77.880898,5.0,,BS,BS-NS,Chub Cay,medium_airport,False,BS
CDB,Cold Bay Airport,55.207871,-162.725029,96.0,,US,US-AK,Cold Bay,medium_airport,False,US
CDC,Cedar City Regional Airport,37.70100021362305,-113.0989990234375,5622.0,,US,US-UT,Cedar City,medium_airport,False,US
CDE,Chengde Puning Airport,41.1225,118.073889,,AS,CN,CN-13,Chengde,medium_airport,False,CN
CDP,Kadapa Airport,14.513154,78.769183,430.0,AS,IN,IN-AP,Kadapa,medium_airport,False,IN
CDR,Chadron Municipal Airport,42.837601,-103.095001,3297.0,,US,US-NE,Chadron,medium_airport,False,US
CDT,Castellón-Costa Azahar Airport,40.213889,0.073333,1182.0,EU,ES,ES-VC,Castellón de la Plana,medium_airport,False,ES
CDV,Merle K (Mudhole) Smith Airport,60.491798,-145.477997,54.0,,US,US-AK,Cordova,medium_airport,False,US
CEB,Mactan Cebu International Airport,10.309261,123.97974,31.0,AS,PH,PH-CEB,Lapu-Lapu City,large_airport,False,PH
CEC,Jack Mc Namara Field Airport,41.778929,-124.236403,61.0,,US,US-CA,Crescent City,medium_airport,False,US
CED,Ceduna Airport,-32.13059997558594,133.7100067138672,77.0,OC,AU,AU-SA,,medium_airport,False,AU
CEE,Cherepovets Airport,59.273601532,38.0158004761,377.0,EU,RU,RU-VLG,Cherepovets,medium_airport,False,RU
CEI,Mae Fah Luang - Chiang Rai International Airport,19.952299,99.882896,1280.0,AS,TH,TH-57,Chiang Rai,medium_airport,False,TH
CEK,Chelyabinsk Balandino Airport,55.305801,61.5033,769.0,EU,RU,RU-CHE,Chelyabinsk,medium_airport,False,RU
CEN,Ciudad Obregón International Airport,27.39259910583496,-109.83300018310548,243.0,,MX,MX-SON,Ciudad Obregón,medium_airport,False,MX
CEZ,Cortez Municipal Airport,37.303001,-108.627998,5918.0,,US,US-CO,Cortez,medium_airport,False,US
CFE,Clermont-Ferrand Auvergne Airport,45.786701,3.16917,1090.0,EU,FR,FR-ARA,"Aulnat, Puy-de-Dôme",medium_airport,False,FR
CFG,Jaime Gonzalez Airport,22.149999618530273,-80.41419982910156,102.0,,CU,CU-06,Cienfuegos,medium_airport,False,CU
CFK,Chlef Aboubakr Belkaid International Airport,36.217166,1.342237,463.0,AF,DZ,DZ-02,Chlef,medium_airport,False,DZ
CFN,Donegal Airport,55.0442008972168,-8.340999603271484,30.0,EU,IE,IE-DL,Donegal,medium_airport,False,IE
CFR,Caen-Carpiquet Airport,49.17678,-0.454883,256.0,EU,FR,FR-NOR,"Carpiquet, Calvados",medium_airport,False,FR
CFS,Coffs Harbour Airport,-30.320601,153.115997,18.0,OC,AU,AU-NSW,Coffs Harbour,medium_airport,False,AU
CFU,Corfu Ioannis Kapodistrias International Airport,39.601898,19.911699,6.0,EU,GR,GR-F,Kerkyra (Corfu),medium_airport,False,GR
CGB,Marechal Rondon Airport,-15.6529,-56.116699,617.0,SA,BR,BR-MT,Cuiabá,medium_airport,False,BR
CGD,Changde Taohuayuan Airport,28.9189,111.639999,128.0,AS,CN,CN-43,Changde (Dingcheng),medium_airport,False,CN
CGH,Congonhas Airport,-23.627657,-46.654601,2631.0,SA,BR,BR-SP,São Paulo,medium_airport,False,BR
CGI,Cape Girardeau Regional Airport,37.2253,-89.570801,342.0,,US,US-MO,Cape Girardeau,medium_airport,False,US
CGK,Soekarno-Hatta International Airport,-6.1255698204,106.65599823,34.0,AS,ID,ID-BT,Jakarta,large_airport,False,ID
CGM,Camiguin Airport,9.253894,124.709115,53.0,AS,PH,PH-CAM,Mambajao,medium_airport,False,PH
CGN,Cologne Bonn Airport,50.865898,7.14274,302.0,EU,DE,DE-NW,Köln (Cologne),large_airport,False,DE
CGO,Zhengzhou Xinzheng International Airport,34.526497,113.849165,495.0,AS,CN,CN-41,Zhengzhou,large_airport,False,CN
CGP,Shah Amanat International Airport,22.249599,91.813301,12.0,AS,BD,BD-2,Chattogram (Chittagong),medium_airport,False,BD
CGQ,Changchun Longjia International Airport,43.996201,125.684998,706.0,AS,CN,CN-22,Changchun,large_airport,False,CN
CGR,Campo Grande Airport,-20.469998,-54.673988,1833.0,SA,BR,BR-MS,Campo Grande,medium_airport,False,BR
CGY,Laguindingan International Airport,8.612203,124.456496,190.0,AS,PH,PH-MSR,Laguindingan,medium_airport,False,PH
CHA,Chattanooga Metropolitan Airport (Lovell Field),35.035301,-85.203796,683.0,,US,US-TN,Chattanooga,medium_airport,False,US
CHC,Christchurch International Airport,-43.48939895629883,172.53199768066406,123.0,OC,NZ,NZ-CAN,Christchurch,large_airport,False,NZ
CHG,Chaoyang Airport,41.538101,120.434998,568.0,AS,CN,CN-21,"Shuangta, Chaoyang",medium_airport,False,CN
CHH,Chachapoyas Airport,-6.201911,-77.856195,8333.0,SA,PE,PE-AMA,Chachapoyas,medium_airport,False,PE
CHM,FAP Lieutenant Jaime Andres de Montreuil Morales Airport,-9.14961,-78.523804,69.0,SA,PE,PE-ANC,Chimbote,medium_airport,False,PE
CHO,Charlottesville Albemarle Airport,38.13859939575195,-78.4529037475586,639.0,,US,US-VA,Charlottesville,medium_airport,False,US
CHQ,Chania International Airport,35.5317,24.1497,490.0,EU,GR,GR-M,Souda,medium_airport,False,GR
CHS,Charleston International Airport,32.898602,-80.040497,46.0,,US,US-SC,Charleston,medium_airport,False,US
CHT,Chatham Islands / Tuuta Airport,-43.81189,-176.46514,43.0,OC,NZ,NZ-WGN,Te One,medium_airport,False,NZ
CHX,Changuinola Captain Manuel Niño International Airport,9.458962,-82.515062,19.0,,PA,PA-1,Changuinola,medium_airport,False,PA
CIA,Ciampino–G. B. Pastine International Airport,41.7994,12.5949,427.0,EU,IT,IT-62,Rome,medium_airport,False,IT
CID,The Eastern Iowa Airport,41.884701,-91.7108,869.0,,US,US-IA,Cedar Rapids,medium_airport,False,US
CIF,Chifeng Yulong Airport,42.159723,118.840971,2018.0,AS,CN,CN-15,Chifeng,medium_airport,False,CN
CIJ,Capitán Aníbal Arab Airport,-11.040399551400002,-68.7829971313,889.0,SA,BO,BO-N,Cobija,medium_airport,False,BO
CIT,Shymkent Airport,42.364200592041016,69.47889709472656,1385.0,AS,KZ,KZ-YUZ,Shymkent,medium_airport,False,KZ
CIU,Chippewa County International Airport,46.247707,-84.471379,800.0,,US,US-MI,Kincheloe,medium_airport,False,US
CIW,Canouan Airport,12.699,-61.3424,11.0,,VC,VC-06,Canouan,medium_airport,False,VC
CIX,Air Force Captain Jose A Quinones Gonzales International Airport,-6.78748,-79.828102,97.0,SA,PE,PE-LAM,Chiclayo,medium_airport,False,PE
CIY,Comiso Airport,36.99583,14.60889,756.0,EU,IT,IT-82,Comiso,medium_airport,False,IT
CJA,Mayor General FAP Armando Revoredo Iglesias Airport,-7.13918,-78.489403,8781.0,SA,PE,PE-CAJ,Cajamarca,medium_airport,False,PE
CJB,Coimbatore International Airport,11.029999733,77.0434036255,1324.0,AS,IN,IN-TN,Coimbatore,medium_airport,False,IN
CJC,El Loa Airport,-22.498199,-68.903603,7543.0,SA,CL,CL-AN,Calama,medium_airport,False,CL
CJJ,Cheongju International Airport/Cheongju Air Base (K-59/G-513),36.717008,127.498741,191.0,AS,KR,KR-43,Cheongju,medium_airport,False,KR
CJL,Chitral Airport,35.886213,71.799922,4920.0,AS,PK,PK-KP,Chitral,medium_airport,False,PK
CJM,Chumphon Airport,10.7112,99.361702,18.0,AS,TH,TH-86,Chumphon,medium_airport,False,TH
CJS,Abraham González International Airport,31.63610076904297,-106.4290008544922,3904.0,,MX,MX-CHH,Ciudad Juárez,medium_airport,False,MX
CJU,Jeju International Airport,33.512058,126.492548,118.0,AS,KR,KR-49,Jeju City,large_airport,False,KR
CKB,North Central West Virginia Airport,39.2966,-80.228104,1217.0,,US,US-WV,Bridgeport,medium_airport,False,US
CKG,Chongqing Jiangbei International Airport,29.712254,106.651895,1365.0,AS,CN,CN-50,Chongqing,large_airport,False,CN
CKH,Chokurdakh Airport,70.6231,147.901993,151.0,AS,RU,RU-SA,Chokurdah,medium_airport,False,RU
CKS,Carajás Airport,-6.117841,-50.003372,2064.0,SA,BR,BR-PA,Parauapebas,medium_airport,False,BR
CKY,Conakry International Airport,9.57689,-13.612,72.0,AF,GN,GN-C,Conakry,medium_airport,False,GN
CKZ,Çanakkale Airport,40.1376991272,26.4267997742,23.0,AS,TR,TR-17,Çanakkale,medium_airport,False,TR
CLD,McClellan-Palomar Airport,33.1283,-117.279999,331.0,,US,US-CA,Carlsbad,medium_airport,False,US
CLE,Cleveland Hopkins International Airport,41.411701,-81.8498,791.0,,US,US-OH,Cleveland,large_airport,False,US
CLJ,Cluj Avram Iancu International Airport,46.787425,23.684292,1039.0,EU,RO,RO-CJ,Cluj-Napoca,medium_airport,False,RO
CLL,Easterwood Field,30.5886,-96.3638,320.0,,US,US-TX,College Station,medium_airport,False,US
CLO,Alfonso Bonilla Aragon International Airport,3.54322,-76.3816,3162.0,SA,CO,CO-VAC,Cali,medium_airport,False,CO
CLQ,Licenciado Miguel de la Madrid International Airport,19.277,-103.577002,2467.0,,MX,MX-COL,Colima,medium_airport,False,MX
CLT,Charlotte Douglas International Airport,35.2140007019043,-80.94309997558594,748.0,,US,US-NC,Charlotte,large_airport,False,US
CLY,Calvi-Sainte-Catherine Airport,42.524444,8.793056,209.0,EU,FR,FR-COR,Calvi/Sainte-Catherine,medium_airport,False,FR
CMA,Cunnamulla Airport,-28.030000686645508,145.6219940185547,630.0,OC,AU,AU-QLD,,medium_airport,False,AU
CMB,Bandaranaike International Colombo Airport,7.180759906768799,79.88410186767578,30.0,AS,LK,LK-1,Colombo,large_airport,False,LK
CME,Ciudad del Carmen International Airport,18.65369987487793,-91.79900360107422,10.0,,MX,MX-CAM,Ciudad del Carmen,medium_airport,False,MX
CMF,Chambéry Savoie Mont Blanc Airport,45.6381,5.88023,779.0,EU,FR,FR-ARA,Viviers-du-Lac,medium_airport,False,FR
CMG,Corumbá International Airport,-19.01193,-57.672772,463.0,SA,BR,BR-MS,Corumbá,medium_airport,False,BR
CMH,John Glenn Columbus International Airport,39.998001,-82.891899,815.0,,US,US-OH,Columbus,large_airport,False,US
CMI,University of Illinois Willard Airport,40.039819,-88.276249,755.0,,US,US-IL,Savoy,medium_airport,False,US
CMN,Mohammed V International Airport,33.3675,-7.58997,656.0,AF,MA,MA-06,Casablanca,large_airport,False,MA
CMU,Chimbu Airport,-6.024290084838867,144.9709930419922,4974.0,OC,PG,PG-CPK,Kundiawa,medium_airport,False,PG
CMW,Ignacio Agramonte International Airport,21.420299530029297,-77.84750366210938,413.0,,CU,CU-09,Camaguey,medium_airport,False,CU
CMX,Houghton County Memorial Airport,47.168399810791016,-88.48909759521484,1095.0,,US,US-MI,Hancock,medium_airport,False,US
CNB,Coonamble Airport,-30.980946,148.377833,604.0,OC,AU,AU-NSW,,medium_airport,False,AU
CND,Mihail Kogălniceanu International Airport,44.362202,28.4883,353.0,EU,RO,RO-CT,Mihail Kogălniceanu,medium_airport,False,RO
CNF,Tancredo Neves International Airport,-19.63571,-43.966928,2721.0,SA,BR,BR-MG,Belo Horizonte,large_airport,False,BR
CNI,Changhai Airport,39.266667,122.666944,80.0,AS,CN,CN-21,Dalian (Changhai),medium_airport,False,CN
CNJ,Cloncurry Airport,-20.6686000824,140.503997803,616.0,OC,AU,AU-QLD,Cloncurry,medium_airport,False,AU
CNM,Cavern City Air Terminal,32.337501525878906,-104.26300048828124,3295.0,,US,US-NM,Carlsbad,medium_airport,False,US
CNN,Kannur International Airport,11.918614,75.547211,330.0,AS,IN,IN-KL,Kannur,medium_airport,False,IN
CNQ,Corrientes Airport,-27.4455,-58.7619,202.0,SA,AR,AR-W,Corrientes,medium_airport,False,AR
CNS,Cairns International Airport,-16.885799408,145.755004883,10.0,OC,AU,AU-QLD,Cairns,medium_airport,False,AU
CNX,Chiang Mai International Airport,18.766799926799997,98.962600708,1036.0,AS,TH,TH-50,Chiang Mai,large_airport,False,TH
CNY,Canyonlands Regional Airport,38.755001,-109.754997,4557.0,,US,US-UT,Moab,medium_airport,False,US
COD,Yellowstone Regional Airport,44.520199,-109.024002,5102.0,,US,US-WY,Cody,medium_airport,False,US
COK,Cochin International Airport,10.151047,76.400838,30.0,AS,IN,IN-KL,Kochi,large_airport,False,IN
COO,Cadjehoun Airport,6.357230186462402,2.384350061416626,19.0,AF,BJ,BJ-AQ,Cotonou,medium_airport,False,BJ
COR,Ingeniero Ambrosio Taravella Airport,-31.323601,-64.208,1604.0,SA,AR,AR-X,Cordoba,medium_airport,False,AR
COS,City of Colorado Springs Municipal Airport,38.805801,-104.700996,6187.0,,US,US-CO,Colorado Springs,medium_airport,False,US
COU,Columbia Regional Airport,38.8181,-92.219597,889.0,,US,US-MO,Columbia,medium_airport,False,US
COV,Çukurova International Airport,36.890908,35.070522,35.0,AS,TR,TR-33,Tarsus,large_airport,False,TR
CPC,Aviador C. Campos Airport,-40.075401,-71.137299,2569.0,SA,AR,AR-Q,Chapelco/San Martin de los Andes,medium_airport,False,AR
CPD,Coober Pedy Airport,-29.038312,134.722166,740.0,OC,AU,AU-SA,Coober Pedy,medium_airport,False,AU
CPE,Ingeniero Alberto Acuña Ongay International Airport,19.816799163800003,-90.5002975464,34.0,,MX,MX-CAM,Campeche,medium_airport,False,MX
CPH,Copenhagen Kastrup Airport,55.617900848389,12.656000137329,17.0,EU,DK,DK-84,Copenhagen,large_airport,False,DK
CPO,Desierto de Atacama Airport,-27.2611999512,-70.7791976929,670.0,SA,CL,CL-AT,Copiapo,medium_airport,False,CL
CPR,Casper-Natrona County International Airport,42.908001,-106.463997,5350.0,,US,US-WY,Casper,medium_airport,False,US
CPT,Cape Town International Airport,-33.9648017883,18.6016998291,151.0,AF,ZA,ZA-WC,Cape Town,large_airport,False,ZA
CPV,Presidente João Suassuna Airport,-7.269662,-35.896057,1646.0,SA,BR,BR-PB,Campina Grande,medium_airport,False,BR
CPX,Benjamin Rivera Noriega Airport,18.312954,-65.303893,49.0,,PR,PR-U-A,Culebra,medium_airport,False,PR
CQW,Chongqing Xiannüshan Airport,29.465658,107.693664,1747.0,AS,CN,CN-50,Wulong,medium_airport,False,CN
CRA,Craiova International Airport,44.3181,23.888599,626.0,EU,RO,RO-DJ,Craiova,medium_airport,False,RO
CRD,General E. Mosconi Airport,-45.7853,-67.4655,189.0,SA,AR,AR-U,Comodoro Rivadavia,medium_airport,False,AR
CRI,Colonel Hill Airport,22.7456,-74.182404,5.0,,BS,BS-CK,Colonel Hill,medium_airport,False,BS
CRK,Clark International Airport / Clark Air Base,15.186,120.559998,484.0,AS,PH,PH-PAM,Mabalacat,medium_airport,False,PH
CRL,Brussels South Charleroi Airport,50.460982,4.457158,614.0,EU,BE,BE-WHT,Charleroi,medium_airport,False,BE
CRM,Catarman National Airport,12.50161,124.635258,6.0,AS,PH,PH-NSA,Catarman,medium_airport,False,PH
CRP,Corpus Christi International Airport,27.770399,-97.501198,44.0,,US,US-TX,Corpus Christi,medium_airport,False,US
CRV,Crotone Sant'Anna Pythagoras Airport,38.9972,17.0802,522.0,EU,IT,IT-78,Isola di Capo Rizzuto (KR),medium_airport,False,IT
CRW,Yeager Airport,38.3731,-81.593201,981.0,,US,US-WV,Charleston,medium_airport,False,US
CRZ,Türkmenabat International Airport,38.930662,63.563982,649.0,AS,TM,TM-L,Türkmenabat,medium_airport,False,TM
CSG,Columbus Metropolitan Airport,32.516300201416016,-84.93890380859375,397.0,,US,US-GA,Columbus,medium_airport,False,US
CSK,Cap Skirring Airport,12.39533,-16.748,52.0,AF,SN,SN-ZG,Cap Skirring,medium_airport,False,SN
CSX,Changsha Huanghua International Airport,28.189199,113.220001,217.0,AS,CN,CN-43,Changsha (Changsha),large_airport,False,CN
CSY,Cheboksary Airport,56.090302,47.347301,558.0,AS,RU,RU-CU,Cheboksary,medium_airport,False,RU
CTA,Catania-Fontanarossa Airport,37.466801,15.0664,39.0,EU,IT,IT-82,Catania,large_airport,False,IT
CTC,Coronel Felipe Varela International Airport,-28.593117,-65.7512,1522.0,SA,AR,AR-K,Catamarca,medium_airport,False,AR
CTD,Alonso Valderrama Airport,7.98784,-80.409837,33.0,,PA,PA-6,Chitré,medium_airport,False,PA
CTG,Rafael Nuñez International Airport,10.4424,-75.513,4.0,SA,CO,CO-BOL,Cartagena,medium_airport,False,CO
CTL,Charleville Airport,-26.4132995605,146.261993408,1003.0,OC,AU,AU-QLD,Charleville,medium_airport,False,AU
CTM,Chetumal International Airport,18.504985,-88.328018,39.0,,MX,MX-ROO,Chetumal,medium_airport,False,MX
CTN,Cooktown Airport,-15.443649,145.183221,26.0,OC,AU,AU-QLD,,medium_airport,False,AU
CTS,New Chitose Airport,42.7752,141.692001,82.0,AS,JP,JP-01,Sapporo,large_airport,False,JP
CTU,Chengdu Shuangliu International Airport,30.558257,103.945966,1625.0,AS,CN,CN-51,Chengdu (Shuangliu),large_airport,False,CN
CUC,Camilo Daza International Airport,7.92757,-72.5115,1096.0,SA,CO,CO-NSA,Cúcuta,medium_airport,False,CO
CUE,Mariscal Lamar Airport,-2.88947,-78.984398,8306.0,SA,EC,EC-A,Cuenca,medium_airport,False,EC
CUF,Cuneo International Airport,44.547001,7.62322,1267.0,EU,IT,IT-21,Levaldigi (CN),medium_airport,False,IT
CUK,Caye Caulker Airport,17.735015,-88.032862,2.0,,BZ,BZ-BZ,Caye Caulker,medium_airport,False,BZ
CUL,Bachigualato Federal International Airport,24.76504,-107.475228,108.0,,MX,MX-SIN,Culiacán,medium_airport,False,MX
CUM,Cumaná (Antonio José de Sucre) Airport,10.450333,-64.13047,14.0,SA,VE,VE-R,,medium_airport,False,VE
CUN,Cancún International Airport,21.039444,-86.874304,22.0,,MX,MX-ROO,Cancún,large_airport,False,MX
CUP,General Francisco Bermúdez Airport,10.660014,-63.261681,33.0,SA,VE,VE-R,Carúpano,medium_airport,False,VE
CUQ,Coen Airport,-13.761133,143.113311,532.0,OC,AU,AU-QLD,Coen,medium_airport,False,AU
CUR,Hato International Airport,12.1889,-68.959801,29.0,,CW,CW-U-A,Willemstad,large_airport,False,CW
CUU,General Roberto Fierro Villalobos International Airport,28.7029,-105.964996,4462.0,,MX,MX-CHH,Chihuahua,medium_airport,False,MX
CUZ,Alejandro Velasco Astete International Airport,-13.535699844400002,-71.9387969971,10860.0,SA,PE,PE-CUS,Cusco,large_airport,False,PE
CVG,Cincinnati Northern Kentucky International Airport,39.048801,-84.667801,896.0,,US,US-KY,Cincinnati / Covington,large_airport,False,US
CVM,General Pedro Jose Mendez International Airport,23.7033004761,-98.9564971924,761.0,,MX,MX-TAM,Ciudad Victoria,medium_airport,False,MX
CVN,Clovis Municipal Airport,34.426594,-103.078794,4216.0,,US,US-NM,Clovis,medium_airport,False,US
CVQ,Carnarvon Airport,-24.880091,113.670752,13.0,OC,AU,AU-WA,Carnarvon,medium_airport,False,AU
CWA,Central Wisconsin Airport,44.777448,-89.670238,1277.0,,US,US-WI,Mosinee,medium_airport,False,US
CWB,Afonso Pena Airport,-25.5285,-49.1758,2988.0,SA,BR,BR-PR,Curitiba,medium_airport,False,BR
CWC,Chernivtsi International Airport,48.259300231933594,25.98080062866211,826.0,EU,UA,UA-77,Chernivtsi,medium_airport,False,UA
CWJ,Cangyuan Washan Airport,23.276331,99.373169,,AS,CN,CN-53,Lincang (Cangyuan),medium_airport,False,CN
CWL,Cardiff International Airport,51.396702,-3.34333,220.0,EU,GB,GB-WLS,"Rhoose, Vale of Glamorgan",medium_airport,False,GB
CXB,Cox's Bazar Airport,21.45219993591309,91.96389770507812,12.0,AS,BD,BD-2,Cox's Bazar,medium_airport,False,BD
CXI,Cassidy International Airport,1.986278,-157.350011,5.0,OC,KI,KI-L,Kiritimati,medium_airport,False,KI
CXJ,Hugo Cantergiani Regional Airport,-29.197183,-51.187647,2472.0,SA,BR,BR-RS,Caxias Do Sul,medium_airport,False,BR
CXP,Tunggul Wulung Airport,-7.64506,109.033997,69.0,AS,ID,ID-JT,Cilacap,medium_airport,False,ID
CXR,Cam Ranh International Airport / Cam Ranh Air Base,11.9982,109.219002,40.0,AS,VN,VN-SCC,Cam Ranh,medium_airport,False,VN
CYA,Antoine-Simon International Airport,18.271099,-73.7883,203.0,,HT,HT-SD,Les Cayes,medium_airport,False,HT
CYB,Charles Kirkconnell International Airport,19.687,-79.882797,8.0,,KY,KY-CB,West End,medium_airport,False,KY
CYC,Caye Chapel Airport,17.683792,-88.044985,3.0,,BZ,BZ-BZ,Caye Chapel,medium_airport,False,BZ
CYI,Chiayi Airport,23.462577,120.390544,85.0,AS,TW,TW-CYQ,Shuishang,medium_airport,False,TW
CYO,Vilo Acuña International Airport,21.6165008545,-81.5459976196,10.0,,CU,CU-99,Cayo Largo del Sur,medium_airport,False,CU
CYP,Calbayog Airport,12.072574,124.54508,12.0,AS,PH,PH-WSA,Calbayog City,medium_airport,False,PH
CYS,Cheyenne Regional Jerry Olson Field,41.155701,-104.811997,6159.0,,US,US-WY,Cheyenne,medium_airport,False,US
CYX,Cherskiy Airport,68.7406005859375,161.33799743652344,20.0,AS,RU,RU-SA,Cherskiy,medium_airport,False,RU
CYZ,Cauayan Airport,16.9298992157,121.752998352,200.0,AS,PH,PH-ISA,Cauayan City,medium_airport,False,PH
CZE,José Leonardo Chirinos Airport,11.414944,-69.680901,52.0,SA,VE,VE-I,Coro,medium_airport,False,VE
CZH,Corozal Airport,18.3822,-88.411903,40.0,,BZ,BZ-CZL,Corozal,medium_airport,False,BZ
CZL,Mohamed Boudiaf International Airport,36.2760009765625,6.620389938354492,2265.0,AF,DZ,DZ-25,Constantine,medium_airport,False,DZ
CZM,Cozumel International Airport,20.514922,-86.928538,15.0,,MX,MX-ROO,Cozumel,large_airport,False,MX
CZS,Cruzeiro do Sul Airport,-7.59991,-72.769501,637.0,SA,BR,BR-AC,Cruzeiro Do Sul,medium_airport,False,BR
CZU,Las Brujas Airport,9.33274,-75.2856,528.0,SA,CO,CO-SUC,Corozal,medium_airport,False,CO
CZX,Changzhou Benniu International Airport,31.920485,119.77546,33.0,AS,CN,CN-32,Changzhou,medium_airport,False,CN
DAB,Daytona Beach International Airport,29.179899,-81.058098,34.0,,US,US-FL,Daytona Beach,medium_airport,False,US
DAC,Hazrat Shahjalal International Airport,23.843347,90.397783,30.0,AS,BD,BD-3,Dhaka,large_airport,False,BD
DAD,Da Nang International Airport,16.0439,108.198997,33.0,AS,VN,VN-SCC,Da Nang,medium_airport,False,VN
DAL,Dallas Love Field,32.847099,-96.851799,487.0,,US,US-TX,Dallas,medium_airport,False,US
DAM,Damascus International Airport,33.4114990234375,36.51559829711914,2020.0,AS,SY,SY-DI,Damascus,large_airport,False,SY
DAR,Julius Nyerere International Airport,-6.87811,39.202599,182.0,AF,TZ,TZ-02,Dar es Salaam,large_airport,False,TZ
DAU,Daru Airport,-9.08676,143.207993,20.0,OC,PG,PG-WPD,Daru,medium_airport,False,PG
DAV,Enrique Malek International Airport,8.391,-82.434998,89.0,,PA,PA-4,David,medium_airport,False,PA
DAY,James M Cox Dayton International Airport,39.902401,-84.219398,1009.0,,US,US-OH,Dayton,medium_airport,False,US
DBB,El Alamein International Airport,30.924324,28.46161,154.0,AF,EG,EG-MT,El Alamein,medium_airport,False,EG
DBC,Baicheng Chang'an Airport,45.505278,123.019722,480.0,AS,CN,CN-22,Baicheng,medium_airport,False,CN
DBO,Dubbo City Regional Airport,-32.2167015076,148.574996948,935.0,OC,AU,AU-NSW,Dubbo,medium_airport,False,AU
DBQ,Dubuque Regional Airport,42.402,-90.709503,1077.0,,US,US-IA,Dubuque,medium_airport,False,US
DBR,Darbhanga Airport,26.192801,85.916901,156.0,AS,IN,IN-BR,Darbhanga,medium_airport,False,IN
DBV,Dubrovnik Ruđer Bošković Airport,42.562247,18.265543,527.0,EU,HR,HR-19,Čilipi,medium_airport,False,HR
DCA,Ronald Reagan Washington National Airport,38.8521,-77.037697,15.0,,US,US-DC,Washington,large_airport,False,US
DCF,Canefield Airport,15.336693,-61.392108,13.0,,DM,DM-10,Canefield,medium_airport,False,DM
DCM,Castres-Mazamet Airport,43.556301,2.28918,788.0,EU,FR,FR-OCC,Castres/Mazamet,medium_airport,False,FR
DCY,Daocheng Yading Airport,29.31632,100.060317,14472.0,AS,CN,CN-51,Garzê (Daocheng),medium_airport,False,CN
DDC,Dodge City Regional Airport,37.76340103149414,-99.9655990600586,2594.0,,US,US-KS,Dodge City,medium_airport,False,US
DDG,Dandong Langtou Airport,40.025453,124.28669,30.0,AS,CN,CN-21,Dandong (Zhenxing),medium_airport,False,CN
DDR,Rikaze Dingri Airport,28.604567,86.798,14108.0,AS,CN,CN-54,Xigazê (Dingri),medium_airport,False,CN
DEA,Dera Ghazi Khan Airport,29.961000442504883,70.48590087890625,492.0,AS,PK,PK-PB,Dera Ghazi Khan,medium_airport,False,PK
DEB,Debrecen International Airport,47.488899,21.615299,359.0,EU,HU,HU-HB,Debrecen,medium_airport,False,HU
DEC,Decatur Airport,39.834598541259766,-88.8656997680664,682.0,,US,US-IL,Decatur,medium_airport,False,US
DED,Dehradun Jolly Grant Airport,30.189243,78.176651,1831.0,AS,IN,IN-UT,Dehradun (Jauligrant),medium_airport,False,IN
DEF,Dezful Airport,32.434399,48.397598,474.0,AS,IR,IR-06,Dezful,medium_airport,False,IR
DEL,Indira Gandhi International Airport,28.55563,77.09519,777.0,AS,IN,IN-DL,New Delhi,large_airport,False,IN
DEN,Denver International Airport,39.861698150635,-104.672996521,5431.0,,US,US-CO,Denver,large_airport,False,US
DGA,Dangriga Airport,16.98251,-88.230988,508.0,,BZ,BZ-SC,Dangriga,medium_airport,False,BZ
DGO,General Guadalupe Victoria International Airport,24.125468,-104.527938,6104.0,,MX,MX-DUR,Durango,large_airport,False,MX
DGT,Sibulan Airport,9.334183,123.30191,15.0,AS,PH,PH-NER,Dumaguete City,medium_airport,False,PH
DHM,Kangra Airport,32.164902,76.263018,2525.0,AS,IN,IN-HP,Kangra,medium_airport,False,IN
DHN,Dothan Regional Airport,31.321300506591797,-85.44960021972656,401.0,,US,US-AL,Dothan,medium_airport,False,US
DIB,Dibrugarh Airport,27.4839000702,95.0168991089,362.0,AS,IN,IN-AS,Dibrugarh,medium_airport,False,IN
DIE,Arrachart Airport,-12.3494,49.291698,374.0,AF,MG,MG-D,Antisiranana,medium_airport,False,MG
DIG,Diqing Shangri-La Airport,27.7936,99.6772,10761.0,AS,CN,CN-53,Diqing (Shangri-La),medium_airport,False,CN
DIJ,Dijon-Bourgogne Airport,47.268902,5.09,726.0,EU,FR,FR-BFC,"Ouges, Côte-d'Or",medium_airport,False,FR
DIK,Dickinson Theodore Roosevelt Regional Airport,46.797533,-102.801905,2592.0,,US,US-ND,Dickinson,medium_airport,False,US
DIL,Presidente Nicolau Lobato International Airport,-8.546562,125.524507,154.0,AS,TL,TL-DI,Dili,medium_airport,False,TL
DIN,Dien Bien Phu Airport,21.3974990845,103.008003235,1611.0,AS,VN,VN-NW,Dien Bien Phu,medium_airport,False,VN
DIR,Aba Tenna Dejazmach Yilma International Airport,9.624699592590332,41.85419845581055,3827.0,AF,ET,ET-DD,Dire Dawa,medium_airport,False,ET
DIY,Diyarbakır Airport,37.893902,40.201,2251.0,AS,TR,TR-21,Diyarbakır,medium_airport,False,TR
DJE,Djerba Zarzis International Airport,33.875,10.7755,19.0,AF,TN,TN-82,Mellita,medium_airport,False,TN
DJG,Djanet Inedbirene Airport,24.292801,9.45244,3176.0,AF,DZ,DZ-56,Djanet,medium_airport,False,DZ
DJJ,Dortheys Hiyo Eluay International Airport,-2.579627,140.519857,289.0,AS,ID,ID-PA,Sentani,large_airport,False,ID
DLA,Douala International Airport,4.0060801506,9.71947956085,33.0,AF,CM,CM-LT,Douala,medium_airport,False,CM
DLC,Dalian Zhoushuizi International Airport,38.965719,121.538477,107.0,AS,CN,CN-21,Dalian (Ganjingzi),large_airport,False,CN
DLE,Dole-Jura Airport,47.038955,5.427589,645.0,EU,FR,FR-BFC,"Tavaux, Jura",medium_airport,False,FR
DLG,Dillingham Airport,59.04470062,-158.5050049,81.0,,US,US-AK,Dillingham,medium_airport,False,US
DLH,Duluth International Airport,46.842098,-92.193604,1428.0,,US,US-MN,Duluth,medium_airport,False,US
DLI,Lien Khuong Airport,11.750556,108.366997,3156.0,AS,VN,VN-CH,Da Lat,medium_airport,False,VN
DLM,Dalaman International Airport,36.7131004333,28.7924995422,20.0,AS,TR,TR-48,Dalaman,large_airport,False,TR
DLU,Dali Fengyi Airport,25.649401,100.319,7050.0,AS,CN,CN-53,Dali (Xiaguan),medium_airport,False,CN
DLZ,Dalanzadgad Airport,43.608628,104.367734,4787.0,AS,MN,MN-053,Dalanzadgad,medium_airport,False,MN
DMB,Taraz Airport,42.85359954833984,71.30359649658203,2184.0,AS,KZ,KZ-ZHA,Taraz,medium_airport,False,KZ
DME,Domodedovo International Airport,55.408798,37.9063,588.0,EU,RU,RU-MOS,Moscow,large_airport,False,RU
DMK,Don Mueang International Airport,13.9125995636,100.607002258,9.0,AS,TH,TH-10,Bangkok,large_airport,False,TH
DMM,King Fahd International Airport,26.471201,49.797901,72.0,AS,SA,SA-04,Ad Dammam,large_airport,False,SA
DMU,Dimapur Airport,25.8838996887,93.7711029053,487.0,AS,IN,IN-NL,Dimapur,medium_airport,False,IN
DND,Dundee Airport,56.45249938964844,-3.025830030441284,17.0,EU,GB,GB-SCT,Dundee,medium_airport,False,GB
DNH,Dunhuang Mogao International Airport,40.161098,94.809196,,AS,CN,CN-62,Dunhuang,medium_airport,False,CN
DNK,Dnipro International Airport,48.357201,35.100601,481.0,EU,UA,UA-12,Dnipro,medium_airport,False,UA
DNR,Dinard-Pleurtuit-Saint-Malo Airport,48.5877,-2.07996,219.0,EU,FR,FR-BRE,"Pleurtuit, Ille-et-Vilaine",medium_airport,False,FR
DNZ,Çardak Airport,37.7855987549,29.7012996674,2795.0,AS,TR,TR-20,Denizli,medium_airport,False,TR
DOD,Dodoma Airport,-6.17044,35.752602,3673.0,AF,TZ,TZ-03,Dodoma,medium_airport,False,TZ
DOG,Dongola Airport,19.153900146499996,30.4300994873,772.0,AF,SD,SD-01,Dongola,medium_airport,False,SD
DOL,Deauville-Normandie Airport,49.365237,0.154481,479.0,EU,FR,FR-NOR,"Deauville, Calvados",medium_airport,False,FR
DOM,Douglas-Charles Airport,15.547,-61.299999,73.0,,DM,DM-02,Marigot,medium_airport,False,DM
DOY,Dongying Shengli Airport,37.50137,118.789863,15.0,AS,CN,CN-37,Dongying (Kenli),medium_airport,False,CN
DPL,Dipolog Airport,8.601983,123.341875,12.0,AS,PH,PH-ZAN,Dipolog,medium_airport,False,PH
DPO,Devonport Airport,-41.1697006226,146.429992676,33.0,OC,AU,AU-TAS,Devonport,medium_airport,False,AU
DPS,Denpasar I Gusti Ngurah Rai International Airport,-8.748409,115.167123,14.0,AS,ID,ID-BA,"Kuta, Badung",large_airport,False,ID
DQM,Duqm International Airport,19.501944,57.634167,364.0,AS,OM,OM-WU,Duqm,large_airport,False,OM
DRG,Deering Airport,66.068901,-162.766914,21.0,,US,US-AK,Deering,medium_airport,False,US
DRO,Durango La Plata County Airport,37.151501,-107.753998,6685.0,,US,US-CO,Durango,medium_airport,False,US
DRP,Bicol International Airport,13.111915,123.676829,319.0,AS,PH,PH-ALB,Legazpi,medium_airport,False,PH
DRS,Dresden Airport,51.134123,13.767831,755.0,EU,DE,DE-SN,Dresden,medium_airport,False,DE
DRW,Darwin International Airport / RAAF Darwin,-12.41497,130.88185,103.0,OC,AU,AU-NT,Darwin,large_airport,False,AU
DSI,Destin Executive Airport,30.400101,-86.471497,23.0,,US,US-FL,Destin,medium_airport,False,US
DSM,Des Moines International Airport,41.534,-93.663101,958.0,,US,US-IA,Des Moines,medium_airport,False,US
DSN,Ordos Ejin Horo Airport,39.493514,109.8599,4557.0,AS,CN,CN-15,Ordos,medium_airport,False,CN
DSO,Sondok Airport,39.745201,127.473999,12.0,AS,KP,KP-08,Sŏndŏng-ni,medium_airport,False,KP
DSS,Blaise Diagne International Airport,14.670878,-17.072829,290.0,AF,SN,SN-DK,Dakar,large_airport,False,SN
DTM,Dortmund Airport,51.518299,7.61224,425.0,EU,DE,DE-NW,Dortmund,medium_airport,False,DE
DTU,Wudalianchi Dedu Airport,48.441037,126.128374,984.0,AS,CN,CN-23,Heihe,medium_airport,False,CN
DTW,Detroit Metropolitan Wayne County Airport,42.21377,-83.353786,645.0,,US,US-MI,Detroit,large_airport,False,US
DUB,Dublin Airport,53.428713,-6.262121,242.0,EU,IE,IE-D,Dublin,large_airport,False,IE
DUD,Dunedin International Airport,-45.928101,170.197998,4.0,OC,NZ,NZ-OTA,Dunedin,medium_airport,False,NZ
DUE,Dundo Airport,-7.400889873504639,20.818500518798828,2451.0,AF,AO,AO-LNO,Chitato,medium_airport,False,AO
DUJ,DuBois Regional Airport,41.17829895,-78.8986969,1817.0,,US,US-PA,Dubois,medium_airport,False,US
DUM,Pinang Kampai Airport,1.609114,101.433492,55.0,AS,ID,ID-RI,Dumai,medium_airport,False,ID
DUR,King Shaka International Airport,-29.6144444444,31.1197222222,295.0,AF,ZA,ZA-NL,Durban,large_airport,False,ZA
DUS,Düsseldorf Airport,51.289501,6.76678,147.0,EU,DE,DE-NW,Düsseldorf,large_airport,False,DE
DUT,Tom Madsen (Dutch Harbor) Airport,53.89881,-166.544996,22.0,,US,US-AK,Unalaska,medium_airport,False,US
DVL,Devils Lake Regional Airport,48.115454,-98.908796,1456.0,,US,US-ND,Devils Lake,medium_airport,False,US
DVO,Francisco Bangoy International Airport,7.12552,125.646004,96.0,AS,PH,PH-DVO,Davao,large_airport,False,PH
DWC,Al Maktoum International Airport,24.896356,55.161389,114.0,AS,AE,AE-DU,Jebel Ali,large_airport,False,AE
DWD,King Salman Abdulaziz Airport,24.4499,44.121201,3026.0,AS,SA,SA-01,Dawadmi,medium_airport,False,SA
DYR,Ugolny Yuri Ryktheu Airport,64.734902,177.740997,194.0,AS,RU,RU-CHU,Anadyr,medium_airport,False,RU
DYU,Dushanbe International Airport,38.543746,68.822977,2575.0,AS,TJ,TJ-DU,Dushanbe,medium_airport,False,TJ
DZA,Dzaoudzi Pamandzi International Airport,-12.809319,45.281815,23.0,AF,YT,YT-U-A,Dzaoudzi,medium_airport,False,YT
DZH,Dazhou Jinya Airport,31.048815,107.435646,1342.0,AS,CN,CN-51,Dazhou (Dachuan),medium_airport,False,CN
DZN,Zhezkazgan National Airport,47.708953,67.738094,1250.0,AS,KZ,KZ-ULY,Zhezkazgan,medium_airport,False,KZ
EAM,Najran Domestic Airport,17.611401,44.419201,3982.0,AS,SA,SA-10,Najran,medium_airport,False,SA
EAR,Kearney Regional Airport,40.727001,-99.006798,2131.0,,US,US-NE,Kearney,medium_airport,False,US
EAS,San Sebastián Airport,43.356499,-1.79061,16.0,EU,ES,ES-PV,Hondarribia,medium_airport,False,ES
EAT,Pangborn Memorial Airport,47.398899,-120.207001,1249.0,,US,US-WA,Wenatchee,medium_airport,False,US
EAU,Chippewa Valley Regional Airport,44.86579895019531,-91.48429870605467,913.0,,US,US-WI,Eau Claire,medium_airport,False,US
EBA,Marina di Campo Airport,42.760871,10.239811,31.0,EU,IT,IT-52,Campo nell'Elba (LI),medium_airport,False,IT
EBB,Entebbe International Airport,0.042386,32.443501,3782.0,AF,UG,UG-C,Kampala,large_airport,False,UG
EBD,El-Obeid Airport,13.1532,30.2327,1927.0,AF,SD,SD-09,El-Obeid,medium_airport,False,SD
EBJ,Esbjerg Airport,55.525902,8.5534,97.0,EU,DK,DK-83,Esbjerg,medium_airport,False,DK
EBL,Erbil International Airport,36.23759841918945,43.96319961547851,1341.0,AS,IQ,IQ-AR,Arbil,medium_airport,False,IQ
ECN,Nicosia (Lefkoşa) Ercan International Airport,35.152337,33.506584,404.0,AS,CY,CY-02,Tymbou (Kirklar),medium_airport,False,CY
ECP,Northwest Florida Beaches International Airport,30.357106,-85.795414,69.0,,US,US-FL,Panama City Beach,medium_airport,False,US
EDI,Edinburgh Airport,55.950145,-3.372288,135.0,EU,GB,GB-SCT,Edinburgh,large_airport,False,GB
EDL,Eldoret International Airport,0.4044579863548279,35.23889923095703,6941.0,AF,KE,KE-700,Eldoret,medium_airport,False,KE
EDO,Balıkesir Koca Seyit Airport,39.5546,27.0138,50.0,AS,TR,TR-10,Edremit,medium_airport,False,TR
EFL,Kefallinia Airport,38.12009811401367,20.500499725341797,59.0,EU,GR,GR-F,Kefallinia Island,medium_airport,False,GR
EGC,Bergerac Dordogne Périgord Airport,44.825298,0.518611,171.0,EU,FR,FR-NAQ,Bergerac/Roumanière,medium_airport,False,FR
EGE,Eagle County Regional Airport,39.64260101,-106.9179993,6548.0,,US,US-CO,Eagle,medium_airport,False,US
EGO,Belgorod International Airport,50.643798828125,36.5900993347168,735.0,EU,RU,RU-BEL,Belgorod,medium_airport,False,RU
EGS,Egilsstaðir Airport,65.2833023071289,-14.401399612426758,76.0,EU,IS,IS-7,Egilsstaðir,medium_airport,False,IS
EGX,Egegik Airport,58.184386,-157.374873,92.0,,US,US-AK,Egegik,medium_airport,False,US
EHU,Ezhou Huahu Airport,30.341178,115.03926,86.0,AS,CN,CN-42,Ezhou,large_airport,False,CN
EIE,Yeniseysk Airport,58.474201,92.112503,253.0,AS,RU,RU-KYA,Yeniseysk,medium_airport,False,RU
EIK,Yeysk Airport,46.68,38.21,60.0,EU,RU,RU-KDA,Yeysk,medium_airport,False,RU
EIN,Eindhoven Airport,51.4500999451,5.37452983856,74.0,EU,NL,NL-NB,Eindhoven,large_airport,False,NL
EIS,Terrance B. Lettsome International Airport,18.445492,-64.541707,15.0,,VG,VG-U-A,Beef Island,medium_airport,False,VG
EJA,Yariguíes Airport,7.02433,-73.8068,412.0,SA,CO,CO-SAN,Barrancabermeja,medium_airport,False,CO
EJH,Al Wajh Domestic Airport,26.198601,36.476398,66.0,AS,SA,SA-07,Al Wajh,medium_airport,False,SA
EKO,Elko Regional Airport,40.82490158081055,-115.79199981689452,5140.0,,US,US-NV,Elko,medium_airport,False,US
ELC,Elcho Island Airport,-12.019399642899998,135.570999146,101.0,OC,AU,AU-NT,Elcho Island,medium_airport,False,AU
ELD,South Arkansas Regional Airport at Goodwin Field,33.221001,-92.813301,277.0,,US,US-AR,El Dorado,medium_airport,False,US
ELF,El Fasher Airport,13.61489963531494,25.32460021972656,2393.0,AF,SD,SD-02,El Fasher,medium_airport,False,SD
ELG,El Golea Airport,30.580732,2.861595,1306.0,AF,DZ,DZ-50,El Menia,medium_airport,False,DZ
ELH,North Eleuthera Airport,25.474899292,-76.6835021973,13.0,,BS,BS-HI,North Eleuthera,medium_airport,False,BS
ELM,Elmira Corning Regional Airport,42.1599006652832,-76.8916015625,954.0,,US,US-NY,Elmira/Corning,medium_airport,False,US
ELP,El Paso International Airport,31.807199,-106.377998,3959.0,,US,US-TX,El Paso,medium_airport,False,US
ELQ,Gassim Airport,26.302799,43.774399,2126.0,AS,SA,SA-05,Buraidah,medium_airport,False,SA
ELS,King Phalo Airport,-33.035599,27.825899,435.0,AF,ZA,ZA-EC,East London,medium_airport,False,ZA
ELU,Guemar Airport - مطار قمار بالوادي,33.511398,6.77679,203.0,AF,DZ,DZ-39,Guemar,medium_airport,False,DZ
EMA,East Midlands Airport,52.8311,-1.32806,306.0,EU,GB,GB-ENG,Nottingham,medium_airport,False,GB
EMD,Emerald Airport,-23.5674991608,148.179000854,624.0,OC,AU,AU-QLD,Emerald,medium_airport,False,AU
EMK,Emmonak Airport,62.78609848,-164.4909973,13.0,,US,US-AK,Emmonak,medium_airport,False,US
ENA,Kenai Municipal Airport,60.570946,-151.245174,99.0,,US,US-AK,Kenai,medium_airport,False,US
ENF,Enontekio Airport,68.362602233887,23.424299240112,1005.0,EU,FI,FI-10,Enontekio,medium_airport,False,FI
ENH,Enshi Xujiaping Airport,30.320299,109.485001,1605.0,AS,CN,CN-42,Enshi (Enshi),medium_airport,False,CN
ENO,Lieutenant Amin Ayub González International Airport,-27.227537,-55.837584,659.0,SA,PY,PY-7,Encarnación,large_airport,False,PY
ENU,Akanu Ibiam International Airport,6.474269866943359,7.561960220336914,466.0,AF,NG,NG-EN,Enegu,medium_airport,False,NG
ENY,Yan'an Nanniwan Airport,36.479413,109.464083,,AS,CN,CN-61,Yan'an (Baota),medium_airport,False,CN
EOH,Enrique Olaya Herrera Airport,6.219686,-75.590597,4949.0,SA,CO,CO-ANT,Medellín,medium_airport,False,CO
EOI,Eday Airport,59.19060134887695,-2.7722198963165283,10.0,EU,GB,GB-SCT,Eday,medium_airport,False,GB
EPR,Esperance Airport,-33.684399,121.822998,470.0,OC,AU,AU-WA,Esperance,medium_airport,False,AU
EPU,Pärnu Airport,58.41899871826172,24.47279930114746,47.0,EU,EE,EE-67,Pärnu,medium_airport,False,EE
EQS,Esquel Brigadier Antonio Parodi International Airport,-42.908001,-71.139503,2621.0,SA,AR,AR-U,Esquel,medium_airport,False,AR
ERC,Erzincan Airport,39.7102012634,39.527000427199994,3783.0,AS,TR,TR-24,Erzincan,medium_airport,False,TR
ERF,Erfurt-Weimar Airport,50.979801,10.9581,1036.0,EU,DE,DE-TH,Erfurt,medium_airport,False,DE
ERH,Moulay Ali Cherif Airport,31.9475002289,-4.39833021164,3428.0,AF,MA,MA-08,Errachidia,medium_airport,False,MA
ERI,Erie International Tom Ridge Field,42.083127,-80.173867,732.0,,US,US-PA,Erie,medium_airport,False,US
ERL,Erenhot Saiwusu International Airport,43.4225,112.096667,3301.0,AS,CN,CN-15,Erenhot,medium_airport,False,CN
ERS,Eros Airport,-22.612199783325195,17.080400466918945,5575.0,AF,,NA-KH,Windhoek,medium_airport,False,
ERZ,Erzurum International Airport,39.956501,41.1702,5763.0,AS,TR,TR-25,Erzurum,medium_airport,False,TR
ESB,Esenboğa International Airport,40.128101,32.995098,3125.0,AS,TR,TR-06,Ankara,large_airport,False,TR
ESC,Delta County Airport,45.723199,-87.088623,609.0,,US,US-MI,Escanaba,medium_airport,False,US
ESD,Orcas Island Airport,48.708199,-122.910004,31.0,,US,US-WA,Eastsound,medium_airport,False,US
ESL,Elista Airport,46.3739013671875,44.33089828491211,501.0,EU,RU,RU-KL,Elista,medium_airport,False,RU
ESM,Carlos Concha Torres International Airport,0.978519,-79.626602,32.0,SA,EC,EC-E,Tachina,medium_airport,False,EC
ESR,Ricardo García Posada Airport,-26.3111,-69.765198,5240.0,SA,CL,CL-AT,El Salvador,medium_airport,False,CL
ESU,Essaouira-Mogador Airport,31.397499,-9.68167,384.0,AF,MA,MA-07,Essaouira,medium_airport,False,MA
ETM,Ramon International Airport,29.727009,35.014116,288.0,AS,IL,IL-D,Eilat,large_airport,False,IL
ETR,Santa Rosa - Artillery Colonel Victor Larrea International Airport,-3.441986,-79.996957,20.0,SA,EC,EC-O,Santa Rosa,medium_airport,False,EC
ETZ,Metz-Nancy-Lorraine Airport,48.982101,6.25132,870.0,EU,FR,FR-GES,Goin,medium_airport,False,FR
EUG,Mahlon Sweet Field,44.12459945678711,-123.21199798583984,374.0,,US,US-OR,Eugene,medium_airport,False,US
EUN,Hassan I Airport,27.142467,-13.224947,207.0,AF,EH,EH-U-A,El Aaiún,medium_airport,False,EH
EUX,F. D. Roosevelt Airport,17.4965,-62.979401,129.0,,BQ,BQ-SE,Oranjestad,medium_airport,False,BQ
EVE,"Harstad/Narvik Airport, Evenes",68.491302490234,16.678100585938,84.0,EU,NO,NO-18,Evenes,medium_airport,False,NO
EVN,Zvartnots International Airport,40.1473007202,44.3959007263,2838.0,AS,AM,AM-ER,Yerevan,large_airport,False,AM
EVV,Evansville Regional Airport,38.0369987488,-87.5324020386,418.0,,US,US-IN,Evansville,medium_airport,False,US
EWB,New Bedford Regional Airport,41.67610168457031,-70.95690155029297,80.0,,US,US-MA,New Bedford,medium_airport,False,US
EWN,Coastal Carolina Regional Airport,35.0730018616,-77.04290008539999,18.0,,US,US-NC,New Bern,medium_airport,False,US
EWR,Newark Liberty International Airport,40.692501,-74.168701,18.0,,US,US-NJ,Newark,large_airport,False,US
EXT,Exeter International Airport,50.734261,-3.413984,102.0,EU,GB,GB-ENG,"Exeter, Devon",medium_airport,False,GB
EYK,Beloyarskiy Airport,63.686901,66.698601,82.0,EU,RU,RU-KHM,,medium_airport,False,RU
EYP,El Alcaravan - Yopal Airport,5.31911,-72.384,1028.0,,CO,CO-CAS,Yopal,medium_airport,False,CO
EYW,Key West International Airport,24.556101,-81.759598,3.0,,US,US-FL,Key West,medium_airport,False,US
EZS,Elazığ Airport,38.597974,39.28348,2927.0,AS,TR,TR-23,Elazığ,medium_airport,False,TR
FAE,Vágar Airport,62.063256,-7.275782,280.0,EU,FO,FO-U-A,Vágar,medium_airport,False,FO
FAI,Fairbanks International Airport,64.815102,-147.856003,439.0,,US,US-AK,Fairbanks,medium_airport,False,US
FAO,Faro Airport,37.0144004822,-7.96590995789,24.0,EU,PT,PT-08,Faro,large_airport,False,PT
FAR,Hector International Airport,46.92070007324219,-96.81580352783205,902.0,,US,US-ND,Fargo,medium_airport,False,US
FAT,Fresno Yosemite International Airport,36.776199,-119.718002,336.0,,US,US-CA,Fresno,medium_airport,False,US
FAV,Fakarava Airport,-16.054100036621094,-145.65699768066406,13.0,OC,PF,PF-U-A,,medium_airport,False,PF
FAY,Fayetteville Regional Airport - Grannis Field,34.991199,-78.880302,189.0,,US,US-NC,Fayetteville,medium_airport,False,US
FBM,Lubumbashi International Airport,-11.5913000107,27.5308990479,4295.0,AF,CD,CD-HK,Lubumbashi,medium_airport,False,CD
FCA,Glacier Park International Airport,48.31050109863281,-114.25599670410156,2977.0,,US,US-MT,Kalispell,medium_airport,False,US
FCN,Sea-Airport Cuxhaven/Nordholz / Nordholz Naval Airbase,53.767689,8.659201,74.0,EU,DE,DE-NI,Wurster Nordseeküste,medium_airport,False,DE
FDF,Martinique Aimé Césaire International Airport,14.591,-61.003201,16.0,,MQ,MQ-U-A,Fort-de-France,large_airport,False,MQ
FDH,Friedrichshafen Airport,47.671299,9.51149,1367.0,EU,DE,DE-BW,Friedrichshafen,medium_airport,False,DE
FDU,Bandundu Airport,-3.31132,17.381701,1063.0,AF,CD,CD-KL,Bandundu,medium_airport,False,CD
FEG,Fergana International Airport,40.358799,71.745003,1980.0,AS,UZ,UZ-FA,Fergana,medium_airport,False,UZ
FEN,Fernando de Noronha Airport,-3.854471,-32.423302,193.0,SA,BR,BR-PE,Fernando de Noronha,medium_airport,False,BR
FEZ,Fes Saïss International Airport,33.927299,-4.97796,1900.0,AF,MA,MA-03,Saïss,large_airport,False,MA
FGU,Fangatau Airport,-15.820044,-140.888071,9.0,OC,PF,PF-U-A,Fangatau,medium_airport,False,PF
FIH,Ndjili International Airport,-4.38575,15.4446,1027.0,AF,CD,CD-KN,Kinshasa,large_airport,False,CD
FIZ,Fitzroy Crossing Airport,-18.183596,125.559783,368.0,OC,AU,AU-WA,,medium_airport,False,AU
FJR,Fujairah International Airport,25.1122,56.324001,152.0,AS,AE,AE-FU,Fujairah,medium_airport,False,AE
FKB,Karlsruhe Baden-Baden Airport,48.7794,8.0805,408.0,EU,DE,DE-BW,Rheinmünster,medium_airport,False,DE
FKI,Bangoka International Airport,0.481638997793,25.3379993439,1417.0,AF,CD,CD-TO,Kisangani,medium_airport,False,CD
FKQ,Fakfak Airport,-2.920508,132.267011,462.0,AS,ID,ID-PB,Fakfak,medium_airport,False,ID
FKS,Fukushima Airport,37.22740173339844,140.43099975585938,1221.0,AS,JP,JP-07,Sukagawa,medium_airport,False,JP
FLA,Gustavo Artunduaga Paredes Airport,1.58919,-75.5644,803.0,SA,CO,CO-CAQ,Florencia,medium_airport,False,CO
FLG,Flagstaff Pulliam International Airport,35.1385,-111.670998,7014.0,,US,US-AZ,Flagstaff,medium_airport,False,US
FLL,Fort Lauderdale Hollywood International Airport,26.072599,-80.152702,9.0,,US,US-FL,Fort Lauderdale,large_airport,False,US
FLN,Hercílio Luz International Airport,-27.670279,-48.552502,16.0,SA,BR,BR-SC,Florianópolis,large_airport,False,BR
FLO,Florence Regional Airport,34.18539810180664,-79.7238998413086,146.0,,US,US-SC,Florence,medium_airport,False,US
FLR,"Florence Airport, Peretola",43.808558,11.202822,142.0,EU,IT,IT-52,Firenze (FI),large_airport,False,IT
FLW,Flores Airport,39.455299377441406,-31.13139915466309,112.0,EU,PT,PT-20,Santa Cruz das Flores,medium_airport,False,PT
FLZ,Dr. Ferdinand Lumban Tobing Airport,1.557127,98.887145,33.0,AS,ID,ID-SU,Sibolga (Pinangsori),medium_airport,False,ID
FMA,Formosa National Airport,-26.2127,-58.2281,193.0,SA,AR,AR-P,Formosa,medium_airport,False,AR
FMI,Kalemie Airport,-5.87556,29.25,2569.0,AF,CD,CD-TA,Kalemie,medium_airport,False,CD
FMM,Memmingen Allgau Airport,47.988800048799995,10.2395000458,2077.0,EU,DE,DE-BY,Memmingen,medium_airport,False,DE
FMO,Münster Osnabrück Airport,52.134602,7.68483,160.0,EU,DE,DE-NW,Greven,medium_airport,False,DE
FNA,Lungi International Airport,8.61644,-13.1955,84.0,AF,SL,SL-N,Freetown (Lungi-Town),large_airport,False,SL
FNC,Madeira International Airport Cristiano Ronaldo,32.697899,-16.7745,192.0,EU,PT,PT-30,Funchal,large_airport,False,PT
FNI,Nîmes-Arles-Camargue Airport,43.757401,4.41635,309.0,EU,FR,FR-OCC,Nîmes/Garons,medium_airport,False,FR
FNJ,Pyongyang Sunan International Airport,39.224098,125.669998,117.0,AS,KP,KP-01,Pyongyang,large_airport,False,KP
FNT,Bishop International Airport,42.96540069580078,-83.74359893798828,782.0,,US,US-MI,Flint,medium_airport,False,US
FOC,Fuzhou Changle International Airport,25.934669,119.66318,46.0,AS,CN,CN-35,Fuzhou (Changle),large_airport,False,CN
FOD,Fort Dodge Regional Airport,42.552624,-94.191237,1156.0,,US,US-IA,Fort Dodge,medium_airport,False,US
FOG,Foggia Gino Lisa Airport,41.433596,15.534566,265.0,EU,IT,IT-75,Foggia (FG),medium_airport,False,IT
FOR,Pinto Martins International Airport,-3.775833,-38.532222,83.0,SA,BR,BR-CE,Fortaleza,large_airport,False,BR
FPO,Grand Bahama International Airport,26.5587005615,-78.695602417,7.0,,BS,BS-FP,Freeport,medium_airport,False,BS
FRD,Friday Harbor Airport,48.523654,-123.024645,113.0,,US,US-WA,Friday Harbor,medium_airport,False,US
FRL,Forlì Luigi Ridolfi Airport,44.194801,12.0701,97.0,EU,IT,IT-45,Forlì (FC),medium_airport,False,IT
FRO,Florø Airport,61.583599090576,5.0247201919556,37.0,EU,NO,NO-46,Florø,medium_airport,False,NO
FRS,Mundo Maya International Airport,16.913799,-89.866402,427.0,,GT,GT-PE,San Benito,medium_airport,False,GT
FRU,Manas International Airport,43.0612983704,74.4776000977,2058.0,AS,KG,KG-C,Bishkek,large_airport,False,KG
FRW,P G Matante Intl,-21.15914,27.468545,3283.0,AF,BW,BW-FR,Francistown,medium_airport,False,BW
FSC,Figari Sud-Corse Airport,41.500599,9.09778,85.0,EU,FR,FR-COR,Figari Sud-Corse,medium_airport,False,FR
FSD,Sioux Falls Regional Airport / Joe Foss Field,43.585463,-96.741152,1429.0,,US,US-SD,Sioux Falls,medium_airport,False,US
FSM,Fort Smith Regional Airport,35.336601,-94.367401,469.0,,US,US-AR,Fort Smith,medium_airport,False,US
FSP,St Pierre Airport,46.762901306152344,-56.173099517822266,27.0,,PM,PM-SP,Saint-Pierre,medium_airport,False,PM
FSZ,Mount Fuji Shizuoka Airport,34.796043,138.187752,433.0,AS,JP,JP-22,Makinohara / Shimada,medium_airport,False,JP
FTE,El Calafate - Commander Armando Tola International Airport,-50.2803,-72.053101,669.0,SA,AR,AR-Z,El Calafate,medium_airport,False,AR
FTU,Tôlanaro Airport,-25.038099,46.9561,29.0,AF,MG,MG-U,Tôlanaro,medium_airport,False,MG
FUE,Fuerteventura Airport,28.4527,-13.8638,85.0,AF,ES,ES-CN,El Matorral,large_airport,False,ES
FUG,Fuyang Xiguan Airport,32.882157,115.734364,104.0,AS,CN,CN-34,"Yingzhou, Fuyang",medium_airport,False,CN
FUJ,Fukue Airport,32.666302,128.832993,273.0,AS,JP,JP-42,Goto,medium_airport,False,JP
FUK,Fukuoka Airport,33.585899353027344,130.4510040283203,32.0,AS,JP,JP-40,Fukuoka,large_airport,False,JP
FUN,Funafuti International Airport,-8.525,179.195999,9.0,OC,TV,TV-FUN,Funafuti,medium_airport,False,TV
FUO,Foshan Shadi Airport,23.0825,113.070833,6.0,AS,CN,CN-44,Foshan (Nanhai),medium_airport,False,CN
FWA,Fort Wayne International Airport,40.9785,-85.195099,814.0,,US,US-IN,Fort Wayne,medium_airport,False,US
FYJ,Fuyuan Dongji Airport,48.197219,134.36298,,AS,CN,CN-23,Fuyuan,medium_airport,False,CN
FYN,Fuyun Koktokay Airport,46.804169,89.512006,3081.0,AS,CN,CN-65,Fuyun,medium_airport,False,CN
FYU,Fort Yukon Airport,66.571651,-145.249987,433.0,,US,US-AK,Fort Yukon,medium_airport,False,US
GAE,Gabès Matmata International Airport,33.733691,9.91941,407.0,AF,TN,TN-81,Gabès,medium_airport,False,TN
GAF,Gafsa Ksar International Airport,34.422000885009766,8.822500228881836,1060.0,AF,TN,TN-71,Gafsa,medium_airport,False,TN
GAJ,Yamagata Airport,38.4119,140.371002,353.0,AS,JP,JP-06,Higashine,medium_airport,False,JP
GAL,Edward G. Pitka Sr Airport,64.736198,-156.936997,153.0,,US,US-AK,Galena,medium_airport,False,US
GAM,Gambell Airport,63.767694,-171.733303,27.0,,US,US-AK,Gambell,medium_airport,False,US
GAN,Gan International Airport,-0.692694,73.151557,6.0,AS,MV,MV-01,Gan,medium_airport,False,MV
GAQ,Gao Airport,16.2484,-0.005456,870.0,AF,ML,ML-7,,medium_airport,False,ML
GAU,Lokpriya Gopinath Bordoloi International Airport,26.10610008239746,91.58589935302734,162.0,AS,IN,IN-AS,Guwahati,medium_airport,False,IN
GAY,Gaya Airport,24.744301,84.951202,380.0,AS,IN,IN-BR,Gaya,medium_airport,False,IN
GBB,Gabala International Airport,40.808617,47.725389,935.0,AS,AZ,AZ-QAB,Gabala,medium_airport,False,AZ
GBE,Sir Seretse Khama International Airport,-24.555201,25.9182,3299.0,AF,BW,BW-GA,Gaborone,large_airport,False,BW
GBJ,Marie-Galante Airport,15.868925,-61.270087,16.0,,GP,GP-U-A,Grand-Bourg,medium_airport,False,GP
GCC,Northeast Wyoming Regional Airport,44.3489,-105.539001,4365.0,,US,US-WY,Gillette,medium_airport,False,US
GCH,Gachsaran Airport,30.333869,50.833796,2414.0,AS,IR,IR-17,Gachsaran,medium_airport,False,IR
GCI,Guernsey Airport,49.435001,-2.60197,336.0,EU,GG,GG-G,Saint Peter Port,medium_airport,False,GG
GCK,Garden City Regional Airport,37.9275016785,-100.723999023,2891.0,,US,US-KS,Garden City,medium_airport,False,US
GCM,Owen Roberts International Airport,19.292801,-81.357697,8.0,,KY,KY-GC,George Town,large_airport,False,KY
GCN,Grand Canyon National Park Airport,35.9524,-112.147003,6609.0,,US,US-AZ,Grand Canyon - Tusayan,medium_airport,False,US
GDB,Gondia Airport,21.526817,80.290347,987.0,AS,IN,IN-MM,Gondia,medium_airport,False,IN
GDE,Gode Airport,5.93513011932,43.5786018372,834.0,AF,ET,ET-SO,Gode,medium_airport,False,ET
GDL,Guadalajara International Airport,20.523342,-103.310108,5016.0,,MX,MX-JAL,Guadalajara,large_airport,False,MX
GDN,Gdańsk Lech Wałęsa Airport,54.377602,18.4662,489.0,EU,PL,PL-PM,Gdańsk,large_airport,False,PL
GDQ,Gondar Airport,12.5199,37.433998,6449.0,AF,ET,ET-AM,Azezo,medium_airport,False,ET
GDT,JAGS McCartney International Airport,21.4445,-71.142303,13.0,,TC,TC-GT,Cockburn Town,medium_airport,False,TC
GDV,Dawson Community Airport,47.137658,-104.80691,2458.0,,US,US-MT,Glendive,medium_airport,False,US
GDX,Sokol Airport,59.9109992980957,150.72000122070312,574.0,AS,RU,RU-MAG,Magadan,medium_airport,False,RU
GDZ,Gelendzhik Airport,44.5820926295,38.0124807358,98.0,EU,RU,RU-KDA,Gelendzhik,medium_airport,False,RU
GEA,Nouméa Magenta Airport,-22.25812,166.472783,10.0,OC,NC,NC-03,Nouméa,medium_airport,False,NC
GEC,Lefkoniko Airport / Geçitkale Air Base,35.23591,33.720088,146.0,AS,CY,CY-03,Lefkoniko (Geçitkale),medium_airport,False,CY
GEG,Spokane International Airport,47.6199,-117.533997,2376.0,,US,US-WA,Spokane,medium_airport,False,US
GEL,Santo Ângelo Airport,-28.282503,-54.169623,1056.0,SA,BR,BR-RS,Santo Ângelo,medium_airport,False,BR
GEO,Cheddi Jagan International Airport,6.49855,-58.254101,95.0,SA,GY,GY-DE,Georgetown,medium_airport,False,GY
GER,Rafael Cabrera Airport,21.834699630737305,-82.78379821777344,79.0,,CU,CU-99,Nueva Gerona,medium_airport,False,CU
GES,General Santos International Airport,6.05800008774,125.096000671,505.0,AS,PH,PH-SCO,General Santos,medium_airport,False,PH
GET,Geraldton Airport,-28.796101,114.707001,121.0,OC,AU,AU-WA,Moonyoonooka,medium_airport,False,AU
GEV,Gällivare Airport,67.13240051269531,20.814599990844727,1027.0,EU,SE,SE-BD,Gällivare,medium_airport,False,SE
GFF,Griffith Airport,-34.2508010864,146.067001343,439.0,OC,AU,AU-NSW,Griffith,medium_airport,False,AU
GFK,Grand Forks International Airport,47.949299,-97.176102,845.0,,US,US-ND,Grand Forks,medium_airport,False,US
GGG,East Texas Regional Airport,32.38399887084961,-94.71150207519533,365.0,,US,US-TX,Longview,medium_airport,False,US
GGT,Exuma International Airport,23.562599,-75.877998,9.0,,BS,BS-EX,Moss Town,medium_airport,False,BS
GGW,Glasgow Valley County Airport Wokal Field,48.212502,-106.614998,2296.0,,US,US-MT,Glasgow,medium_airport,False,US
GHA,Noumérat - Moufdi Zakaria Airport,32.384102,3.79411,1512.0,AF,DZ,DZ-47,El Atteuf,medium_airport,False,DZ
GHB,Governor's Harbour Airport,25.2847,-76.331001,26.0,,BS,BS-CE,Governor's Harbour,medium_airport,False,BS
GHT,Ghat Airport,25.1455993652,10.1426000595,2296.0,AF,LY,LY-GT,Ghat,medium_airport,False,LY
GHV,Brașov-Ghimbav International Airport,45.70558,25.522871,1740.0,EU,RO,RO-BV,Brașov (Ghimbav),medium_airport,False,RO
GIB,Gibraltar Airport,36.151199,-5.34966,12.0,EU,GI,GI-U-A,Gibraltar,large_airport,False,GI
GIG,Rio Galeão – Tom Jobim International Airport,-22.809999,-43.250557,28.0,SA,BR,BR-RJ,Rio De Janeiro,large_airport,False,BR
GIL,Gilgit Airport,35.918800354003906,74.33360290527344,4796.0,AS,PK,PK-GB,Gilgit,medium_airport,False,PK
GIS,Gisborne Airport,-38.6633,177.977997,15.0,OC,NZ,NZ-GIS,Gisborne,medium_airport,False,NZ
GIZ,Jizan Regional Airport / King Abdullah bin Abdulaziz Airport,16.9011,42.5858,20.0,AS,SA,SA-09,Jizan,medium_airport,False,SA
GJA,La Laguna Airport,16.4454,-85.906601,49.0,,HN,HN-IB,Guanaja,medium_airport,False,HN
GJL,Jijel Ferhat Abbas Airport,36.795101,5.87361,36.0,AF,DZ,DZ-18,Tahir,medium_airport,False,DZ
GJT,Grand Junction Regional Airport,39.126663,-108.529387,4858.0,,US,US-CO,Grand Junction,medium_airport,False,US
GKA,Goroka Airport,-6.081689834590001,145.391998291,5282.0,OC,PG,PG-EHG,Goronka,medium_airport,False,PG
GKN,Gulkana Airport,62.155859,-145.454662,1586.0,,US,US-AK,Gulkana,medium_airport,False,US
GLA,Glasgow International Airport,55.871899,-4.43306,26.0,EU,GB,GB-SCT,"Paisley, Renfrewshire",large_airport,False,GB
GLF,Golfito Airport,8.65401,-83.182198,49.0,,CR,CR-P,Golfito,medium_airport,False,CR
GLH,Mid Delta Regional Airport,33.482899,-90.985603,131.0,,US,US-MS,Greenville,medium_airport,False,US
GLT,Gladstone Airport,-23.869763,151.225439,64.0,OC,AU,AU-QLD,Gladstone,medium_airport,False,AU
GMA,Gemena Airport,3.23537,19.771299,1378.0,AF,CD,CD-SU,Gemena,medium_airport,False,CD
GMB,Gambela Airport,8.12876,34.563099,1614.0,AF,ET,ET-GA,Gambela,medium_airport,False,ET
GME,Gomel Airport,52.527000427246094,31.016700744628903,472.0,EU,BY,BY-HO,Gomel,medium_airport,False,BY
GMO,Gombe Lawanti International Airport,10.298889,10.9,1590.0,AF,NG,NG-GO,Gombe,medium_airport,False,NG
GMP,Gimpo International Airport,37.5583,126.791,59.0,AS,KR,KR-11,Seoul,large_airport,False,KR
GMQ,Golog Maqên Airport,34.418066,100.301144,12426.0,AS,CN,CN-63,Golog (Maqên),medium_airport,False,CN
GMR,Totegegie Airport,-23.07990074157715,-134.88999938964844,7.0,OC,PF,PF-U-A,,medium_airport,False,PF
GNB,Grenoble Alpes Isère Airport,45.3629,5.32937,1302.0,EU,FR,FR-ARA,"Saint-Étienne-de-Saint-Geoirs, Isère",medium_airport,False,FR
GND,Maurice Bishop International Airport,12.0042,-61.786201,41.0,,GD,GD-GE,Saint George's,medium_airport,False,GD
GNJ,Ganja International Airport,40.737701,46.3176,1083.0,AS,AZ,AZ-GA,Ganja,medium_airport,False,AZ
GNS,Binaka Airport,1.16628,97.704327,20.0,AS,ID,ID-SU,Gunungsitoli,medium_airport,False,ID
GNV,Gainesville Regional Airport,29.6900997162,-82.2717971802,152.0,,US,US-FL,Gainesville,medium_airport,False,US
GNY,Şanlıurfa GAP Airport,37.445663,38.895592,2708.0,AS,TR,TR-63,Şanlıurfa,medium_airport,False,TR
GOA,Genoa Cristoforo Colombo Airport,44.412039,8.840732,13.0,EU,IT,IT-42,Genova (GE),large_airport,False,IT
GOH,Nuuk Airport,64.191066,-51.67914,283.0,,GL,GL-SE,Nuuk,medium_airport,False,GL
GOI,Dabolim Airport,15.3808,73.831398,150.0,AS,IN,IN-GA,Vasco da Gama,large_airport,False,IN
GOJ,Nizhny Novgorod / Strigino International Airport,56.228254,43.785197,256.0,EU,RU,RU-NIZ,Nizhny Novgorod,medium_airport,False,RU
GOM,Goma International Airport,-1.66617,29.237929,5089.0,AF,CD,CD-NK,Goma,medium_airport,False,CD
GOP,Gorakhpur Airport,26.739700317399997,83.4496994019,259.0,AS,IN,IN-UP,Gorakhpur,medium_airport,False,IN
GOQ,Golmud Airport,36.4006,94.786102,9334.0,AS,CN,CN-63,Golmud,medium_airport,False,CN
GOT,Göteborg Landvetter Airport,57.6628,12.2798,506.0,EU,SE,SE-Q,Göteborg,large_airport,False,SE
GOU,Garoua International Airport,9.33588981628418,13.370100021362305,794.0,AF,CM,CM-NO,Garoua,medium_airport,False,CM
GOV,Gove Airport,-12.269399642899998,136.817993164,192.0,OC,AU,AU-NT,Nhulunbuy,medium_airport,False,AU
GOX,Manohar International Airport,15.744257,73.860625,552.0,AS,IN,IN-GA,Mopa,large_airport,False,IN
GPA,Patras Araxos Agamemnon Airport,38.1511,21.4256,46.0,EU,GR,GR-G,Patras,medium_airport,False,GR
GPI,Juan Casiano Airport,2.57013,-77.897969,164.0,SA,CO,CO-CAU,Guapi,medium_airport,False,CO
GPT,Gulfport Biloxi International Airport,30.407301,-89.070099,28.0,,US,US-MS,Gulfport,medium_airport,False,US
GRB,Austin Straubel International Airport,44.483459,-88.130805,695.0,,US,US-WI,Green Bay,medium_airport,False,US
GRI,Central Nebraska Regional Airport,40.967498779296875,-98.30960083007812,1847.0,,US,US-NE,Grand Island,medium_airport,False,US
GRJ,George Airport,-34.0056,22.378902,648.0,AF,ZA,ZA-WC,George,medium_airport,False,ZA
GRK,Killeen Regional Airport / Robert Gray Army Airfield,31.0672,-97.828903,1015.0,,US,US-TX,Fort Cavazos,medium_airport,False,US
GRO,Girona-Costa Brava Airport,41.904639,2.761774,468.0,EU,ES,ES-CT,Girona,medium_airport,False,ES
GRQ,Groningen Airport Eelde,53.119701,6.57944,17.0,EU,NL,NL-DR,Groningen,medium_airport,False,NL
GRR,Gerald R. Ford International Airport,42.88079834,-85.52279663,794.0,,US,US-MI,Grand Rapids,medium_airport,False,US
GRV,Grozny Airport,43.388106,45.699772,548.0,EU,RU,RU-CE,Grozny,medium_airport,False,RU
GRW,Graciosa Airport,39.09220123291016,-28.029800415039062,86.0,EU,PT,PT-20,Santa Cruz da Graciosa,medium_airport,False,PT
GRX,F.G.L. Airport Granada-Jaén Airport,37.188702,-3.77736,1860.0,EU,ES,ES-AN,Granada,medium_airport,False,ES
GRZ,Graz Airport,46.9911,15.4396,1115.0,EU,AT,AT-6,Feldkirchen bei Graz,medium_airport,False,AT
GSO,Piedmont Triad International Airport,36.097801,-79.937302,925.0,,US,US-NC,Greensboro,medium_airport,False,US
GSP,Greenville Spartanburg International Airport,34.895699,-82.218903,964.0,,US,US-SC,Greer,medium_airport,False,US
GST,Gustavus Airport,58.4253006,-135.7070007,35.0,,US,US-AK,Gustavus,medium_airport,False,US
GSV,Gagarin International Airport,51.712778,46.171111,103.0,AS,RU,RU-SAR,Saratov,large_airport,False,RU
GTE,Groote Eylandt Airport,-13.972405,136.458553,53.0,OC,AU,AU-NT,Groote Eylandt,medium_airport,False,AU
GTF,Great Falls International Airport,47.48199844,-111.3710022,3680.0,,US,US-MT,Great Falls,medium_airport,False,US
GTR,Golden Triangle Regional Airport,33.450298,-88.5914,264.0,,US,US-MS,Columbus/W Point/Starkville,medium_airport,False,US
GUA,La Aurora Airport,14.5833,-90.527496,4952.0,,GT,GT-GU,Guatemala City,large_airport,False,GT
GUC,Gunnison Crested Butte Regional Airport,38.534672,-106.934566,7680.0,,US,US-CO,Gunnison,medium_airport,False,US
GUM,Antonio B. Won Pat International Airport,13.4834,144.796005,298.0,OC,GU,GU-U-A,Hagåtña,large_airport,False,GU
GUP,Gallup Municipal Airport,35.511653,-108.788166,6472.0,,US,US-NM,Gallup,medium_airport,False,US
GUR,Gurney Airport,-10.3114995956,150.333999634,88.0,OC,PG,PG-MBA,Gurney,medium_airport,False,PG
GUW,Atyrau International Airport,47.122559,51.819321,-72.0,AS,KZ,KZ-ATY,Atyrau,medium_airport,False,KZ
GVA,Geneva Cointrin International Airport,46.238098,6.10895,1411.0,EU,CH,CH-GE,Geneva,large_airport,False,CH
GVR,Coronel Altino Machado Airport,-18.895882,-41.982869,561.0,SA,BR,BR-MG,Governador Valadares,medium_airport,False,BR
GWD,New Gwadar International Airport,25.296733,62.498822,61.0,AS,PK,PK-BA,Gurandani,medium_airport,False,PK
GWL,Gwalior Airport,26.29330062866211,78.22779846191406,617.0,AS,IN,IN-MP,Gwalior,medium_airport,False,IN
GWT,Westerland Sylt Airport,54.9132,8.34047,51.0,EU,DE,DE-SH,Sylt,medium_airport,False,DE
GXF,Seiyun Hadhramaut International Airport,15.9661,48.7883,2097.0,AS,YE,YE-HD,Seiyun,medium_airport,False,YE
GXG,Negage Airport,-7.754509925842285,15.287699699401855,4105.0,AF,AO,AO-UIG,Negage,medium_airport,False,AO
GXH,Gannan Xiahe Airport,34.819014,102.622261,10510.0,AS,CN,CN-62,Gannan (Xiahe),medium_airport,False,CN
GYA,Guayaramerín Airport,-10.88856,-65.380955,456.0,SA,BO,BO-B,Guayaramerín,medium_airport,False,BO
GYD,Heydar Aliyev International Airport,40.467498779296875,50.04669952392578,10.0,AS,AZ,AZ-BA,Baku,large_airport,False,AZ
GYE,José Joaquín de Olmedo International Airport,-2.15742,-79.883598,19.0,SA,EC,EC-G,Guayaquil,large_airport,False,EC
GYM,General José María Yáñez International Airport,27.9689998626709,-110.9250030517578,59.0,,MX,MX-SON,Guaymas,medium_airport,False,MX
GYN,Santa Genoveva Airport,-16.632,-49.220699,2450.0,SA,BR,BR-GO,Goiânia,medium_airport,False,BR
GYS,Guangyuan Panlong Airport,32.390254,105.694571,,AS,CN,CN-51,Guangyuan (Lizhou),medium_airport,False,CN
GYU,Guyuan Liupanshan Airport,36.078889,106.216944,5727.0,AS,CN,CN-64,Guyuan (Yuanzhou),medium_airport,False,CN
GZP,Gazipaşa-Alanya Airport,36.299217,32.300598,92.0,AS,TR,TR-07,Gazipaşa,medium_airport,False,TR
GZT,Gaziantep International Airport,36.947201,37.478699,2315.0,AS,TR,TR-27,Gaziantep,medium_airport,False,TR
HAC,Hachijojima Airport,33.115002,139.785995,303.0,AS,JP,JP-13,Hachijojima,medium_airport,False,JP
HAD,Halmstad Airport,56.69110107421875,12.820199966430664,101.0,EU,SE,SE-N,Halmstad,medium_airport,False,SE
HAH,Prince Said Ibrahim International Airport,-11.5337,43.2719,93.0,AF,KM,KM-G,Moroni,medium_airport,False,KM
HAJ,Hannover Airport,52.461102,9.68508,183.0,EU,DE,DE-NI,Hannover,large_airport,False,DE
HAK,Haikou Meilan International Airport,19.9349,110.459,75.0,AS,CN,CN-46,Haikou (Meilan),large_airport,False,CN
HAM,Hamburg Helmut Schmidt Airport,53.630402,9.98823,53.0,EU,DE,DE-HH,Hamburg,large_airport,False,DE
HAQ,Hanimaadhoo Airport,6.744229793548584,73.17050170898438,4.0,AS,MV,MV-23,Haa Dhaalu Atoll,medium_airport,False,MV
HAS,Ha'il Airport,27.437901,41.686298,3331.0,AS,SA,SA-06,Ha'il,medium_airport,False,SA
HAU,"Haugesund Airport, Karmøy",59.345299,5.20836,86.0,EU,NO,NO-11,Karmøy,medium_airport,False,NO
HAV,José Martí International Airport,22.989200592041016,-82.40910339355469,210.0,,CU,CU-03,Havana,large_airport,False,CU
HBA,Hobart International Airport,-42.8371,147.51295,13.0,OC,AU,AU-TAS,Hobart (Cambridge),medium_airport,False,AU
HBE,Borj El Arab International Airport,30.93249,29.696437,171.0,AF,EG,EG-ALX,Alexandria,medium_airport,False,EG
HBX,Hubli Airport,15.361700058,75.08489990230001,2171.0,AS,IN,IN-KA,Hubli,medium_airport,False,IN
HCJ,Hechi Jinchengjiang Airport,24.804344,107.710819,2221.0,AS,CN,CN-45,Hechi (Jinchengjiang),medium_airport,False,CN
HCR,Holy Cross Airport,62.18830108642578,-159.77499389648438,70.0,,US,US-AK,Holy Cross,medium_airport,False,US
HCZ,Chenzhou Beihu Airport,25.753419,112.845404,1071.0,AS,CN,CN-43,Chenzhou,medium_airport,False,CN
HDF,Heringsdorf Airport,53.8787,14.1523,93.0,EU,DE,DE-MV,Zirchow,medium_airport,False,DE
HDG,Handan Airport,36.525833,114.425556,229.0,AS,CN,CN-13,Handan,medium_airport,False,CN
HDM,Hamadan Airport,34.869202,48.552502,5755.0,AS,IR,IR-13,Hamadan,medium_airport,False,IR
HDN,Yampa Valley Airport,40.481201,-107.218002,6606.0,,US,US-CO,Hayden,medium_airport,False,US
HDY,Hat Yai International Airport,6.93320989609,100.392997742,90.0,AS,TH,TH-90,Hat Yai,medium_airport,False,TH
HEA,Herat - Khwaja Abdullah Ansari International Airport,34.209999,62.228298,3206.0,AS,AF,AF-HER,Guzara,medium_airport,False,AF
HEK,Heihe Aihui Airport,50.171621,127.308884,1047.0,AS,CN,CN-23,Heihe,medium_airport,False,CN
HEL,Helsinki Vantaa Airport,60.318363,24.963341,179.0,EU,FI,FI-18,Helsinki (Vantaa),large_airport,False,FI
HER,Heraklion International Nikos Kazantzakis Airport,35.339699,25.1803,115.0,EU,GR,GR-M,Heraklion,large_airport,False,GR
HET,Hohhot Baita International Airport,40.849658,111.824598,3556.0,AS,CN,CN-15,Hohhot,large_airport,False,CN
HFA,Haifa International Airport,32.80939865112305,35.04309844970703,28.0,AS,IL,IL-HA,Haifa,medium_airport,False,IL
HFE,Hefei Xinqiao International Airport,31.98779,116.9769,207.0,AS,CN,CN-34,Hefei,medium_airport,False,CN
HFN,Hornafjörður Airport,64.295601,-15.2272,24.0,EU,IS,IS-8,Höfn,medium_airport,False,IS
HFT,Hammerfest Airport,70.679703,23.6686,266.0,EU,NO,NO-56,Hammerfest,medium_airport,False,NO
HGA,Egal International Airport,9.513207,44.082389,4471.0,AF,SO,SO-WO,Hargeisa,medium_airport,False,SO
HGH,Hangzhou Xiaoshan International Airport,30.23609,120.428865,23.0,AS,CN,CN-33,Hangzhou,large_airport,False,CN
HGI,Itanagar Donyi Polo Hollongi Airport,26.96683,93.638792,328.0,AS,IN,IN-AR,Hollongi,medium_airport,False,IN
HGN,Mae Hong Son Airport,19.3013,97.9758,929.0,AS,TH,TH-58,Mae Hong Son,medium_airport,False,TH
HGR,Hagerstown Regional Richard A Henson Field,39.708771,-77.728014,703.0,,US,US-MD,Hagerstown,medium_airport,False,US
HGU,Mount Hagen Kagamuga Airport,-5.828212,144.299412,5388.0,OC,PG,PG-WHM,Mount Hagen,medium_airport,False,PG
HHH,Hilton Head Airport,32.2244,-80.697502,19.0,,US,US-SC,Hilton Head Island,medium_airport,False,US
HHN,Frankfurt-Hahn Airport,49.9487,7.26389,1649.0,EU,DE,DE-RP,Frankfurt am Main (Lautzenhausen),medium_airport,False,DE
HHQ,Hua Hin Airport,12.6361999512,99.951499939,62.0,AS,TH,TH-76,Hua Hin,medium_airport,False,TH
HHR,Jack Northrop Field Hawthorne Municipal Airport,33.922798,-118.334999,66.0,,US,US-CA,Hawthorne,medium_airport,False,US
HIA,Huai'an Lianshui International Airport,33.790833,119.125,28.0,AS,CN,CN-32,Huai'an,medium_airport,False,CN
HIB,Range Regional Airport,47.384831,-92.836905,1354.0,,US,US-MN,Hibbing,medium_airport,False,US
HID,Horn Island Airport,-10.585628,142.292653,43.0,OC,AU,AU-QLD,Horn,medium_airport,False,AU
HIJ,Hiroshima Airport,34.4361,132.919006,1088.0,AS,JP,JP-34,Hiroshima,medium_airport,False,JP
HIN,Sacheon Airport / Sacheon Air Base,35.088591,128.071747,25.0,AS,KR,KR-48,Sacheon,medium_airport,False,KR
HIR,Honiara International Airport,-9.428,160.054993,28.0,OC,SB,SB-GU,Honiara,large_airport,False,SB
HJJ,Huaihua Zhijiang Airport,27.443087,109.704666,882.0,AS,CN,CN-43,Huaihua,medium_airport,False,CN
HJR,Khajuraho Airport,24.8172,79.918602,728.0,AS,IN,IN-MP,Khajuraho,medium_airport,False,IN
HKD,Hakodate Airport,41.77,140.822006,151.0,AS,JP,JP-01,Hakodate,medium_airport,False,JP
HKK,Hokitika Airfield,-42.713600158691406,170.98500061035156,146.0,OC,NZ,NZ-WTC,,medium_airport,False,NZ
HKN,Hoskins Airport,-5.463846,150.407327,66.0,OC,PG,PG-WBK,Kimbe,medium_airport,False,PG
HKT,Phuket International Airport,8.1132,98.316902,82.0,AS,TH,TH-83,Phuket,large_airport,False,TH
HLA,Lanseria International Airport,-25.938499,27.9261,4517.0,AF,ZA,ZA-GT,Johannesburg,medium_airport,False,ZA
HLD,Hulunbuir Hailar Airport,49.205002,119.824997,2169.0,AS,CN,CN-15,Hailar,medium_airport,False,CN
HLN,Helena Regional Airport,46.6068,-111.983002,3877.0,,US,US-MT,Helena,medium_airport,False,US
HLP,Halim Perdanakusuma International Airport,-6.266610145568848,106.89099884033205,84.0,AS,ID,ID-JK,Jakarta,medium_airport,False,ID
HLZ,Hamilton International Airport,-37.8666992188,175.332000732,172.0,OC,NZ,NZ-WKO,Hamilton,medium_airport,False,NZ
HMA,Khanty Mansiysk Airport,61.0285,69.086098,76.0,AS,RU,RU-KHM,Khanty-Mansiysk,medium_airport,False,RU
HMB,Suhaj Mubarak International Airport,26.342515,31.743017,322.0,AF,EG,EG-SHG,Suhaj,large_airport,False,EG
HME,Hassi Messaoud-Oued Irara Krim Belkacem Airport,31.673,6.14044,463.0,AF,DZ,DZ-30,Hassi Messaoud,medium_airport,False,DZ
HMI,Hami Airport,42.8414,93.669197,2703.0,AS,CN,CN-65,Hami,medium_airport,False,CN
HMO,General Ignacio P. Garcia International Airport,29.093527,-111.049891,627.0,,MX,MX-SON,Hermosillo,medium_airport,False,MX
HNA,Iwate Hanamaki Airport,39.4286,141.134995,297.0,AS,JP,JP-03,Hanamaki,medium_airport,False,JP
HNL,Daniel K Inouye International Airport,21.32062,-157.924228,13.0,,US,US-HI,"Honolulu, Oahu",large_airport,False,US
HNM,Hana Airport,20.795601,-156.014008,78.0,OC,US,US-HI,Hana,medium_airport,False,US
HNS,Haines Airport,59.243921,-135.523925,15.0,,US,US-AK,Haines,medium_airport,False,US
HOB,Lea County Regional Airport,32.6875,-103.217003,3661.0,,US,US-NM,Hobbs,medium_airport,False,US
HOF,Al-Ahsa International Airport,25.285299,49.485199,588.0,AS,SA,SA-04,Hofuf,medium_airport,False,SA
HOG,Frank Pais International Airport,20.785600662231445,-76.31510162353516,361.0,,CU,CU-11,Holguin,medium_airport,False,CU
HOI,Hao Airport,-18.0748,-140.945999,10.0,OC,PF,PF-U-A,Otepa,medium_airport,False,PF
HOM,Homer Airport,59.644456,-151.479235,84.0,,US,US-AK,Homer,medium_airport,False,US
HOR,Horta Airport,38.519901275634766,-28.715900421142575,118.0,EU,PT,PT-20,Horta,medium_airport,False,PT
HOT,Memorial Field Airport,34.4788,-93.096262,540.0,,US,US-AR,Hot Springs,medium_airport,False,US
HOU,William P Hobby Airport,29.645399,-95.2789,46.0,,US,US-TX,Houston,medium_airport,False,US
HOV,"Ørsta-Volda Airport, Hovden",62.180000305176,6.0741000175476,243.0,EU,NO,NO-15,Ørsta,medium_airport,False,NO
HPA,Lifuka Island Airport,-19.777000427246097,-174.34100341796875,31.0,OC,TO,TO-02,Lifuka,medium_airport,False,TO
HPG,Shennongjia Hongping Airport,31.626,110.34,8365.0,AS,CN,CN-42,Shennongjia (Hongping),medium_airport,False,CN
HPH,Cat Bi International Airport,20.81686,106.722994,6.0,AS,VN,VN-RRD,Haiphong (Hai An),medium_airport,False,VN
HPN,Westchester County Airport,41.06700134277344,-73.70760345458984,439.0,,US,US-NY,White Plains,medium_airport,False,US
HQL,Tashikuergan Hongqilafu Airport,37.661333,75.288877,10499.0,AS,CN,CN-65,Tashikuergan,medium_airport,False,CN
HRB,Harbin Taiping International Airport,45.623402,126.25,457.0,AS,CN,CN-23,Harbin,large_airport,False,CN
HRE,Robert Gabriel Mugabe International Airport,-17.931801,31.0928,4887.0,AF,ZW,ZW-HA,Harare,large_airport,False,ZW
HRG,Hurghada International Airport,27.176776,33.796692,32.0,AF,EG,EG-BA,Hurghada,large_airport,False,EG
HRI,Mattala Rajapaksa International Airport,6.284467,81.124128,157.0,AS,LK,LK-3,Mattala,large_airport,False,LK
HRK,Kharkiv International Airport,49.926943,36.290814,508.0,EU,UA,UA-63,Kharkiv,medium_airport,False,UA
HRL,Valley International Airport,26.228500366210938,-97.65440368652344,36.0,,US,US-TX,Harlingen,medium_airport,False,US
HRO,Boone County Airport,36.26150131225586,-93.15470123291016,1365.0,,US,US-AR,Harrison,medium_airport,False,US
HSA,Hazrat Sultan International Airport,43.313126,68.549881,951.0,AS,KZ,KZ-YUZ,Turkıstan,medium_airport,False,KZ
HSC,Shaoguan Danxia Airport,24.9786,113.420998,280.0,AS,CN,CN-44,Shaoguan,medium_airport,False,CN
HSG,Saga Airport,33.149700164799995,130.302001953,6.0,AS,JP,JP-41,Saga,medium_airport,False,JP
HSL,Huslia Airport,65.697899,-156.350998,220.0,,US,US-AK,Huslia,medium_airport,False,US
HSN,Zhoushan Putuoshan Airport,29.9342,122.362,3.0,AS,CN,CN-33,Zhoushan,medium_airport,False,CN
HSS,Hisar Airport,29.179399,75.755302,700.0,AS,IN,IN-HR,Hisar,medium_airport,False,IN
HSV,Huntsville International Carl T Jones Field,34.637199,-86.775101,629.0,,US,US-AL,Huntsville,medium_airport,False,US
HTA,Chita-Kadala International Airport,52.026299,113.306,2272.0,EU,RU,RU-ZAB,Chita,medium_airport,False,RU
HTG,Khatanga Airport,71.97810363769531,102.49099731445312,95.0,AS,RU,RU-KYA,Khatanga,medium_airport,False,RU
HTI,Hamilton Island Airport,-20.3581008911,148.95199585,15.0,OC,AU,AU-QLD,Hamilton Island,medium_airport,False,AU
HTN,Hotan Airport,37.03850173950195,79.86489868164062,4672.0,AS,CN,CN-65,Hotan,medium_airport,False,CN
HTS,Tri-State Airport / Milton J. Ferguson Field,38.366699,-82.557999,828.0,,US,US-WV,Huntington,medium_airport,False,US
HTT,Huatugou Airport,38.201645,90.837843,2945.0,AS,CN,CN-63,Mengnai,medium_airport,False,CN
HTY,Hatay Airport,36.362778,36.282223,269.0,AS,TR,TR-31,Antakya,medium_airport,False,TR
HUH,Huahine-Fare Airport,-16.687084,-151.021593,7.0,OC,PF,PF-U-A,Fare,medium_airport,False,PF
HUI,Phu Bai International Airport,16.400628,107.703094,48.0,AS,VN,VN-NC,Huế,medium_airport,False,VN
HUN,Hualien Airport,24.023099899291992,121.61799621582033,52.0,AS,TW,TW-HUA,Hualien City,medium_airport,False,TW
HUO,Holingol Huolinhe Airport,45.487222,119.407222,,AS,CN,CN-15,Holingol,medium_airport,False,CN
HUU,Alferez Fap David Figueroa Fernandini Airport,-9.878809928894045,-76.20480346679688,6070.0,SA,PE,PE-HUC,Huánuco,medium_airport,False,PE
HUX,Bahías de Huatulco International Airport,15.774909,-96.260319,464.0,,MX,MX-OAX,Huatulco,medium_airport,False,MX
HUY,Humberside Airport,53.576152,-0.34954,121.0,EU,GB,GB-ENG,"Grimsby, Lincolnshire",medium_airport,False,GB
HUZ,Huizhou Pingtan Airport,23.049999,114.599998,50.0,AS,CN,CN-44,Huizhou (Pingtan),medium_airport,False,CN
HVB,Hervey Bay Airport,-25.320127,152.880662,60.0,OC,AU,AU-QLD,Hervey Bay,medium_airport,False,AU
HVD,Khovd Airport,47.9541015625,91.6281967163086,4898.0,AS,MN,MN-043,Khovd,medium_airport,False,MN
HVG,"Honningsvåg Airport, Valan",71.009697,25.983601,44.0,EU,NO,NO-56,Honningsvåg,medium_airport,False,NO
HVN,Tweed New Haven Airport,41.26369858,-72.88680267,12.0,,US,US-CT,New Haven,medium_airport,False,US
HVR,Havre City County Airport,48.541387,-109.762859,2591.0,,US,US-MT,Havre,medium_airport,False,US
HYA,Cape Cod Gateway Airport,41.6693,-70.280403,54.0,,US,US-MA,Hyannis,medium_airport,False,US
HYD,Rajiv Gandhi International Airport,17.231318,78.429855,2024.0,AS,IN,IN-TG,Hyderabad,large_airport,False,IN
HYN,Taizhou Luqiao Airport,28.562201,121.429001,,AS,CN,CN-33,Taizhou (Luqiao),medium_airport,False,CN
HYS,Hays Regional Airport,38.844521,-99.273148,1999.0,,US,US-KS,Hays,medium_airport,False,US
HZA,Heze Mudan Airport,35.212972,115.736748,,AS,CN,CN-37,Heze (Dingtao),medium_airport,False,CN
HZH,Liping Airport,26.32217,109.1499,1620.0,AS,CN,CN-52,Liping,medium_airport,False,CN
HZK,Húsavík Airport,65.952301,-17.426001,48.0,EU,IS,IS-6,Húsavík,medium_airport,False,IS
IAA,Igarka Airport,67.437202,86.621902,82.0,AS,RU,RU-KYA,Igarka,medium_airport,False,RU
IAD,Washington Dulles International Airport,38.9445,-77.455803,312.0,,US,US-VA,Dulles,large_airport,False,US
IAG,Niagara Falls International Airport,43.1073,-78.946198,589.0,,US,US-NY,Niagara Falls,medium_airport,False,US
IAH,George Bush Intercontinental Houston Airport,29.984399795532227,-95.34140014648438,97.0,,US,US-TX,Houston,large_airport,False,US
IAM,Zarzaitine - In Aménas Airport,28.0515,9.64291,1847.0,AF,DZ,DZ-33,In Aménas,medium_airport,False,DZ
IAN,Bob Baker Memorial Airport,66.976128,-160.439014,166.0,,US,US-AK,Kiana,medium_airport,False,US
IAS,Iaşi Airport,47.180278,27.620833,411.0,EU,RO,RO-IS,Iaşi,medium_airport,False,RO
IBA,Ibadan Airport,7.362460136413574,3.97832989692688,725.0,AF,NG,NG-OY,Ibadan,medium_airport,False,NG
IBE,Perales Airport,4.42161,-75.1333,2999.0,SA,CO,CO-TOL,Ibagué,medium_airport,False,CO
IBR,Ibaraki Airport / JASDF Hyakuri Air Base,36.181099,140.414993,105.0,AS,JP,JP-08,Omitama,medium_airport,False,JP
IBZ,Ibiza Airport,38.872898,1.37312,24.0,EU,ES,ES-IB,Ibiza (Eivissa),large_airport,False,ES
ICT,Wichita Eisenhower National Airport,37.649899,-97.433098,1333.0,,US,US-KS,Wichita,medium_airport,False,US
IDA,Idaho Falls Regional Airport,43.514599,-112.070999,4744.0,,US,US-ID,Idaho Falls,medium_airport,False,US
IDR,Devi Ahilyabai Holkar Airport,22.7217998505,75.8011016846,1850.0,AS,IN,IN-MP,Indore,medium_airport,False,IN
IEG,Zielona Góra-Babimost Airport,52.1385,15.7986,194.0,EU,PL,PL-LB,Nowe Kramsko,medium_airport,False,PL
IEV,Ihor Sikorsky Kyiv International Airport (Zhuliany),50.40194,30.45194,587.0,EU,UA,UA-30,Kyiv,medium_airport,False,UA
IFJ,Ísafjörður Airport,66.058098,-23.1353,8.0,EU,IS,IS-4,Ísafjörður,medium_airport,False,IS
IFN,Isfahan Shahid Beheshti International Airport,32.750755,51.861483,5059.0,AS,IR,IR-10,Isfahan,medium_airport,False,IR
IFO,Ivano-Frankivsk International Airport,48.88420104980469,24.686100006103516,919.0,EU,UA,UA-26,Ivano-Frankivsk,medium_airport,False,UA
IGA,Inagua Airport,20.975,-73.666901,8.0,,BS,BS-IN,Matthew Town,medium_airport,False,BS
IGD,Iğdır Airport,39.976627,43.876648,3101.0,AS,TR,TR-76,Iğdır,medium_airport,False,TR
IGR,Cataratas Del Iguazú International Airport,-25.737301,-54.4734,916.0,SA,AR,AR-N,Puerto Iguazu,medium_airport,False,AR
IGT,Magas Airport,43.323268,45.012568,1165.0,AS,RU,RU-IN,Sunzha,medium_airport,False,RU
IGU,Cataratas International Airport,-25.594167,-54.489444,786.0,SA,BR,BR-PR,Foz do Iguaçu,medium_airport,False,BR
IJK,Izhevsk Airport,56.82809829711914,53.45750045776367,531.0,EU,RU,RU-UD,Izhevsk,medium_airport,False,RU
IKA,Imam Khomeini International Airport,35.416099548339844,51.152198791503906,3305.0,AS,IR,IR-23,Tehran,large_airport,False,IR
IKI,Iki Airport,33.7490005493,129.785003662,41.0,AS,JP,JP-42,Iki,medium_airport,False,JP
IKS,Tiksi Airport,71.697700500488,128.90299987793,26.0,AS,RU,RU-SA,Tiksi,medium_airport,False,RU
IKT,Irkutsk International Airport,52.268002,104.389,1675.0,EU,RU,RU-IRK,Irkutsk,medium_airport,False,RU
IKU,Issyk-Kul International Airport,42.585584,76.701181,5425.0,AS,KG,KG-Y,Tamchy,medium_airport,False,KG
ILD,Lleida-Alguaire Airport,41.728185,0.535023,1152.0,EU,ES,ES-CT,Lleida,medium_airport,False,ES
ILG,Wilmington Airport,39.678699,-75.606499,80.0,,US,US-DE,Wilmington,medium_airport,False,US
ILI,Iliamna Airport,59.754398,-154.910996,192.0,,US,US-AK,Iliamna,medium_airport,False,US
ILM,Wilmington International Airport,34.270599365234375,-77.90260314941406,32.0,,US,US-NC,Wilmington,medium_airport,False,US
ILO,Iloilo International Airport,10.833017,122.493358,27.0,AS,PH,PH-ILI,Cabatuan,medium_airport,False,PH
ILP,Île des Pins Airport,-22.58889961242676,167.45599365234375,315.0,OC,NC,NC-03,Île des Pins,medium_airport,False,NC
ILQ,General Jorge Fernandez Maldon Airport,-17.695,-71.344002,72.0,SA,PE,PE-MOQ,Ilo,medium_airport,False,PE
ILR,Ilorin International Airport,8.440210342407227,4.493919849395752,1126.0,AF,NG,NG-KW,Ilorin,medium_airport,False,NG
ILS,Ilopango International Airport,13.6995,-89.119904,2027.0,,SV,SV-SS,San Salvador,medium_airport,False,SV
ILY,Islay Airport,55.682708,-6.257525,56.0,EU,GB,GB-SCT,"Isle of Islay, Argyll and Bute",medium_airport,False,GB
IMF,Imphal Airport,24.7600002289,93.896697998,2540.0,AS,IN,IN-MN,Imphal,medium_airport,False,IN
IMP,Prefeito Renato Moreira Airport,-5.53129,-47.459999,430.0,SA,BR,BR-MA,Imperatriz,medium_airport,False,BR
IMT,Ford Airport,45.81911,-88.114557,1182.0,,US,US-MI,Kingsford,medium_airport,False,US
INC,Yinchuan Hedong International Airport,38.322758,106.393214,3743.0,AS,CN,CN-64,Yinchuan,medium_airport,False,CN
IND,Indianapolis International Airport,39.7173,-86.294403,797.0,,US,US-IN,Indianapolis,large_airport,False,US
INH,Inhambane Airport,-23.8764,35.408501,30.0,AF,MZ,MZ-I,Inhambane,medium_airport,False,MZ
INI,Niš Constantine the Great Airport,43.337009,21.85451,648.0,EU,RS,RS-20,Niš,medium_airport,False,RS
INL,Falls International Airport,48.566200256347656,-93.4030990600586,1185.0,,US,US-MN,International Falls,medium_airport,False,US
INN,Innsbruck Airport,47.260201,11.344,1907.0,EU,AT,AT-7,Innsbruck,medium_airport,False,AT
INU,Nauru International Airport,-0.547458,166.919006,22.0,OC,NR,NR-14,Yaren District,medium_airport,False,NR
INV,Inverness Airport,57.54249954223633,-4.047500133514404,31.0,EU,GB,GB-SCT,Inverness,medium_airport,False,GB
INZ,In Salah Airport,27.250999,2.51202,896.0,AF,DZ,DZ-57,In Salah,medium_airport,False,DZ
IOA,Ioannina King Pyrrhus National Airport,39.6964,20.8225,1558.0,EU,GR,GR-D,Ioannina,medium_airport,False,GR
IOM,Isle of Man Airport,54.083302,-4.62389,52.0,EU,IM,IM-U-A,Castletown,medium_airport,False,IM
IOS,Bahia - Jorge Amado Airport,-14.815929,-39.033458,15.0,SA,BR,BR-BA,Ilhéus,medium_airport,False,BR
IPC,Mataveri Airport,-27.1648006439,-109.42199707,227.0,SA,CL,CL-VS,Isla De Pascua,medium_airport,False,CL
IPH,Sultan Azlan Shah Airport,4.567969799041748,101.09200286865234,130.0,AS,MY,MY-08,Ipoh,medium_airport,False,MY
IPI,San Luis Airport,0.861946,-77.671783,9765.0,SA,CO,CO-NAR,Ipiales,medium_airport,False,CO
IPL,Imperial County Airport,32.83539,-115.574026,-54.0,,US,US-CA,Imperial,medium_airport,False,US
IPN,Usiminas Airport,-19.470699,-42.487598,786.0,SA,BR,BR-MG,Ipatinga,medium_airport,False,BR
IPT,Williamsport Regional Airport,41.242126,-76.92245,529.0,,US,US-PA,Williamsport,medium_airport,False,US
IQM,Qiemo Yudu Airport,38.234516,85.465462,,AS,CN,CN-65,Qiemo,medium_airport,False,CN
IQN,Qingyang Xifeng Airport,35.802638,107.598896,,AS,CN,CN-62,Qingyang (Xifeng),medium_airport,False,CN
IQQ,Diego Aracena Airport,-20.5352,-70.181297,155.0,SA,CL,CL-TA,Iquique,medium_airport,False,CL
IQT,Coronel FAP Francisco Secada Vignetta International Airport,-3.78474,-73.3088,306.0,SA,PE,PE-LOR,Iquitos,medium_airport,False,PE
IRG,Lockhart River Airport,-12.7869,143.304993,77.0,OC,AU,AU-QLD,Lockhart River,medium_airport,False,AU
IRJ,Capitan V A Almonacid Airport,-29.381599,-66.795799,1437.0,SA,AR,AR-F,La Rioja,medium_airport,False,AR
IRK,Kirksville Regional Airport,40.09349822998047,-92.5448989868164,966.0,,US,US-MO,Kirksville,medium_airport,False,US
IRP,Matari Airport,2.82761,27.588301,2438.0,AF,CD,CD-HU,Isiro,medium_airport,False,CD
ISA,Mount Isa Airport,-20.663900375399997,139.488998413,1121.0,OC,AU,AU-QLD,Mount Isa,medium_airport,False,AU
ISB,Islamabad International Airport,33.549,72.82566,1761.0,AS,PK,PK-PB,Attock,large_airport,False,PK
ISE,Süleyman Demirel International Airport,37.8554,30.368401,2835.0,AS,TR,TR-32,Isparta,medium_airport,False,TR
ISG,New Ishigaki Airport,24.396389,124.245,102.0,AS,JP,JP-47,Ishigaki,medium_airport,False,JP
ISK,Nashik Airport,20.119101,73.912903,1900.0,AS,IN,IN-MM,Nasik,medium_airport,False,IN
ISP,Long Island Mac Arthur Airport,40.79520035,-73.10019684,99.0,,US,US-NY,Islip,medium_airport,False,US
ISU,Sulaymaniyah International Airport,35.5617485046,45.3167381287,2494.0,AS,IQ,IQ-SW,Sulaymaniyah,medium_airport,False,IQ
ITB,Itaituba Airport,-4.242131,-56.000651,110.0,SA,BR,BR-PA,Itaituba,medium_airport,False,BR
ITH,Ithaca Tompkins Regional Airport,42.49100112915039,-76.4583969116211,1099.0,,US,US-NY,Ithaca,medium_airport,False,US
ITM,Osaka International Airport,34.7855,135.438004,50.0,AS,JP,JP-27,Osaka,large_airport,False,JP
ITO,Hilo International Airport,19.721399,-155.048004,38.0,OC,US,US-HI,Hilo,medium_airport,False,US
IUE,Niue International Airport,-19.079030990600582,-169.92559814453125,209.0,OC,NU,NU-U-A,Alofi,medium_airport,False,NU
IVC,Invercargill Airport,-46.41239929199219,168.31300354003906,5.0,OC,NZ,NZ-STL,Invercargill,medium_airport,False,NZ
IVL,Ivalo Airport,68.607299804688,27.405300140381,481.0,EU,FI,FI-10,Ivalo,medium_airport,False,FI
IWA,Ivanovo South Airport,56.93939971923828,40.940799713134766,410.0,EU,RU,RU-IVA,Ivanovo,medium_airport,False,RU
IWJ,Iwami Airport,34.676399231,131.789993286,184.0,AS,JP,JP-32,Masuda,medium_airport,False,JP
IWK,Iwakuni Kintaikyo Airport / Marine Corps Air Station Iwakuni,34.146333,132.247238,7.0,AS,JP,JP-35,Iwakuni,medium_airport,False,JP
IXA,Agartala - Maharaja Bir Bikram Airport,23.886999,91.240402,46.0,AS,IN,IN-TR,Agartala,medium_airport,False,IN
IXB,Bagdogra Airport,26.68120002746582,88.32859802246094,412.0,AS,IN,IN-WB,Siliguri,medium_airport,False,IN
IXC,Chandigarh International Airport,30.6735,76.788498,1012.0,AS,IN,IN-CH,Chandigarh,medium_airport,False,IN
IXD,Prayagraj Airport,25.4401,81.733902,322.0,AS,IN,IN-UP,Allahabad,medium_airport,False,IN
IXE,Mangalore International Airport,12.9612998962,74.8900985718,337.0,AS,IN,IN-KA,Mangalore,medium_airport,False,IN
IXG,Belagavi Airport,15.8593,74.618301,2487.0,AS,IN,IN-KA,Belgaum,medium_airport,False,IN
IXI,Lilabari North Lakhimpur Airport,27.2955,94.097603,330.0,AS,IN,IN-AS,Lilabari,medium_airport,False,IN
IXJ,Jammu Airport,32.688849,74.838152,996.0,AS,IN,IN-JK,Jammu,medium_airport,False,IN
IXK,Keshod Airport,21.317101,70.270401,167.0,AS,IN,IN-GJ,Keshod,medium_airport,False,IN
IXL,Leh Kushok Bakula Rimpochee Airport,34.135899,77.546501,10682.0,AS,IN,IN-LA,Leh,medium_airport,False,IN
IXM,Madurai Airport,9.83450984955,78.09339904790001,459.0,AS,IN,IN-TN,Madurai,medium_airport,False,IN
IXP,Pathankot Airport,32.233611,75.634444,1017.0,AS,IN,IN-PB,Pathankot,medium_airport,False,IN
IXR,Birsa Munda Airport,23.314300537100003,85.3217010498,2148.0,AS,IN,IN-JH,Ranchi,medium_airport,False,IN
IXS,Silchar Airport,24.9129009247,92.9786987305,352.0,AS,IN,IN-AS,Silchar,medium_airport,False,IN
IXU,Aurangabad Airport,19.862699508666992,75.39810180664062,1911.0,AS,IN,IN-MM,Aurangabad,medium_airport,False,IN
IXY,Kandla Airport,23.1127,70.100304,96.0,AS,IN,IN-GJ,Kandla,medium_airport,False,IN
IXZ,Veer Savarkar International Airport / INS Utkrosh,11.641208,92.729643,13.0,AS,IN,IN-AN,Port Blair,medium_airport,False,IN
IZA,Presidente Itamar Franco Airport,-21.513086,-43.173069,1348.0,SA,BR,BR-MG,Juiz de Fora,medium_airport,False,BR
IZO,Izumo Enmusubi Airport,35.413601,132.889999,15.0,AS,JP,JP-32,Izumo,medium_airport,False,JP
IZT,General Antonio Cárdenas Rodríguez National Airport / Ixtepec Air Base,16.445961,-95.093708,164.0,,MX,MX-OAX,Ixtepec,medium_airport,False,MX
JAC,Jackson Hole Airport,43.6072998046875,-110.73799896240234,6451.0,,US,US-WY,Jackson,medium_airport,False,US
JAE,Shumba Airport,-5.59248,-78.774002,2477.0,SA,PE,PE-CAJ,Jaén,medium_airport,False,PE
JAF,Jaffna International Airport,9.79233,80.070099,33.0,AS,LK,LK-4,Jaffna,medium_airport,False,LK
JAI,Jaipur International Airport,26.8242,75.812202,1263.0,AS,IN,IN-RJ,Jaipur,medium_airport,False,IN
JAN,Jackson-Medgar Wiley Evers International Airport,32.311199,-90.075897,346.0,,US,US-MS,Jackson,medium_airport,False,US
JAU,Francisco Carle Airport,-11.7831001282,-75.47339630130001,11034.0,SA,PE,PE-JUN,Jauja,medium_airport,False,PE
JAV,Ilulissat Airport,69.243202,-51.057098,95.0,,GL,GL-AV,Ilulissat,medium_airport,False,GL
JAX,Jacksonville International Airport,30.492469,-81.687813,30.0,,US,US-FL,Jacksonville,large_airport,False,US
JBQ,La Isabela International Airport,18.572500228881836,-69.98560333251953,98.0,,DO,DO-01,La Isabela,medium_airport,False,DO
JBR,Jonesboro Municipal Airport,35.83169937133789,-90.64640045166016,262.0,,US,US-AR,Jonesboro,medium_airport,False,US
JDF,Francisco de Assis Airport,-21.791482,-43.386072,2989.0,SA,BR,BR-MG,Juiz de Fora,medium_airport,False,BR
JDH,Jodhpur Airport,26.251100540161133,73.04889678955078,717.0,AS,IN,IN-RJ,Jodhpur,medium_airport,False,IN
JDZ,Jingdezhen Luojia Airport,29.3386,117.176003,112.0,AS,CN,CN-36,Jingdezhen,medium_airport,False,CN
JED,King Abdulaziz International Airport,21.6796,39.156502,48.0,AS,SA,SA-02,Jeddah,large_airport,False,SA
JEE,Jérémie Airport,18.663099,-74.170303,147.0,,HT,HT-GA,Carrefour Sanon,medium_airport,False,HT
JEG,Aasiaat Airport,68.721802,-52.784698,74.0,,GL,GL-QK,Aasiaat,medium_airport,False,GL
JER,Jersey Airport,49.20790100097656,-2.195509910583496,277.0,EU,JE,JE-U-A,Saint Helier,medium_airport,False,JE
JGA,Jamnagar Airport,22.465499877929688,70.01260375976562,69.0,AS,IN,IN-GJ,Jamnagar,medium_airport,False,IN
JGD,Daxing'anling Elunchun Airport,50.371389,124.1175,1205.0,AS,CN,CN-23,Jiagedaqi,medium_airport,False,CN
JGS,Jinggangshan Airport,26.856899,114.737,281.0,AS,CN,CN-36,Ji'an,medium_airport,False,CN
JHB,Senai International Airport,1.64131,103.669998,135.0,AS,MY,MY-01,Johor Bahru,medium_airport,False,MY
JHG,Xishuangbanna Gasa International Airport,21.974648,100.762224,1815.0,AS,CN,CN-53,Jinghong (Gasa),medium_airport,False,CN
JHM,Kapalua Airport,20.9629,-156.673004,256.0,OC,US,US-HI,Lahaina,medium_airport,False,US
JHS,Sisimiut Airport,66.951302,-53.729301,33.0,,GL,GL-QA,Sisimiut,medium_airport,False,GL
JIB,Djibouti-Ambouli Airport,11.5473,43.1595,49.0,AF,DJ,DJ-DJ,Djibouti City,large_airport,False,DJ
JIJ,Wilwal International Airport,9.3325,42.9121,5954.0,AF,ET,ET-SO,Jijiga,medium_airport,False,ET
JIM,Jimma Airport,7.66609001159668,36.81660079956055,5500.0,AF,ET,ET-OR,Jimma,medium_airport,False,ET
JIQ,Qianjiang Wulingshan Airport,29.5133333333,108.831111111,2075.0,AS,CN,CN-50,Qianjiang,medium_airport,False,CN
JJD,Comandante Ariston Pessoa Airport,-2.906425,-40.357338,89.0,SA,BR,BR-CE,Cruz,medium_airport,False,BR
JJN,Quanzhou Jinjiang International Airport,24.796587,118.588883,39.0,AS,CN,CN-35,Quanzhou,medium_airport,False,CN
JKG,Jönköping Airport,57.757598876953125,14.068699836730955,741.0,EU,SE,SE-F,Jönköping,medium_airport,False,SE
JKH,Chios Island National Airport,38.34320068359375,26.140600204467773,15.0,EU,GR,GR-K,Chios Island,medium_airport,False,GR
JKR,Janakpur Airport,26.708799,85.922401,256.0,AS,NP,NP-P2,Janakpur,medium_airport,False,NP
JLN,Joplin Regional Airport,37.151798,-94.498299,981.0,,US,US-MO,Joplin,medium_airport,False,US
JLR,Jabalpur Airport,23.177799,80.052002,1624.0,AS,IN,IN-MP,Jabalpur,medium_airport,False,IN
JMJ,Lancang Jingmai Airport,22.417733,99.784012,,AS,CN,CN-53,Pu'er (Lancang),medium_airport,False,CN
JMK,Mykonos Island National Airport,37.435101,25.348101,405.0,EU,GR,GR-L,Mykonos,medium_airport,False,GR
JMS,Jamestown Regional Airport,46.92969894,-98.67819977,1500.0,,US,US-ND,Jamestown,medium_airport,False,US
JMU,Jiamusi Dongjiao Airport,46.843399,130.464996,262.0,AS,CN,CN-23,Jiamusi,medium_airport,False,CN
JNG,Jining Da'an Airport,35.647358,116.743269,171.0,AS,CN,CN-37,Jining,medium_airport,False,CN
JNU,Juneau International Airport,58.355,-134.576004,21.0,,US,US-AK,Juneau,medium_airport,False,US
JNZ,Jinzhou Bay Airport,40.936032,121.277114,,AS,CN,CN-21,Jinzhou (Linghai),medium_airport,False,CN
JOE,Joensuu Airport,62.658815,29.619398,398.0,EU,FI,FI-13,Joensuu,medium_airport,False,FI
JOG,Adisutjipto Airport,-7.78818,110.431999,379.0,AS,ID,ID-YO,Yogyakarta,medium_airport,False,ID
JOI,Lauro Carneiro de Loyola Airport,-26.224501,-48.797401,15.0,SA,BR,BR-SC,Joinville,medium_airport,False,BR
JOL,Jolo Airport,6.05367,121.011002,118.0,AS,PH,PH-SLU,Jolo,medium_airport,False,PH
JOS,Yakubu Gowon Airport,9.639829635620115,8.869050025939941,4232.0,AF,NG,NG-PL,Jos,medium_airport,False,NG
JPA,Presidente Castro Pinto International Airport,-7.148691,-34.950554,217.0,SA,BR,BR-PB,João Pessoa,medium_airport,False,BR
JRH,Jorhat Airport,26.7315006256,94.1754989624,311.0,AS,IN,IN-AS,Jorhat,medium_airport,False,IN
JRO,Kilimanjaro International Airport,-3.42941,37.074501,2932.0,AF,TZ,TZ-01,Arusha,medium_airport,False,TZ
JSA,Jaisalmer Airport,26.8887,70.864998,751.0,AS,IN,IN-RJ,,medium_airport,False,IN
JSH,Sitia Airport,35.21609878540039,26.101299285888672,376.0,EU,GR,GR-M,Crete Island,medium_airport,False,GR
JSI,Skiathos Island National Airport,39.177101,23.5037,54.0,EU,GR,GR-E,Skiathos,medium_airport,False,GR
JSJ,Jiansanjiang Shidi Airport,47.108248,132.65792,,AS,CN,CN-23,Jiansanjiang,medium_airport,False,CN
JSO,Dr. Luciano de Arruda Coelho Regional Airport,-3.614488,-40.231426,299.0,SA,BR,BR-CE,Sobral,medium_airport,False,BR
JSR,Jessore Airport,23.1838,89.160797,20.0,AS,BD,BD-4,Jashore (Jessore),medium_airport,False,BD
JST,John Murtha Johnstown Cambria County Airport,40.31610107421875,-78.83390045166016,2284.0,,US,US-PA,Johnstown,medium_airport,False,US
JTC,Bauru/Arealva–Moussa Nakhal Tobias State Airport,-22.160755,-49.070325,1962.0,SA,BR,BR-SP,Bauru,medium_airport,False,BR
JTR,Santorini Airport,36.399200439453125,25.47929954528809,127.0,EU,GR,GR-L,Santorini Island,medium_airport,False,GR
JUB,Juba International Airport,4.87201,31.601101,1513.0,AF,SS,SS-EC,Juba,large_airport,False,SS
JUJ,Gobernador Horacio Guzman International Airport,-24.392799,-65.097801,3019.0,SA,AR,AR-Y,San Salvador de Jujuy,medium_airport,False,AR
JUL,Inca Manco Capac International Airport,-15.467100143432615,-70.158203125,12552.0,SA,PE,PE-PUN,Juliaca,medium_airport,False,PE
JUZ,Quzhou Airport,28.96613,118.898793,213.0,AS,CN,CN-33,Quzhou (Kezheng),medium_airport,False,CN
JXA,Jixi Xingkaihu Airport,45.293,131.193,760.0,AS,CN,CN-23,Jixi,medium_airport,False,CN
JYV,Jyväskylä Airport,62.399502,25.678301,459.0,EU,FI,FI-08,Jyväskylän Maalaiskunta,medium_airport,False,FI
JZH,Jiuzhai Huanglong Airport,32.853333,103.682222,11327.0,AS,CN,CN-51,Ngawa (Songpan),medium_airport,False,CN
KAC,Qamishli Airport,37.020599,41.191399,1480.0,AS,SY,SY-HA,Qamishly,medium_airport,False,SY
KAD,Kaduna Airport,10.696000099182127,7.320109844207764,2073.0,AF,NG,NG-KD,Kaduna,medium_airport,False,NG
KAI,Kaieteur International Airport,5.17275476456,-59.491481781,1520.0,SA,GY,GY-PT,Kaieteur Falls,medium_airport,False,GY
KAJ,Kajaani Airport,64.2855,27.6924,483.0,EU,FI,FI-05,Kajaani,medium_airport,False,FI
KAN,Mallam Aminu International Airport,12.0476,8.52462,1562.0,AF,NG,NG-KN,Kano,medium_airport,False,NG
KAO,Kuusamo Airport,65.987602,29.239401,866.0,EU,FI,FI-14,Kuusamo,medium_airport,False,FI
KAT,Kaitaia Airport,-35.069837,173.287053,270.0,OC,NZ,NZ-NTL,Awanui,medium_airport,False,NZ
KAW,Kawthoung Airport,10.04930019378662,98.53800201416016,180.0,AS,MM,MM-05,Kawthoung,medium_airport,False,MM
KBL,Kabul International Airport,34.565899,69.212303,5877.0,AS,AF,AF-KAB,Kabul,medium_airport,False,AF
KBP,Boryspil International Airport,50.345001,30.894699,427.0,EU,UA,UA-32,Boryspil,large_airport,False,UA
KBR,Sultan Ismail Petra Airport,6.1668500900268555,102.29299926757812,16.0,AS,MY,MY-03,Kota Baharu,medium_airport,False,MY
KBV,Krabi Airport,8.09912014008,98.9861984253,82.0,AS,TH,TH-81,Krabi,medium_airport,False,TH
KCH,Kuching International Airport,1.487364,110.352859,89.0,AS,MY,MY-13,Kuching,medium_airport,False,MY
KCM,Kahramanmaraş Airport,37.5388259888,36.9535217285,1723.0,AS,TR,TR-46,Kahramanmaraş,medium_airport,False,TR
KCT,Koggala Airport,5.993680000305176,80.32029724121094,10.0,AS,LK,LK-3,Galle,medium_airport,False,LK
KCY,Krasnoyarsk Cheremshanka Airport,56.177584,92.545881,833.0,AS,RU,RU-KYA,Krasnoyarsk,medium_airport,False,RU
KCZ,Kochi Ryoma Airport,33.546101,133.669006,42.0,AS,JP,JP-39,Nankoku,medium_airport,False,JP
KDH,Ahmad Shah Baba International Airport / Kandahar Airfield,31.5058,65.847801,3337.0,AS,AF,AF-KAN,Khvoshab,medium_airport,False,AF
KDL,Kärdla Airport,58.99079895019531,22.830699920654297,18.0,EU,EE,EE-39,Kärdla,medium_airport,False,EE
KDM,Kaadedhdhoo Airport,0.488131,72.996902,2.0,AS,MV,MV-28,Huvadhu Atoll,medium_airport,False,MV
KDO,Kadhdhoo Airport,1.8591699600219729,73.52189636230469,4.0,AS,MV,MV-05,Kadhdhoo,medium_airport,False,MV
KDU,Skardu Airport,35.33549880981445,75.53600311279297,7316.0,AS,PK,PK-GB,Skardu,medium_airport,False,PK
KEF,Keflavik International Airport,63.985001,-22.6056,171.0,EU,IS,IS-2,Reykjavík,large_airport,False,IS
KEJ,Kemerovo Airport,55.27009963989258,86.1072006225586,863.0,AS,RU,RU-KEM,Kemerovo,medium_airport,False,RU
KEM,Kemi-Tornio Airport,65.778701782227,24.582099914551,61.0,EU,FI,FI-10,Kemi / Tornio,medium_airport,False,FI
KEP,Nepalgunj Airport,28.1036,81.667,540.0,AS,NP,NP-P5,Nepalgunj,medium_airport,False,NP
KER,Ayatollah Hashemi Rafsanjani International Airport,30.271276,56.949692,5741.0,AS,IR,IR-08,Kerman,medium_airport,False,IR
KET,Kengtung Airport,21.301599502563477,99.63600158691406,2798.0,AS,MM,MM-17,Kengtung,medium_airport,False,MM
KGA,Kananga Airport,-5.90005,22.4692,2139.0,AF,CD,CD-KC,Kananga,medium_airport,False,CD
KGC,Kingscote Airport,-35.71390151977539,137.52099609375,24.0,OC,AU,AU-SA,,medium_airport,False,AU
KGD,Khrabrovo Airport,54.88999938964844,20.592599868774418,42.0,EU,RU,RU-KGD,Kaliningrad,medium_airport,False,RU
KGF,Sary-Arka Airport,49.670799,73.334396,1765.0,AS,KZ,KZ-KAR,Karaganda,medium_airport,False,KZ
KGI,Kalgoorlie Boulder Airport,-30.791543,121.464586,1203.0,OC,AU,AU-WA,Broadwood,medium_airport,False,AU
KGL,Kigali International Airport,-1.96863,30.1395,4859.0,AF,RW,RW-01,Kigali,large_airport,False,RW
KGP,Kogalym International Airport,62.190399169921875,74.53379821777344,220.0,AS,RU,RU-KHM,Kogalym,medium_airport,False,RU
KGS,Kos Airport,36.794523,27.09115,412.0,AS,GR,GR-L,Kos Island,medium_airport,False,GR
KGT,Kangding Airport,30.142464,101.73872,14042.0,AS,CN,CN-51,Garzê (Kangding),medium_airport,False,CN
KHD,Khoram Abad Airport,33.43539810180664,48.282901763916016,3782.0,AS,IR,IR-15,,medium_airport,False,IR
KHE,Kherson International Airport,46.6758,32.506401,148.0,EU,UA,UA-65,Kherson,medium_airport,False,UA
KHG,Kashgar Laining International Airport,39.5429,76.019997,4529.0,AS,CN,CN-65,Kashgar,medium_airport,False,CN
KHH,Kaohsiung International Airport,22.577101,120.349998,31.0,AS,TW,TW-KHH,Kaohsiung (Xiaogang),large_airport,False,TW
KHI,Jinnah International Airport,24.9065,67.160797,100.0,AS,PK,PK-SD,Karachi,large_airport,False,PK
KHK,Khark Airport,29.260503,50.322193,17.0,AS,IR,IR-18,Khark,medium_airport,False,IR
KHN,Nanchang Changbei International Airport,28.864815,115.90271,143.0,AS,CN,CN-36,Nanchang,large_airport,False,CN
KHS,Khasab Airport,26.171,56.240601,100.0,AS,OM,OM-MU,Khasab,medium_airport,False,OM
KHV,Khabarovsk Novy Airport,48.528338,135.188588,244.0,AS,RU,RU-KHA,Khabarovsk,medium_airport,False,RU
KIH,Kish International Airport,26.5261993408,53.9802017212,101.0,AS,IR,IR-22,Kish Island,medium_airport,False,IR
KIJ,Niigata Airport,37.9558982849,139.121002197,29.0,AS,JP,JP-15,Niigata,medium_airport,False,JP
KIM,Kimberley Airport,-28.802799224900003,24.7651996613,3950.0,AF,ZA,ZA-NC,Kimberley,medium_airport,False,ZA
KIN,Norman Manley International Airport,17.935699462890625,-76.7874984741211,10.0,,JM,JM-01,Kingston,large_airport,False,JM
KIR,Kerry Airport,52.180901,-9.52378,112.0,EU,IE,IE-KY,Killarney,medium_airport,False,IE
KIS,Kisumu Airport,-0.0861390009522438,34.72890090942383,3734.0,AF,KE,KE-600,Kisumu,medium_airport,False,KE
KIX,Kansai International Airport,34.427299,135.244003,26.0,AS,JP,JP-27,Osaka,large_airport,False,JP
KJA,Krasnoyarsk International Airport,56.173077,92.492437,942.0,EU,RU,RU-KYA,Krasnoyarsk,large_airport,False,RU
KJB,Kurnool Airport,15.716288,78.16923,920.0,AS,IN,IN-AP,Orvakal,medium_airport,False,IN
KJH,Kaili Huangping Airport,26.972,107.988,3115.0,AS,CN,CN-52,Kaili  (Huangping),medium_airport,False,CN
KJI,Burqin Kanas Airport,48.2223,86.9959,3921.0,AS,CN,CN-65,Burqin,medium_airport,False,CN
KJT,Kertajati International Airport,-6.648924,108.166692,134.0,AS,ID,ID-JB,Kertajati,medium_airport,False,ID
KKC,Khon Kaen Airport,16.466600418099997,102.783996582,670.0,AS,TH,TH-40,Khon Kaen,medium_airport,False,TH
KKE,Kerikeri Airport,-35.259148,173.913317,492.0,OC,NZ,NZ-NTL,Kerikeri,medium_airport,False,NZ
KKJ,Kitakyushu Airport,33.845901,131.035004,21.0,AS,JP,JP-40,Kitakyushu,medium_airport,False,JP
KKN,"Kirkenes Airport, Høybuktmoen",69.7258,29.8913,283.0,EU,NO,NO-56,Kirkenes,medium_airport,False,NO
KKR,Kaukura Airport,-15.6633,-146.884995,11.0,OC,PF,PF-U-A,Raitahiti,medium_airport,False,PF
KKS,Kashan Airport,33.895302,51.577,3465.0,AS,IR,IR-10,Kashan,medium_airport,False,IR
KKW,Kikwit Airport,-5.03577,18.785601,1572.0,AF,CD,CD-KL,Kikwit,medium_airport,False,CD
KKX,Kikai Airport,28.321300506599997,129.927993774,21.0,AS,JP,JP-46,Kikai,medium_airport,False,JP
KLH,Kolhapur Airport,16.6647,74.289398,1996.0,AS,IN,IN-MM,Kolhapur,medium_airport,False,IN
KLO,Kalibo International Airport,11.679400444,122.375999451,14.0,AS,PH,PH-AKL,Kalibo,medium_airport,False,PH
KLR,Kalmar Airport,56.685501,16.2876,17.0,EU,SE,SE-H,Kalmar,medium_airport,False,SE
KLU,Klagenfurt Airport,46.642502,14.3377,1472.0,EU,AT,AT-2,Klagenfurt am Wörthersee,medium_airport,False,AT
KLV,Karlovy Vary Airport,50.202999,12.915,1989.0,EU,CZ,CZ-KA,Karlovy Vary,medium_airport,False,CZ
KLW,Klawock Airport,55.579201,-133.076004,80.0,,US,US-AK,Klawock,medium_airport,False,US
KLX,Kalamata Airport,37.06829833984375,22.02549934387207,26.0,EU,GR,GR-J,Kalamata,medium_airport,False,GR
KMA,Kerema Airport,-7.96361017227,145.770996094,10.0,OC,PG,PG-GPK,Kerema,medium_airport,False,PG
KMC,King Khaled Military City Airport,27.9009,45.528198,1352.0,AS,SA,SA-04,King Khaled Military City,medium_airport,False,SA
KME,Kamembe Airport,-2.462239980697632,28.907899856567383,5192.0,AF,RW,RW-04,Kamembe,medium_airport,False,RW
KMG,Kunming Changshui International Airport,25.110313,102.936743,6903.0,AS,CN,CN-53,Kunming,large_airport,False,CN
KMI,Miyazaki Airport,31.877199173,131.449005127,20.0,AS,JP,JP-45,Miyazaki,medium_airport,False,JP
KMJ,Kumamoto Airport,32.83729934692383,130.85499572753906,642.0,AS,JP,JP-43,Kumamoto,medium_airport,False,JP
KMQ,Komatsu Airport / JASDF Komatsu Air Base,36.3946,136.406998,36.0,AS,JP,JP-17,Kanazawa,medium_airport,False,JP
KMS,Kumasi Airport,6.714560031890869,-1.5908199548721311,942.0,AF,GH,GH-AH,Kumasi,medium_airport,False,GH
KMW,Kostroma Sokerkino Airport,57.796902,41.019402,446.0,EU,RU,RU-KOS,Kostroma,medium_airport,False,RU
KND,Kindu Airport,-2.91917991638,25.915399551399997,1630.0,AF,CD,CD-MA,Kindu,medium_airport,False,CD
KNG,Kaimana Airport,-3.6446,133.695116,19.0,AS,ID,ID-PB,Kaimana,medium_airport,False,ID
KNH,Kinmen Airport,24.4279,118.359001,93.0,AS,TW,TW-X-KM,Shang-I,medium_airport,False,TW
KNO,Kualanamu International Airport,3.637847,98.870566,23.0,AS,ID,ID-SU,Beringin,large_airport,False,ID
KNQ,Koné Airport,-21.053551,164.838768,23.0,OC,NC,NC-02,Koné,medium_airport,False,NC
KNS,King Island Airport,-39.877498626708984,143.8780059814453,132.0,OC,AU,AU-TAS,,medium_airport,False,AU
KNU,Kanpur Airport,26.404301,80.410103,410.0,AS,IN,IN-UP,Kanpur,medium_airport,False,IN
KNX,East Kimberley Regional (Kununurra) Airport,-15.7781,128.707993,145.0,OC,AU,AU-WA,Kununurra,medium_airport,False,AU
KOA,Ellison Onizuka Kona International Airport at Keahole,19.738783,-156.045603,47.0,,US,US-HI,Kailua-Kona,medium_airport,False,US
KOI,Kirkwall Airport,58.957801818847656,-2.9049999713897705,50.0,EU,GB,GB-SCT,Orkney Islands,medium_airport,False,GB
KOJ,Kagoshima Airport,31.8034,130.718994,906.0,AS,JP,JP-46,Kagoshima,large_airport,False,JP
KOK,Kokkola-Pietarsaari Airport,63.721199,23.143101,84.0,EU,FI,FI-07,Kokkola / Kruunupyy,medium_airport,False,FI
KOP,Nakhon Phanom Airport,17.383801,104.642998,587.0,AS,TH,TH-48,Nakhon Phanom,medium_airport,False,TH
KOV,Kokshetau Airport,53.329102,69.594597,900.0,AS,KZ,KZ-AKM,Kokshetau,medium_airport,False,KZ
KPO,Pohang Airport (G-815/K-3),35.987955,129.420383,70.0,AS,KR,KR-47,Pohang,medium_airport,False,KR
KPW,Keperveem Airport,67.845001,166.139999,623.0,AS,RU,RU-CHU,Keperveem,medium_airport,False,RU
KQH,Kishangarh Airport Ajmer,26.591007,74.812956,,AS,IN,IN-RJ,Ajmer (Kishangarh),medium_airport,False,IN
KQT,Qurghonteppa International Airport,37.86640167236328,68.86470031738281,1473.0,AS,TJ,TJ-KT,Kurgan-Tyube,medium_airport,False,TJ
KRF,Kramfors-Sollefteå Höga Kusten Airport,63.048599,17.7689,34.0,EU,SE,SE-Y,Nyland,medium_airport,False,SE
KRK,Kraków John Paul II International Airport,50.077702,19.7848,791.0,EU,PL,PL-MA,Balice,large_airport,False,PL
KRL,Korla Licheng Airport,41.614979,86.140817,3041.0,AS,CN,CN-65,Korla,medium_airport,False,CN
KRN,Kiruna Airport,67.821998596191,20.336799621582,1508.0,EU,SE,SE-BD,Kiruna,medium_airport,False,SE
KRO,Kurgan Airport,55.4753,65.415604,240.0,AS,RU,RU-KGN,Kurgan,medium_airport,False,RU
KRP,Midtjyllands Airport / Air Base Karup,56.297139,9.104311,170.0,EU,DK,DK-82,Karup,medium_airport,False,DK
KRR,Krasnodar Pashkovsky International Airport,45.034698,39.170502,118.0,EU,RU,RU-KDA,Krasnodar,medium_airport,False,RU
KRS,"Kristiansand Airport, Kjevik",58.204201,8.08537,57.0,EU,NO,NO-42,Kjevik,medium_airport,False,NO
KRT,Khartoum International Airport,15.5895,32.5532,1265.0,AF,SD,SD-03,Khartoum,large_airport,False,SD
KRW,Turkmenbashi International Airport,40.063301,53.007198,279.0,AS,TM,TM-B,Turkmenbashi,medium_airport,False,TM
KSA,Kosrae International Airport,5.35698,162.957993,11.0,OC,FM,FM-KSA,Okat,medium_airport,False,FM
KSC,Košice International Airport,48.663101,21.2411,755.0,EU,SK,SK-KI,Košice,medium_airport,False,SK
KSD,Karlstad Airport,59.444698,13.3374,352.0,EU,SE,SE-S,Karlstad,medium_airport,False,SE
KSF,Kassel Airport,51.420699,9.392152,820.0,EU,DE,DE-HE,Calden,medium_airport,False,DE
KSH,Shahid Ashrafi Esfahani Airport,34.3459014893,47.1581001282,4307.0,AS,IR,IR-05,Kermanshah,medium_airport,False,IR
KSL,Kassala Airport,15.387499809265137,36.328800201416016,1671.0,AF,SD,SD-05,Kassala,medium_airport,False,SD
KSN,Kostanay West Airport,53.20690155029297,63.55030059814453,595.0,AS,KZ,KZ-KUS,Kostanay,medium_airport,False,KZ
KSU,"Kristiansund Airport, Kvernberget",63.111801,7.82452,204.0,EU,NO,NO-15,Kvernberget,medium_airport,False,NO
KSY,Kars Airport,40.562198638916016,43.1150016784668,5889.0,AS,TR,TR-36,Kars,medium_airport,False,TR
KSZ,Kotlas Airport,61.235801696777344,46.6974983215332,184.0,EU,RU,RU-ARK,Kotlas,medium_airport,False,RU
KTA,Karratha Airport,-20.712200164799995,116.773002625,29.0,OC,AU,AU-WA,Karratha,medium_airport,False,AU
KTD,Kitadaito Airport,25.9447002411,131.32699585,80.0,AS,JP,JP-47,Kitadaitōjima,medium_airport,False,JP
KTG,Rahadi Osman Airport,-1.817165,109.963469,46.0,AS,ID,ID-KB,Ketapang,medium_airport,False,ID
KTM,Tribhuvan International Airport,27.6966,85.3591,4390.0,AS,NP,NP-P3,Kathmandu,large_airport,False,NP
KTN,Ketchikan International Airport,55.35559845,-131.7140045,89.0,,US,US-AK,Ketchikan,medium_airport,False,US
KTP,Tinson Pen Airport,17.98859977722168,-76.82379913330078,16.0,,JM,JM-02,Tinson Pen,medium_airport,False,JM
KTT,Kittilä Airport,67.700996398926,24.846799850464,644.0,EU,FI,FI-10,Kittilä,medium_airport,False,FI
KTW,Katowice Wojciech Korfanty International Airport,50.476015,19.080705,995.0,EU,PL,PL-SL,Katowice,medium_airport,False,PL
KUA,Kuantan Airport,3.7753899097442623,103.20899963378906,58.0,AS,MY,MY-06,Kuantan,medium_airport,False,MY
KUF,Kurumoch International Airport,53.504902,50.164299,477.0,EU,RU,RU-SAM,Samara,large_airport,False,RU
KUH,Kushiro Airport,43.041,144.192993,327.0,AS,JP,JP-01,Kushiro,medium_airport,False,JP
KUL,Kuala Lumpur International Airport,2.74558,101.709999,69.0,AS,MY,MY-10,Sepang,large_airport,False,MY
KUM,Yakushima Airport,30.385599,130.658997,124.0,AS,JP,JP-46,Yakushima,medium_airport,False,JP
KUN,Kaunas International Airport,54.96390151977539,24.084800720214844,256.0,EU,LT,LT-KU,Kaunas,medium_airport,False,LT
KUO,Kuopio Airport,63.007099,27.7978,323.0,EU,FI,FI-15,Kuopio / Siilinjärvi,medium_airport,False,FI
KUS,Kulusuk Airport,65.573601,-37.1236,117.0,,GL,GL-SE,Kulusuk,medium_airport,False,GL
KUT,David the Builder Kutaisi International Airport,42.176768,42.482393,223.0,AS,GE,GE-IM,Kopitnari,medium_airport,False,GE
KUV,Gunsan Airport / Gunsan Air Base,35.903801,126.615997,29.0,AS,KR,KR-45,Gunsan,medium_airport,False,KR
KVA,Kavala Alexander the Great International Airport,40.9133,24.6192,18.0,EU,GR,GR-A,Kavala,medium_airport,False,GR
KVG,Kavieng Airport,-2.57940006256,150.807998657,7.0,OC,PG,PG-NIK,Kavieng,medium_airport,False,PG
KVO,Morava Airport,43.817519,20.586662,686.0,EU,RS,RS-18,Kraljevo,medium_airport,False,RS
KVX,Pobedilovo Airport,58.503883,49.347831,479.0,EU,RU,RU-KIR,Kirov,medium_airport,False,RU
KWA,Bucholz Army Air Field,8.720120429992676,167.73199462890625,9.0,OC,MH,MH-KWA,Kwajalein,medium_airport,False,MH
KWE,Guiyang Longdongbao International Airport,26.541466,106.803331,3736.0,AS,CN,CN-52,Guiyang (Nanming),large_airport,False,CN
KWG,Kryvyi Rih International Airport,48.04330062866211,33.209999084472656,408.0,EU,UA,UA-12,Kryvyi Rih,medium_airport,False,UA
KWI,Kuwait International Airport,29.226601,47.968899,206.0,AS,KW,KW-FA,Kuwait City,large_airport,False,KW
KWJ,Gwangju Airport,35.123173,126.805444,39.0,AS,KR,KR-29,Gwangju,medium_airport,False,KR
KWL,Guilin Liangjiang International Airport,25.219828,110.039553,570.0,AS,CN,CN-45,Guilin (Lingui),large_airport,False,CN
KWM,Kowanyama Airport,-15.485369,141.752572,35.0,OC,AU,AU-QLD,Kowanyama,medium_airport,False,AU
KWZ,Kolwezi Airport,-10.7659,25.505699,5007.0,AF,CD,CD-LU,Kolwezi,medium_airport,False,CD
KXB,Sangia Nibandera Airport,-4.338158,121.524047,40.0,AS,ID,ID-SG,Kolaka,medium_airport,False,ID
KXK,Komsomolsk-on-Amur Airport,50.40900039672851,136.9340057373047,92.0,AS,RU,RU-KHA,Komsomolsk-on-Amur,medium_airport,False,RU
KYA,Konya Airport,37.979,32.561901,3392.0,AS,TR,TR-42,Konya,medium_airport,False,TR
KYD,Lanyu Airport,22.027000427246097,121.53500366210938,44.0,AS,TW,TW-TTT,Orchid Island,medium_airport,False,TW
KYP,Kyaukpyu Airport,19.42639923095703,93.53479766845705,20.0,AS,MM,MM-16,Kyaukpyu,medium_airport,False,MM
KYS,Kayes Dag Dag Airport,14.4812,-11.4044,164.0,AF,ML,ML-1,,medium_airport,False,ML
KYZ,Kyzyl Airport,51.669399,94.400597,2123.0,AS,RU,RU-TY,Kyzyl,medium_airport,False,RU
KZI,Kozani National Airport Filippos,40.286098,21.840799,2059.0,EU,GR,GR-C,Kozani,medium_airport,False,GR
KZN,Kazan International Airport,55.606201,49.278702,411.0,AS,RU,RU-TA,Kazan,large_airport,False,RU
LAD,Quatro de Fevereiro International Airport,-8.85837,13.2312,243.0,AF,AO,AO-LUA,Luanda,large_airport,False,AO
LAE,Nadzab Airport,-6.569803,146.725977,239.0,OC,PG,PG-MPL,Lae,medium_airport,False,PG
LAF,Purdue University Airport,40.412875,-86.939363,606.0,,US,US-IN,West Lafayette,medium_airport,False,US
LAJ,Lages Airport,-27.782101,-50.281502,3065.0,SA,BR,BR-SC,Lages,medium_airport,False,BR
LAL,Lakeland Linder International Airport,27.987656,-82.018776,142.0,,US,US-FL,Lakeland,medium_airport,False,US
LAN,Capital City Airport,42.77870178222656,-84.58740234375,861.0,,US,US-MI,Lansing,medium_airport,False,US
LAO,Laoag International Airport,18.176121,120.531034,25.0,AS,PH,PH-ILN,Laoag City,medium_airport,False,PH
LAP,Manuel Márquez de León International Airport,24.072701,-110.362,69.0,,MX,MX-BCS,La Paz,medium_airport,False,MX
LAQ,Al Abraq International Airport,32.7887,21.9643,2157.0,AF,LY,LY-JA,Al Albraq,medium_airport,False,LY
LAR,Laramie Regional Airport,41.31209945678711,-105.6750030517578,7284.0,,US,US-WY,Laramie,medium_airport,False,US
LAS,Harry Reid International Airport,36.083361,-115.151817,2181.0,,US,US-NV,Las Vegas,large_airport,False,US
LAU,Manda Airport,-2.252431,40.912892,20.0,AF,KE,KE-300,Lamu,medium_airport,False,KE
LAW,Lawton Fort Sill Regional Airport,34.567699,-98.416603,1110.0,,US,US-OK,Lawton,medium_airport,False,US
LBA,Leeds Bradford Airport,53.865898,-1.66057,681.0,EU,GB,GB-ENG,"Leeds, West Yorkshire",medium_airport,False,GB
LBB,Lubbock Preston Smith International Airport,33.663601,-101.822998,3282.0,,US,US-TX,Lubbock,medium_airport,False,US
LBC,Lübeck Blankensee Airport,53.805401,10.7192,53.0,EU,DE,DE-SH,Lübeck,medium_airport,False,DE
LBD,Khujand Airport,40.215401,69.694702,1450.0,AS,TJ,TJ-SU,Khujand,medium_airport,False,TJ
LBE,Arnold Palmer Regional Airport,40.275902,-79.4048,1199.0,,US,US-PA,Latrobe,medium_airport,False,US
LBF,North Platte Regional Airport Lee Bird Field,41.12620163,-100.6839981,2777.0,,US,US-NE,North Platte,medium_airport,False,US
LBL,Liberal Mid-America Regional Airport,37.0442009,-100.9599991,2885.0,,US,US-KS,Liberal,medium_airport,False,US
LBS,Labasa Airport,-16.4667,179.339996,44.0,OC,FJ,FJ-N,Labasa,medium_airport,False,FJ
LBU,Labuan Airport,5.301667,115.248333,101.0,AS,MY,MY-15,Labuan,medium_airport,False,MY
LBV,Libreville Leon M'ba International Airport,0.458600014448,9.4122800827,39.0,AF,GA,GA-1,Libreville,medium_airport,False,GA
LCA,Larnaca International Airport,34.875099,33.624901,8.0,AS,CY,CY-04,Larnaca,large_airport,False,CY
LCE,Goloson International Airport,15.7425,-86.852997,39.0,,HN,HN-AT,La Ceiba,medium_airport,False,HN
LCG,A Coruña Airport,43.302101,-8.37726,326.0,EU,ES,ES-GA,Culleredo,medium_airport,False,ES
LCH,Lake Charles Regional Airport,30.126100540161133,-93.22329711914062,15.0,,US,US-LA,Lake Charles,medium_airport,False,US
LCJ,Łódź Władysław Reymont Airport,51.721901,19.3981,604.0,EU,PL,PL-LD,Łódź,medium_airport,False,PL
LCK,Rickenbacker International Airport,39.813801,-82.927803,744.0,,US,US-OH,Columbus,medium_airport,False,US
LCX,Liancheng Guanzhishan Airport,25.67592,116.745907,1225.0,AS,CN,CN-35,Longyan (Liancheng),medium_airport,False,CN
LCY,London City Airport,51.505299,0.055278,19.0,EU,GB,GB-ENG,London,medium_airport,False,GB
LDB,Governor José Richa Airport,-23.334375,-51.128365,1867.0,SA,BR,BR-PR,Londrina,medium_airport,False,BR
LDE,Tarbes-Lourdes-Pyrénées Airport,43.178699,-0.006439,1260.0,EU,FR,FR-OCC,Tarbes/Lourdes/Pyrénées,medium_airport,False,FR
LDS,Yichun Lindu Airport,47.752056,129.019125,791.0,AS,CN,CN-23,Yichun,medium_airport,False,CN
LDU,Lahad Datu Airport,5.03241,118.32376,45.0,AS,MY,MY-12,Lahad Datu,medium_airport,False,MY
LDY,City of Derry Airport,55.04280090332031,-7.161109924316406,22.0,EU,GB,GB-NIR,Derry,medium_airport,False,GB
LEA,Learmonth Airport,-22.235201,114.090024,19.0,OC,AU,AU-WA,Exmouth,medium_airport,False,AU
LEB,Lebanon Municipal Airport,43.626098632799994,-72.30419921880001,603.0,,US,US-NH,Lebanon,medium_airport,False,US
LED,Pulkovo Airport,59.800301,30.262501,78.0,EU,RU,RU-SPE,St. Petersburg,large_airport,False,RU
LEI,Almería Airport,36.843899,-2.3701,70.0,EU,ES,ES-AN,Almería,medium_airport,False,ES
LEJ,Leipzig/Halle Airport,51.420657,12.232705,465.0,EU,DE,DE-SN,Schkeuditz,large_airport,False,DE
LEN,León Airport,42.589001,-5.65556,3006.0,EU,ES,ES-CL,León,medium_airport,False,ES
LER,Leinster Airport,-27.843299865722656,120.7030029296875,1631.0,OC,AU,AU-WA,,medium_airport,False,AU
LET,Alfredo Vásquez Cobo International Airport,-4.19355,-69.9432,277.0,SA,CO,CO-AMA,Leticia,medium_airport,False,CO
LEX,Blue Grass Airport,38.036499,-84.605904,979.0,,US,US-KY,Lexington,medium_airport,False,US
LFM,Lamerd Airport,27.3727,53.188801,1337.0,AS,IR,IR-07,Lamerd,medium_airport,False,IR
LFQ,Linfen Yaodu Airport,36.132629,111.641236,1483.0,AS,CN,CN-14,Linfen (Yaodu),medium_airport,False,CN
LFT,Lafayette Regional Airport,30.205299,-91.987602,42.0,,US,US-LA,Lafayette,medium_airport,False,US
LFW,Lomé–Tokoin International Airport,6.16561,1.25451,72.0,AF,TG,TG-M,Lomé,medium_airport,False,TG
LGA,LaGuardia Airport,40.777199,-73.872597,21.0,,US,US-NY,New York,large_airport,False,US
LGB,Long Beach Airport (Daugherty Field),33.816523,-118.149891,60.0,,US,US-CA,Long Beach,medium_airport,False,US
LGG,Liège Airport,50.638574,5.443897,659.0,EU,BE,BE-WLG,Grâce-Hollogne,medium_airport,False,BE
LGI,Deadman's Cay Airport,23.1790008545,-75.09359741210001,9.0,,BS,BS-LI,Deadman's Cay,medium_airport,False,BS
LGK,Langkawi International Airport,6.329730033874512,99.72869873046876,29.0,AS,MY,MY-02,Langkawi,medium_airport,False,MY
LGW,London Gatwick Airport,51.148771,-0.192089,202.0,EU,GB,GB-ENG,London,large_airport,False,GB
LHE,Allama Iqbal International Airport,31.521601,74.403603,712.0,AS,PK,PK-PB,Lahore,large_airport,False,PK
LHG,Lightning Ridge Airport,-29.452857,147.977146,540.0,OC,AU,AU-NSW,,medium_airport,False,AU
LHS,Las Heras Airport,-46.538517,-68.965323,1082.0,SA,AR,AR-Z,Las Heras,medium_airport,False,AR
LHW,Lanzhou Zhongchuan International Airport,36.515202,103.620003,6388.0,AS,CN,CN-62,Lanzhou (Yongdeng),large_airport,False,CN
LIF,Lifou Airport,-20.774563,167.239328,92.0,OC,NC,NC-01,Lifou,medium_airport,False,NC
LIG,Limoges Airport,45.862801,1.17944,1300.0,EU,FR,FR-NAQ,Limoges/Bellegarde,medium_airport,False,FR
LIH,Lihue Airport,21.976,-159.339005,153.0,OC,US,US-HI,Lihue,medium_airport,False,US
LIL,Lille Airport,50.563332,3.086886,157.0,EU,FR,FR-HDF,Lesquin,medium_airport,False,FR
LIM,Jorge Chávez International Airport,-12.0219,-77.114305,113.0,SA,PE,PE-LIM,Lima,large_airport,False,PE
LIN,Milano Linate Airport,45.445099,9.27674,353.0,EU,IT,IT-25,Segrate (MI),medium_airport,False,IT
LIO,Limon International Airport,9.95796012878418,-83.02200317382812,7.0,,CR,CR-L,Puerto Limon,medium_airport,False,CR
LIR,Guanacaste Airport,10.5933,-85.544403,270.0,,CR,CR-G,Liberia,large_airport,False,CR
LIS,Humberto Delgado Airport (Lisbon Portela Airport),38.7813,-9.13592,374.0,EU,PT,PT-11,Lisbon,large_airport,False,PT
LIT,Bill & Hillary Clinton National Airport/Adams Field,34.729582,-92.223728,262.0,,US,US-AR,Little Rock,medium_airport,False,US
LIW,Loikaw Airport,19.691499710083008,97.2147979736328,2940.0,AS,MM,MM-12,Loikaw,medium_airport,False,MM
LJG,Lijiang Sanyi International Airport,26.68,100.246002,7359.0,AS,CN,CN-53,Lijiang (Gucheng),medium_airport,False,CN
LJU,Ljubljana Jože Pučnik Airport,46.223701,14.4576,1273.0,EU,SI,SI-012,Zgornji Brnik,large_airport,False,SI
LKL,"Lakselv Airport, Banak",70.068802,24.973499,25.0,EU,NO,NO-56,Lakselv,medium_airport,False,NO
LKN,Leknes Airport,68.152496337891,13.609399795532,78.0,EU,NO,NO-18,Leknes,medium_airport,False,NO
LKO,Chaudhary Charan Singh International Airport,26.7605991364,80.8892974854,410.0,AS,IN,IN-UP,Lucknow,medium_airport,False,IN
LLA,Luleå Airport,65.5438,22.122,65.0,EU,SE,SE-BD,Luleå,medium_airport,False,SE
LLF,Yongzhou Lingling Airport,26.338661,111.610043,340.0,AS,CN,CN-43,Yongzhou,medium_airport,False,CN
LLV,Lüliang Dawu Airport,37.683333,111.142778,,AS,CN,CN-61,Lüliang,medium_airport,False,CN
LLW,Kamuzu International Airport,-13.7894,33.780998,4035.0,AF,MW,MW-LI,Lumbadzi,medium_airport,False,MW
LME,Le Mans-Arnage Airport,47.948604,0.201702,194.0,EU,FR,FR-PDL,"Le Mans, Sarthe",medium_airport,False,FR
LMM,Valle del Fuerte International Airport,25.685447,-109.081055,16.0,,MX,MX-SIN,Los Mochis,medium_airport,False,MX
LMN,Limbang Airport,4.808300018310547,115.01000213623048,14.0,AS,MY,MY-13,Limbang,medium_airport,False,MY
LMP,Lampedusa Airport,35.497898,12.6181,70.0,EU,IT,IT-82,Lampedusa,medium_airport,False,IT
LNJ,Lincang Boshang Airport,23.7381,100.025002,6230.0,AS,CN,CN-53,Lincang,medium_airport,False,CN
LNK,Lincoln Airport,40.85100173950195,-96.75920104980467,1219.0,,US,US-NE,Lincoln,medium_airport,False,US
LNL,Longnan Chengzhou Airport,33.789918,105.790014,3707.0,AS,CN,CN-62,Longnan (Cheng),medium_airport,False,CN
LNO,Leonora Airport,-28.87809944152832,121.31500244140624,1217.0,OC,AU,AU-WA,Leonora,medium_airport,False,AU
LNS,Lancaster Airport,40.121700286865234,-76.29609680175781,403.0,,US,US-PA,Lancaster,medium_airport,False,US
LNY,Lanai Airport,20.785675,-156.951324,1308.0,OC,US,US-HI,Lanai City,medium_airport,False,US
LNZ,Linz-Hörsching Airport / Vogler Air Base,48.2332,14.1875,980.0,EU,AT,AT-4,Linz,medium_airport,False,AT
LOE,Loei Airport,17.43910026550293,101.72200012207033,860.0,AS,TH,TH-42,,medium_airport,False,TH
LOP,Lombok International Airport,-8.759962,116.278169,319.0,AS,ID,ID-NB,"Mataram (Pujut, Lombok Tengah)",medium_airport,False,ID
LOS,Murtala Muhammed International Airport,6.57737,3.32116,135.0,AF,NG,NG-LA,Lagos,large_airport,False,NG
LPA,Gran Canaria Airport,27.9319,-15.3866,78.0,AF,ES,ES-CN,Gran Canaria Island,large_airport,False,ES
LPB,El Alto International Airport,-16.5132999420166,-68.19229888916016,13355.0,SA,BO,BO-L,La Paz / El Alto,medium_airport,False,BO
LPF,Liupanshui Yuezhao Airport,26.609417,104.979,,AS,CN,CN-52,Liupanshui (Zhongshan),medium_airport,False,CN
LPI,Linköping City Airport,58.4062004089,15.6805000305,172.0,EU,SE,SE-E,Linköping,medium_airport,False,SE
LPK,Lipetsk Airport,52.70280075073242,39.53779983520508,584.0,EU,RU,RU-LIP,Lipetsk,medium_airport,False,RU
LPL,Liverpool John Lennon Airport,53.333599,-2.84972,80.0,EU,GB,GB-ENG,Liverpool,medium_airport,False,GB
LPP,Lappeenranta Airport,61.044601,28.144743,349.0,EU,FI,FI-02,Lappeenranta,medium_airport,False,FI
LPQ,Luang Phabang International Airport,19.897300720214844,102.16100311279295,955.0,AS,LA,LA-LP,Luang Phabang,medium_airport,False,LA
LPT,Lampang Airport,18.27090072631836,99.50420379638672,811.0,AS,TH,TH-52,,medium_airport,False,TH
LPY,Le Puy-Loudes Airfield,45.0807,3.76289,2731.0,EU,FR,FR-ARA,"Chaspuzac, Haute-Loire",medium_airport,False,FR
LRD,Laredo International Airport,27.543800354003903,-99.46160125732422,508.0,,US,US-TX,Laredo,medium_airport,False,US
LRE,Longreach Airport,-23.4342,144.279999,627.0,OC,AU,AU-QLD,Longreach,medium_airport,False,AU
LRH,La Rochelle-Île de Ré Airport,46.179199,-1.19528,74.0,EU,FR,FR-NAQ,La Rochelle/Île de Ré,medium_airport,False,FR
LRM,Casa De Campo International Airport,18.452222,-68.911111,213.0,,DO,DO-12,La Romana,large_airport,False,DO
LRR,Lar Airport,27.6747,54.383301,2641.0,AS,IR,IR-07,Lar,medium_airport,False,IR
LRT,Lorient South Brittany (Bretagne Sud) Airport,47.760601,-3.44,160.0,EU,FR,FR-BRE,Lorient/Lann/Bihoué,medium_airport,False,FR
LRU,Las Cruces International Airport,32.289398,-106.921997,4456.0,,US,US-NM,Las Cruces,medium_airport,False,US
LSC,La Florida Airport,-29.916201,-71.199501,481.0,SA,CL,CL-CO,La Serena-Coquimbo,medium_airport,False,CL
LSE,La Crosse Regional Airport,43.879002,-91.256699,655.0,,US,US-WI,La Crosse,medium_airport,False,US
LSH,Lashio Airport,22.9778995513916,97.752197265625,2450.0,AS,MM,MM-17,Lashio,medium_airport,False,MM
LSI,Sumburgh Airport,59.87889862060547,-1.295560002326965,20.0,EU,GB,GB-SCT,Lerwick,medium_airport,False,GB
LSP,Josefa Camejo International Airport,11.780775,-70.151497,75.0,SA,VE,VE-I,Paraguaná,medium_airport,False,VE
LSR,Alas Leuser Airport,3.391456,97.863726,419.0,AS,ID,ID-AC,Kutacane,medium_airport,False,ID
LST,Launceston Airport,-41.544935,147.210785,562.0,OC,AU,AU-TAS,Launceston (Western Junction),medium_airport,False,AU
LSY,Lismore Airport,-28.830689,153.258419,35.0,OC,AU,AU-NSW,Lismore,medium_airport,False,AU
LTD,Ghadames East Airport,30.15169906616211,9.715310096740724,1122.0,AF,LY,LY-NL,Ghadames,medium_airport,False,LY
LTI,Altai Airport,46.37639999389648,96.22109985351562,7260.0,AS,MN,MN-065,Altai,medium_airport,False,MN
LTM,Lethem Airport,3.37276,-59.789398,351.0,SA,GY,GY-UT,Lethem,medium_airport,False,GY
LTN,London Luton Airport,51.874699,-0.368333,526.0,EU,GB,GB-ENG,"Luton, Bedfordshire",large_airport,False,GB
LTO,Loreto International Airport,25.989200592041016,-111.3479995727539,34.0,,MX,MX-BCS,Loreto,medium_airport,False,MX
LTU,Murod Kond Airport,18.411501,76.464699,2136.0,AS,IN,IN-MM,Latur,medium_airport,False,IN
LTX,Cotopaxi International Airport,-0.906833,-78.615799,9205.0,SA,EC,EC-X,Latacunga,medium_airport,False,EC
LUD,Luderitz Airport,-26.687400817871097,15.242899894714355,457.0,AF,,NA-KA,Luderitz,medium_airport,False,
LUG,Lugano Airport,46.004299,8.91058,915.0,EU,CH,CH-TI,Agno,medium_airport,False,CH
LUK,Cincinnati Municipal Airport Lunken Field,39.102357,-84.418945,483.0,,US,US-OH,Cincinnati,medium_airport,False,US
LUM,Dehong Mangshi Airport,24.4011,98.5317,2890.0,AS,CN,CN-53,Dehong (Mangshi),medium_airport,False,CN
LUN,Kenneth Kaunda International Airport,-15.330833,28.452722,3779.0,AF,ZM,ZM-09,Lusaka,large_airport,False,ZM
LUQ,Brigadier Mayor D Cesar Raul Ojeda Airport,-33.273201,-66.3564,2328.0,SA,AR,AR-D,San Luis,medium_airport,False,AR
LUR,Cape Lisburne LRRS Airport,68.875099,-166.110001,16.0,,US,US-AK,Cape Lisburne,medium_airport,False,US
LUV,Karel Sadsuitubun Airport,-5.760278,132.759444,78.0,AS,ID,ID-MA,Langgur,medium_airport,False,ID
LUX,Luxembourg-Findel International Airport,49.6233333,6.2044444,1234.0,EU,LU,LU-L,Luxembourg,large_airport,False,LU
LUZ,Lublin Airport,51.240157,22.713461,633.0,EU,PL,PL-LU,Lublin,medium_airport,False,PL
LVI,Harry Mwanga Nkumbula International Airport,-17.8218,25.822701,3302.0,AF,ZM,ZM-07,Livingstone,medium_airport,False,ZM
LWB,Greenbrier Valley Airport,37.857914,-80.400438,2302.0,,US,US-WV,Lewisburg,medium_airport,False,US
LWN,Shirak International Airport,40.750401,43.859299,5000.0,AS,AM,AM-SH,Gyumri,medium_airport,False,AM
LWO,Lviv International Airport,49.8125,23.9561,1071.0,EU,UA,UA-46,Lviv,large_airport,False,UA
LWS,Lewiston Nez Perce County Airport,46.3745002746582,-117.01499938964844,1442.0,,US,US-ID,Lewiston,medium_airport,False,US
LXA,Lhasa Gonggar Airport,29.298001,90.911951,11713.0,AS,CN,CN-54,Shannan (Gonggar),medium_airport,False,CN
LXR,Luxor International Airport,25.671037,32.706451,276.0,AF,EG,EG-LX,Luxor,medium_airport,False,EG
LYA,Luoyang Beijiao Airport,34.7411,112.388,840.0,AS,CN,CN-41,Luoyang (Laocheng),medium_airport,False,CN
LYC,Lycksele Airport,64.548302,18.7162,705.0,EU,SE,SE-AC,Lycksele,medium_airport,False,SE
LYG,Lianyungang Huaguoshan International Airport,34.41406,119.17899,,AS,CN,CN-32,Lianyungang,medium_airport,False,CN
LYH,Lynchburg Regional Airport - Preston Glenn Field,37.326698,-79.200401,938.0,,US,US-VA,Lynchburg,medium_airport,False,US
LYI,Linyi Qiyang Airport,35.052918,118.411828,177.0,AS,CN,CN-37,Linyi (Hedong),medium_airport,False,CN
LYP,Faisalabad International Airport,31.364999771118164,72.99479675292969,591.0,AS,PK,PK-PB,Faisalabad,medium_airport,False,PK
LYR,"Svalbard Airport, Longyear",78.246101379395,15.465600013733,88.0,EU,NO,NO-21,Longyearbyen,medium_airport,False,NO
LYS,Lyon Saint-Exupéry Airport,45.725996,5.090139,821.0,EU,FR,FR-ARA,"Colombier-Saugnieu, Rhône",large_airport,False,FR
LZG,Langzhong Gucheng Airport,31.50191,106.034417,1444.0,AS,CN,CN-51,Nanchong (Langzhong),medium_airport,False,CN
LZH,Liuzhou Bailian Airport / Bailian Air Base,24.2075,109.390999,295.0,AS,CN,CN-45,Liuzhou (Liujiang),medium_airport,False,CN
LZN,Matsu Nangan Airport,26.159656,119.958376,232.0,AS,TW,TW-X-LK,Matsu (Nangan),medium_airport,False,TW
LZO,Luzhou Yunlong Airport,29.030357,105.468407,,AS,CN,CN-51,Luzhou (Yunlong),medium_airport,False,CN
LZY,Nyingchi Mainling Airport,29.303301,94.335297,9675.0,AS,CN,CN-54,Nyingchi (Mainling),medium_airport,False,CN
MAA,Chennai International Airport,12.990005,80.169296,52.0,AS,IN,IN-TN,Chennai,large_airport,False,IN
MAB,João Correa da Rocha Airport,-5.36859,-49.138,357.0,SA,BR,BR-PA,Marabá,medium_airport,False,BR
MAF,Midland International Air and Space Port,31.942499,-102.202003,2871.0,,US,US-TX,Midland,medium_airport,False,US
MAG,Madang Airport,-5.20707988739,145.789001465,20.0,OC,PG,PG-MPM,Madang,medium_airport,False,PG
MAH,Menorca Airport,39.862598,4.21865,302.0,EU,ES,ES-IB,Mahón (Maó),medium_airport,False,ES
MAJ,Marshall Islands International Airport,7.06476,171.272003,6.0,OC,MH,MH-MAJ,Majuro Atoll,medium_airport,False,MH
MAK,Malakal Airport,9.55897,31.652201,1291.0,AF,SS,SS-NU,Malakal,medium_airport,False,SS
MAM,General Servando Canales International Airport,25.7698993683,-97.5252990723,25.0,,MX,MX-TAM,Matamoros,medium_airport,False,MX
MAN,Manchester Airport,53.349375,-2.279521,257.0,EU,GB,GB-ENG,"Manchester, Greater Manchester",large_airport,False,GB
MAO,Eduardo Gomes International Airport,-3.03861,-60.049702,264.0,SA,BR,BR-AM,Manaus,large_airport,False,BR
MAQ,Mae Sot Airport,16.699899673461914,98.54509735107422,690.0,AS,TH,TH-63,,medium_airport,False,TH
MAR,La Chinita International Airport,10.5582084656,-71.7278594971,239.0,SA,VE,VE-V,Maracaibo,medium_airport,False,VE
MAS,Momote Airport,-2.06189,147.423996,12.0,OC,PG,PG-MRL,Manus Island,medium_airport,False,PG
MAU,Maupiti Airport,-16.42650032043457,-152.24400329589844,15.0,OC,PF,PF-U-A,,medium_airport,False,PF
MAX,Ouro Sogui Airport,15.5936,-13.3228,85.0,AF,SN,SN-MT,Ouro Sogui,medium_airport,False,SN
MAZ,Eugenio Maria De Hostos Airport,18.255699157714844,-67.14849853515625,28.0,,PR,PR-U-A,Mayaguez,medium_airport,False,PR
MBA,Moi International Airport,-4.03483,39.5942,200.0,AF,KE,KE-300,Mombasa,large_airport,False,KE
MBD,Mmabatho International Airport,-25.798400878900004,25.548000335699996,4181.0,AF,ZA,ZA-NW,Mafeking,medium_airport,False,ZA
MBE,Monbetsu Airport,44.303901672399995,143.404006958,80.0,AS,JP,JP-01,Monbetsu,medium_airport,False,JP
MBI,Songwe Airport,-8.919942,33.273981,4412.0,AF,TZ,TZ-14,Mbeya,medium_airport,False,TZ
MBJ,Sangster International Airport,18.5037,-77.913399,4.0,,JM,JM-08,Montego Bay,medium_airport,False,JM
MBS,MBS International Airport,43.531913,-84.082275,668.0,,US,US-MI,Freeland,medium_airport,False,US
MBT,Moises R. Espinosa Airport,12.369682,123.630095,49.0,AS,PH,PH-MAS,Masbate,medium_airport,False,PH
MBW,Melbourne Moorabbin Airport,-37.975799560546875,145.1020050048828,50.0,OC,AU,AU-VIC,Melbourne,medium_airport,False,AU
MCE,Merced Regional Macready Field,37.284698,-120.514,155.0,,US,US-CA,Merced,medium_airport,False,US
MCG,McGrath Airport,62.95289993,-155.6060028,341.0,,US,US-AK,McGrath,medium_airport,False,US
MCI,Kansas City International Airport,39.2976,-94.713898,1026.0,,US,US-MO,Kansas City,large_airport,False,US
MCK,McCook Ben Nelson Regional Airport,40.207787,-100.592794,2583.0,,US,US-NE,McCook,medium_airport,False,US
MCN,Middle Georgia Regional Airport,32.69279861450195,-83.64920043945312,354.0,,US,US-GA,Macon,medium_airport,False,US
MCO,Orlando International Airport,28.429399490356445,-81.30899810791016,96.0,,US,US-FL,Orlando,large_airport,False,US
MCP,Macapá - Alberto Alcolumbre International Airport,0.050664,-51.072201,56.0,SA,BR,BR-AP,Macapá,medium_airport,False,BR
MCT,Muscat International Airport,23.5933,58.284401,48.0,AS,OM,OM-MA,Muscat,large_airport,False,OM
MCW,Mason City Municipal Airport,43.159801,-93.329716,1213.0,,US,US-IA,Mason City,medium_airport,False,US
MCX,Makhachkala Uytash International Airport,42.816799,47.652302,12.0,EU,RU,RU-DA,Makhachkala,medium_airport,False,RU
MCY,Sunshine Coast Airport,-26.593324,153.08319,15.0,OC,AU,AU-QLD,Maroochydore,medium_airport,False,AU
MCZ,Zumbi dos Palmares Airport,-9.51081,-35.791698,387.0,SA,BR,BR-AL,Maceió,medium_airport,False,BR
MDC,Sam Ratulangi Airport,1.549266,124.926319,264.0,AS,ID,ID-SA,Manado,medium_airport,False,ID
MDE,Jose Maria Córdova International Airport,6.16454,-75.4231,6955.0,SA,CO,CO-ANT,Medellín,medium_airport,False,CO
MDG,Mudanjiang Hailang International Airport,44.5241012573,129.569000244,883.0,AS,CN,CN-23,Mudanjiang,medium_airport,False,CN
MDI,Makurdi Airport,7.70388,8.61394,371.0,AF,NG,NG-BE,Makurdi,medium_airport,False,NG
MDK,Mbandaka Airport,0.0226000007242,18.2887001038,1040.0,AF,CD,CD-EQ,Mbandaka,medium_airport,False,CD
MDL,Mandalay International Airport,21.70219993591309,95.97789764404295,300.0,AS,MM,MM-04,Mandalay,large_airport,False,MM
MDQ,Ástor Piazzola International Airport,-37.9342,-57.5733,72.0,SA,AR,AR-B,Mar del Plata,medium_airport,False,AR
MDT,Harrisburg International Airport,40.193501,-76.763397,310.0,,US,US-PA,Harrisburg,medium_airport,False,US
MDU,Mendi Airport,-6.14774,143.656998,5680.0,OC,PG,PG-SHM,Mendi,medium_airport,False,PG
MDW,Chicago Midway International Airport,41.785999,-87.752403,620.0,,US,US-IL,Chicago,large_airport,False,US
MDZ,El Plumerillo Airport,-32.8316993713,-68.7929000854,2310.0,SA,AR,AR-M,Mendoza,medium_airport,False,AR
MEB,Melbourne Essendon Airport,-37.7281,144.901993,282.0,OC,AU,AU-VIC,Essendon Fields,medium_airport,False,AU
MEC,Eloy Alfaro International Airport,-0.9460780024528505,-80.67880249023438,48.0,SA,EC,EC-M,Manta,medium_airport,False,EC
MED,Prince Mohammad Bin Abdulaziz Airport,24.5534,39.705101,2151.0,AS,SA,SA-03,Medina,large_airport,False,SA
MEE,Maré Airport,-21.482438,168.038465,141.0,OC,NC,NC-01,Maré,medium_airport,False,NC
MEG,Malanje Airport,-9.525090217590332,16.312400817871094,3868.0,AF,AO,AO-MAL,Malanje,medium_airport,False,AO
MEH,Mehamn Airport,71.029701,27.8267,39.0,EU,NO,NO-56,Mehamn,medium_airport,False,NO
MEI,Key Field / Meridian Regional Airport,32.3326,-88.7519,297.0,,US,US-MS,Meridian,medium_airport,False,US
MEM,Memphis International Airport,35.0424,-89.9767,341.0,,US,US-TN,Memphis,large_airport,False,US
MEQ,Cut Nyak Dhien Airport,4.040631,96.253538,10.0,AS,ID,ID-AC,Kuala Pesisir,medium_airport,False,ID
MFE,McAllen Miller International Airport,26.176141,-98.237965,107.0,,US,US-TX,McAllen,medium_airport,False,US
MFK,Matsu Beigan Airport,26.224199,120.002998,41.0,AS,TW,TW-X-LK,Matsu (Beigan),medium_airport,False,TW
MFM,Macau International Airport,22.149599,113.592003,20.0,AS,MO,MO-CAR,Nossa Senhora do Carmo,large_airport,False,MO
MFR,Rogue Valley International Medford Airport,42.37419891357422,-122.8730010986328,1335.0,,US,US-OR,Medford,medium_airport,False,US
MFU,Mfuwe Airport,-13.258899688720703,31.936599731445312,1853.0,AF,ZM,ZM-03,Mfuwe,medium_airport,False,ZM
MGA,Augusto C. Sandino (Managua) International Airport,12.14150047302246,-86.16819763183594,194.0,,NI,NI-MN,Managua,medium_airport,False,NI
MGB,Mount Gambier Airport,-37.744382,140.780561,,OC,AU,AU-SA,Mount Gambier,medium_airport,False,AU
MGF,Regional de Maringá - Sílvio Name Júnior Airport,-23.47606,-52.016187,1801.0,SA,BR,BR-PR,Maringá,medium_airport,False,BR
MGH,Margate Airport,-30.8574008942,30.343000412,495.0,AF,ZA,ZA-NL,Margate,medium_airport,False,ZA
MGM,Montgomery Regional (Dannelly Field) Airport,32.300598,-86.393997,221.0,,US,US-AL,Montgomery,medium_airport,False,US
MGQ,Aden Adde International Airport,2.0144400596618652,45.3046989440918,29.0,AF,SO,SO-BN,Mogadishu,medium_airport,False,SO
MGW,Morgantown Municipal Airport Walter L. (Bill) Hart Field,39.643305,-79.917598,1248.0,,US,US-WV,Morgantown,medium_airport,False,US
MGZ,Myeik Airport,12.439800262451172,98.62149810791016,75.0,AS,MM,MM-05,Mkeik,medium_airport,False,MM
MHD,Mashhad International Airport,36.235198974609375,59.64099884033203,3263.0,AS,IR,IR-09,Mashhad,large_airport,False,IR
MHG,Mannheim-City Airport,49.473057,8.514167,308.0,EU,DE,DE-BW,Mannheim,medium_airport,False,DE
MHH,Leonard M Thompson International Airport,26.510711,-77.084262,6.0,,BS,BS-CO,Marsh Harbour,medium_airport,False,BS
MHK,Manhattan Regional Airport,39.14099884033203,-96.6707992553711,1057.0,,US,US-KS,Manhattan,medium_airport,False,US
MHQ,Mariehamn Airport,60.1222,19.898199,17.0,EU,FI,FI-01,Mariehamn,medium_airport,False,FI
MHT,Manchester-Boston Regional Airport,42.932598,-71.435699,266.0,,US,US-NH,Manchester,medium_airport,False,US
MHU,Mount Hotham Airport,-37.0475006104,147.333999634,4260.0,OC,AU,AU-VIC,Mount Hotham,medium_airport,False,AU
MID,Manuel Crescencio Rejón International Airport,20.930485,-89.645462,38.0,,MX,MX-YUC,Mérida,large_airport,False,MX
MIG,Mianyang Nanjiao Airport,31.428101,104.740997,7874.0,AS,CN,CN-51,Mianyang (Fucheng),medium_airport,False,CN
MII,Frank Miloye Milenkowichi–Marília State Airport,-22.196899,-49.926485,2134.0,SA,BR,BR-SP,Marília,medium_airport,False,BR
MIM,Merimbula Airport,-36.9085998535,149.901000977,7.0,OC,AU,AU-NSW,Merimbula,medium_airport,False,AU
MIR,Monastir Habib Bourguiba International Airport,35.75809860229492,10.75469970703125,9.0,AF,TN,TN-52,Monastir,medium_airport,False,TN
MIU,Maiduguri International Airport,11.855299949645996,13.080900192260742,1099.0,AF,NG,NG-BO,Maiduguri,medium_airport,False,NG
MJF,"Mosjøen Airport, Kjærstad",65.783997,13.2149,237.0,EU,NO,NO-18,Mosjøen,medium_airport,False,NO
MJI,Mitiga International Airport,32.89177,13.287878,36.0,AF,LY,LY-TB,Tripoli,large_airport,False,LY
MJK,Shark Bay Airport,-25.897294,113.575802,111.0,OC,AU,AU-WA,Denham,medium_airport,False,AU
MJM,Mbuji Mayi Airport,-6.121240139010001,23.569000244099996,2221.0,AF,CD,CD-KE,Mbuji Mayi,medium_airport,False,CD
MJN,Amborovy Airport,-15.666842,46.351233,87.0,AF,MG,MG-M,Mahajanga,medium_airport,False,MG
MJT,Mytilene International Airport,39.057272,26.598887,60.0,EU,GR,GR-K,Mytilene,medium_airport,False,GR
MJZ,Mirny Airport,62.534698486328125,114.03900146484376,1156.0,AS,RU,RU-SA,Mirny,medium_airport,False,RU
MKE,General Mitchell International Airport,42.947201,-87.896599,723.0,,US,US-WI,Milwaukee,large_airport,False,US
MKG,Muskegon County Airport,43.169498,-86.238197,629.0,,US,US-MI,Muskegon,medium_airport,False,US
MKK,Molokai Airport,21.152901,-157.095993,454.0,OC,US,US-HI,Kaunakakai,medium_airport,False,US
MKL,McKellar-Sipes Regional Airport,35.599899,-88.915604,434.0,,US,US-TN,Jackson,medium_airport,False,US
MKM,Mukah Airport,2.881944,112.043333,20.0,AS,MY,MY-13,Mukah,medium_airport,False,MY
MKP,Makemo Airport,-16.5839,-143.658005,3.0,OC,PF,PF-U-A,Makemo,medium_airport,False,PF
MKQ,Mopah International Airport,-8.523898,140.419693,10.0,AS,ID,ID-PS,Merauke,medium_airport,False,ID
MKR,Meekatharra Airport,-26.6117000579834,118.5479965209961,1713.0,OC,AU,AU-WA,,medium_airport,False,AU
MKU,Makokou Airport,0.5792109966278076,12.890899658203123,1726.0,AF,GA,GA-6,Makokou,medium_airport,False,GA
MKW,Rendani Airport,-0.891833,134.048996,23.0,AS,ID,ID-PB,Manokwari,medium_airport,False,ID
MKY,Mackay Airport,-21.170816,149.182588,19.0,OC,AU,AU-QLD,Mackay,medium_airport,False,AU
MLA,Malta International Airport,35.857498,14.4775,300.0,EU,MT,MT-25,Valletta,large_airport,False,MT
MLB,Melbourne Orlando International Airport,28.1028,-80.645302,33.0,,US,US-FL,Melbourne,medium_airport,False,US
MLE,Malé International Airport,4.191830158233643,73.52909851074219,6.0,AS,MV,MV-MLE,Malé,large_airport,False,MV
MLG,Abdul Rachman Saleh Airport,-7.929099,112.714233,1726.0,AS,ID,ID-JI,Malang,medium_airport,False,ID
MLI,Quad City International Airport,41.448502,-90.5075,590.0,,US,US-IL,Moline,medium_airport,False,US
MLM,General Francisco J. Mujica International Airport,19.849899,-101.025002,6033.0,,MX,MX-MIC,Morelia,medium_airport,False,MX
MLN,Melilla Airport,35.2798,-2.95626,156.0,AF,ES,ES-ML,Melilla,medium_airport,False,ES
MLU,Monroe Regional Airport,32.510899,-92.037697,79.0,,US,US-LA,Monroe,medium_airport,False,US
MLW,Spriggs Payne Airport,6.28906,-10.7587,25.0,AF,LR,LR-MO,Monrovia,medium_airport,False,LR
MLX,Malatya Erhaç Airport,38.4352989197,38.0909996033,2828.0,AS,TR,TR-44,Malatya,medium_airport,False,TR
MMB,Memanbetsu Airport,43.8805999756,144.164001465,135.0,AS,JP,JP-01,Ōzora,medium_airport,False,JP
MMD,Minamidaito Airport,25.8465,131.263,167.0,AS,JP,JP-47,Minamidaito,medium_airport,False,JP
MME,Teesside International Airport,54.509201,-1.42941,120.0,EU,GB,GB-ENG,"Darlington, Durham",medium_airport,False,GB
MMG,Mount Magnet Airport,-28.116100311279297,117.84200286865234,1354.0,OC,AU,AU-WA,,medium_airport,False,AU
MMJ,Shinshu-Matsumoto Airport,36.166801,137.923004,2182.0,AS,JP,JP-20,Matsumoto,medium_airport,False,JP
MMK,Murmansk Airport,68.78170013427734,32.75080108642578,266.0,EU,RU,RU-MUR,Murmansk,medium_airport,False,RU
MMO,Maio Airport,15.15590000152588,-23.213699340820312,36.0,AF,CV,CV-S,Vila do Maio,medium_airport,False,CV
MMX,Malmö Sturup Airport,55.535564,13.376327,236.0,EU,SE,SE-M,Malmö,medium_airport,False,SE
MMY,Miyako Airport,24.782801,125.294998,150.0,AS,JP,JP-47,Miyakojima,medium_airport,False,JP
MMZ,Maymana Zahiraddin Faryabi Airport,35.930801,64.760902,2743.0,AS,AF,AF-FYB,Maymana,medium_airport,False,AF
MNG,Maningrida Airport,-12.0560998917,134.23399353,123.0,OC,AU,AU-NT,Maningrida,medium_airport,False,AU
MNI,John A. Osborne Airport,16.791401,-62.193298,550.0,,MS,MS-SP,Gerald's Park,medium_airport,False,MS
MNJ,Mananjary Airport,-21.201799,48.358299,20.0,AF,MG,MG-F,Mananjary,medium_airport,False,MG
MNL,Ninoy Aquino International Airport,14.5086,121.019997,75.0,AS,PH,PH-00,Manila (Pasay),large_airport,False,PH
MNX,Manicoré Airport,-5.81138,-61.278301,174.0,SA,BR,BR-AM,Manicoré,medium_airport,False,BR
MOB,Mobile Regional Airport,30.6912,-88.242798,219.0,,US,US-AL,Mobile,medium_airport,False,US
MOC,Mário Ribeiro Airport,-16.706919,-43.818901,2191.0,SA,BR,BR-MG,Montes Claros,medium_airport,False,BR
MOG,Mong Hsat Airport,20.516799926757812,99.25679779052734,1875.0,AS,MM,MM-17,Mong Hsat,medium_airport,False,MM
MOL,"Molde Airport, Årø",62.744701,7.2625,10.0,EU,NO,NO-15,Årø,medium_airport,False,NO
MOQ,Morondava Airport,-20.2847,44.3176,30.0,AF,MG,MG-U,Morondava,medium_airport,False,MG
MOT,Minot International Airport,48.2593994140625,-101.27999877929688,1716.0,,US,US-ND,Minot,medium_airport,False,US
MOV,Moranbah Airport,-22.057800293,148.07699585,770.0,OC,AU,AU-QLD,Moranbah,medium_airport,False,AU
MOZ,Moorea Temae Airport,-17.48979,-149.761777,9.0,OC,PF,PF-U-A,Moorea-Maiao,medium_airport,False,PF
MPA,Katima Mulilo Airport,-17.634258,24.176688,3144.0,AF,,NA-CA,Mpacha,medium_airport,False,
MPH,Godofredo P. Ramos Airport,11.9245,121.954002,7.0,AS,PH,PH-AKL,Caticlan,medium_airport,False,PH
MPL,Montpellier-Méditerranée Airport,43.576199,3.96301,17.0,EU,FR,FR-OCC,Montpellier/Méditerranée,medium_airport,False,FR
MPM,Maputo Airport,-25.920799,32.572601,145.0,AF,MZ,MZ-MPM,Maputo,large_airport,False,MZ
MPN,Mount Pleasant Airport,-51.82279968261719,-58.44720077514648,244.0,SA,FK,FK-U-A,Mount Pleasant,medium_airport,False,FK
MPW,Mariupol International Airport,47.07609939575195,37.44960021972656,251.0,EU,UA,UA-14,Mariupol,medium_airport,False,UA
MQF,Magnitogorsk International Airport,53.39310073852539,58.75569915771485,1430.0,EU,RU,RU-BA,Magnitogorsk,medium_airport,False,RU
MQJ,Moma Airport,66.450861,143.261551,656.0,AS,RU,RU-SA,Khonuu,medium_airport,False,RU
MQL,Mildura Airport,-34.229198455799995,142.085998535,167.0,OC,AU,AU-VIC,Mildura,medium_airport,False,AU
MQM,Mardin Airport,37.2233009338,40.6316986084,1729.0,AS,TR,TR-47,Mardin,medium_airport,False,TR
MQN,"Mo i Rana Airport, Røssvoll",66.363899230957,14.301400184631,229.0,EU,NO,NO-18,Mo i Rana,medium_airport,False,NO
MQP,Kruger Mpumalanga International Airport,-25.3831996918,31.1056003571,2829.0,AF,ZA,ZA-MP,Mpumalanga,medium_airport,False,ZA
MQS,Mustique Airport,12.8879,-61.180199,8.0,,VC,VC-06,Lovell,medium_airport,False,VC
MQT,Marquette/Sawyer International Airport,46.3536,-87.395401,1221.0,,US,US-MI,Gwinn,medium_airport,False,US
MQX,Alula Aba Nega Airport,13.4674,39.533501,7396.0,AF,ET,ET-TI,Mekele,medium_airport,False,ET
MRE,Mara Serena Lodge Airstrip,-1.406111,35.008057,5200.0,AF,KE,KE-700,Masai Mara,medium_airport,False,KE
MRI,Merrill Field,61.212792,-149.843988,137.0,,US,US-AK,Anchorage,medium_airport,False,US
MRS,Marseille Provence Airport,43.438088,5.2125,74.0,EU,FR,FR-PAC,"Marignane, Bouches-du-Rhône",large_airport,False,FR
MRU,Sir Seewoosagur Ramgoolam International Airport,-20.430201,57.683601,186.0,AF,MU,MU-GP,Plaine Magnien,large_airport,False,MU
MRV,Mineralnyye Vody Airport,44.225101470947266,43.08190155029297,1054.0,EU,RU,RU-STA,Mineralnyye Vody,medium_airport,False,RU
MRX,Mahshahr Airport,30.5562,49.151901,8.0,AS,IR,IR-06,Mahshahr,medium_airport,False,IR
MRY,Monterey Peninsula Airport,36.58700180053711,-121.84300231933594,257.0,,US,US-CA,Monterey,medium_airport,False,US
MRZ,Moree Airport,-29.498899459799997,149.845001221,701.0,OC,AU,AU-NSW,Moree,medium_airport,False,AU
MSJ,Misawa Airport / Misawa Air Base,40.703201,141.367996,119.0,AS,JP,JP-02,Misawa,medium_airport,False,JP
MSL,Northwest Alabama Regional Airport,34.745123,-87.612981,551.0,,US,US-AL,Muscle Shoals,medium_airport,False,US
MSN,Dane County Regional Truax Field,43.1399,-89.337502,887.0,,US,US-WI,Madison,medium_airport,False,US
MSO,Missoula International Airport,46.91630173,-114.0910034,3206.0,,US,US-MT,Missoula,medium_airport,False,US
MSP,Minneapolis–Saint Paul International Airport / Wold–Chamberlain Field,44.880081,-93.221741,841.0,,US,US-MN,Minneapolis,large_airport,False,US
MSQ,Minsk National Airport,53.888071,28.039964,670.0,EU,BY,BY-MI,Minsk,large_airport,False,BY
MSR,Muş Airport,38.747798919677734,41.66120147705078,4157.0,AS,TR,TR-49,Muş,medium_airport,False,TR
MSS,Massena International Airport Richards Field,44.936157,-74.844304,215.0,,US,US-NY,Massena,medium_airport,False,US
MST,Maastricht Aachen Airport,50.911701,5.77014,375.0,EU,NL,NL-LI,Maastricht,medium_airport,False,NL
MSU,Moshoeshoe I International Airport,-29.462299,27.5525,5348.0,AF,LS,LS-A,Mazenod,medium_airport,False,LS
MSY,Louis Armstrong New Orleans International Airport,29.993401,-90.258003,4.0,,US,US-LA,New Orleans,large_airport,False,US
MSZ,Welwitschia Mirabilis International Airport,-15.2612,12.1468,210.0,AF,AO,AO-NAM,Moçâmedes,medium_airport,False,AO
MTJ,Montrose Regional Airport,38.5098,-107.893997,5759.0,,US,US-CO,Montrose,medium_airport,False,US
MTR,Los Garzones Airport,8.82374,-75.8258,41.0,SA,CO,CO-COR,Montería,medium_airport,False,CO
MTT,Minatitlán/Coatzacoalcos International Airport,18.103399,-94.580704,36.0,,MX,MX-VER,Cosoleacaque,medium_airport,False,MX
MTY,Monterrey International Airport,25.778521,-100.106989,1278.0,,MX,MX-NLE,Monterrey,large_airport,False,MX
MUA,Munda Airport,-8.32797,157.263,10.0,OC,SB,SB-WE,Munda,medium_airport,False,SB
MUB,Maun Airport,-19.970491,23.431409,3093.0,AF,BW,BW-NW,Maun,medium_airport,False,BW
MUC,Munich Airport,48.353802,11.7861,1487.0,EU,DE,DE-BY,Munich,large_airport,False,DE
MUE,Waimea Kohala Airport,20.001301,-155.667999,2671.0,OC,US,US-HI,Waimea (Kamuela),medium_airport,False,US
MUH,Marsa Matruh International Airport,31.325464,27.221716,75.0,AF,EG,EG-MT,Marsa Matruh,medium_airport,False,EG
MUN,Maturín Airport,9.749023,-63.153348,224.0,SA,VE,VE-N,Maturín,medium_airport,False,VE
MUR,Marudi Airport,4.178734,114.330318,103.0,AS,MY,MY-13,Marudi,medium_airport,False,MY
MUX,Multan International Airport,30.20319938659668,71.41909790039062,403.0,AS,PK,PK-PB,Multan,medium_airport,False,PK
MVB,M'Vengue El Hadj Omar Bongo Ondimba International Airport,-1.6561599969863892,13.437999725341797,1450.0,AF,GA,GA-2,Franceville,medium_airport,False,GA
MVD,Carrasco General Cesáreo L. Berisso International Airport,-34.835647,-56.026497,105.0,SA,UY,UY-CA,Ciudad de la Costa,large_airport,False,UY
MVF,Dix-Sept Rosado Airport,-5.20192,-37.3643,76.0,SA,BR,BR-RN,Mossoró,medium_airport,False,BR
MVP,Fabio Alberto Leon Bentley Airport,1.25366,-70.2339,680.0,SA,CO,CO-VAU,Mitú,medium_airport,False,CO
MVQ,Mogilev Airport,53.95489883422851,30.09510040283203,637.0,EU,BY,BY-MA,Mogilev,medium_airport,False,BY
MVR,Salak Airport,10.45139980316162,14.257399559020996,1390.0,AF,CM,CM-EN,Maroua,medium_airport,False,CM
MVT,Mataiva Airport,-14.8681001663208,-148.7169952392578,11.0,OC,PF,PF-U-A,,medium_airport,False,PF
MWA,Veterans Airport of Southern Illinois,37.751208,-89.016568,472.0,,US,US-IL,Marion,medium_airport,False,US
MWX,Muan International Airport,34.991406,126.382814,35.0,AS,KR,KR-46,Muan (Piseo-ri),large_airport,False,KR
MWZ,Mwanza Airport,-2.4444899559020996,32.932701110839844,3763.0,AF,TZ,TZ-18,Mwanza,medium_airport,False,TZ
MXL,General Rodolfo Sánchez Taboada International Airport,32.630629,-115.242805,74.0,,MX,MX-BCN,Mexicali,medium_airport,False,MX
MXP,Milan Malpensa International Airport,45.6306,8.72811,768.0,EU,IT,IT-25,Ferno (VA),large_airport,False,IT
MXV,Mörön Airport,49.663299560546875,100.0989990234375,4272.0,AS,MN,MN-041,Mörön,medium_airport,False,MN
MXX,Mora Airport,60.957901,14.5114,634.0,EU,SE,SE-W,Mora,medium_airport,False,SE
MYA,Moruya Airport,-35.8978004456,150.143997192,14.0,OC,AU,AU-NSW,Moruya,medium_airport,False,AU
MYD,Malindi Airport,-3.2293100357055664,40.10169982910156,80.0,AF,KE,KE-300,Malindi,medium_airport,False,KE
MYE,Miyakejima Airport,34.073600769,139.559997559,67.0,AS,JP,JP-13,Miyakejima,medium_airport,False,JP
MYG,Mayaguana Airport,22.379499,-73.013494,11.0,,BS,BS-MG,Abrahams Bay,medium_airport,False,BS
MYJ,Matsuyama Airport,33.82720184326172,132.6999969482422,25.0,AS,JP,JP-38,Matsuyama,medium_airport,False,JP
MYL,McCall Municipal Airport,44.888837,-116.101112,5024.0,,US,US-ID,McCall,medium_airport,False,US
MYP,Mary International Airport,37.62353,61.895668,728.0,AS,TM,TM-M,Mary,medium_airport,False,TM
MYR,Myrtle Beach International Airport,33.679699,-78.928299,25.0,,US,US-SC,Myrtle Beach,medium_airport,False,US
MYT,Myitkyina Airport,25.3836,97.351898,475.0,AS,MM,MM-11,Myitkyina,medium_airport,False,MM
MYU,Mekoryuk Airport,60.372338,-166.269751,48.0,,US,US-AK,Mekoryuk,medium_airport,False,US
MYW,Mtwara Airport,-10.336204,40.181997,371.0,AF,TZ,TZ-17,Mtwara,medium_airport,False,TZ
MYY,Miri Airport,4.32201,113.987,59.0,AS,MY,MY-13,Miri,medium_airport,False,MY
MZG,Penghu Magong Airport,23.568701,119.627998,103.0,AS,TW,TW-PEN,Huxi,medium_airport,False,TW
MZI,Mopti Ambodédjo International Airport,14.5128,-4.07956,906.0,AF,ML,ML-5,Sévaré,medium_airport,False,ML
MZL,La Nubia Airport,5.0296,-75.4647,6871.0,SA,CO,CO-CAL,Manizales,medium_airport,False,CO
MZO,Sierra Maestra International Airport,20.288605,-77.087545,112.0,,CU,CU-12,Manzanillo,medium_airport,False,CU
MZR,Mazar-i-Sharif International Airport,36.706902,67.209702,1284.0,AS,AF,AF-BAL,Mazar-i-Sharif,medium_airport,False,AF
MZS,Moradabad Airport,28.81746,78.92187,637.0,AS,IN,IN-UP,Moradabad,medium_airport,False,IN
MZT,General Rafael Buelna International Airport,23.161474,-106.264572,38.0,,MX,MX-SIN,Mazatlàn,large_airport,False,MX
MZV,Mulu Airport,4.048329830169678,114.80500030517578,80.0,AS,MY,MY-13,Mulu,medium_airport,False,MY
NAA,Narrabri Airport,-30.3192005157,149.82699585,788.0,OC,AU,AU-NSW,Narrabri,medium_airport,False,AU
NAG,Dr. Babasaheb Ambedkar International Airport,21.092199,79.047203,1033.0,AS,IN,IN-MM,Nagpur,medium_airport,False,IN
NAH,Naha Airport,3.68478,125.527162,16.0,AS,ID,ID-SA,"Tabukan Utara, Sangihe Islands",medium_airport,False,ID
NAJ,Nakhchivan Airport,39.18880081176758,45.45840072631836,2863.0,AS,AZ,AZ-NX,Nakhchivan,medium_airport,False,AZ
NAL,Nalchik Airport,43.512901306152344,43.636600494384766,1461.0,EU,RU,RU-KB,Nalchik,medium_airport,False,RU
NAM,Namniwel Airport,-3.143159,126.976469,7.0,AS,ID,ID-MA,Namniwel,medium_airport,False,ID
NAN,Nadi International Airport,-17.755399703979492,177.4429931640625,59.0,OC,FJ,FJ-W,Nadi,medium_airport,False,FJ
NAP,Naples International Airport,40.886002,14.2908,294.0,EU,IT,IT-72,Napoli,large_airport,False,IT
NAS,Lynden Pindling International Airport,25.039,-77.466202,16.0,,BS,BS-NP,Nassau,large_airport,False,BS
NAT,São Gonçalo do Amarante - Governador Aluízio Alves International Airport,-5.769804,-35.366578,272.0,SA,BR,BR-RN,Natal,medium_airport,False,BR
NAW,Narathiwat Airport,6.5199198722839355,101.74299621582033,16.0,AS,TH,TH-96,,medium_airport,False,TH
NBC,Begishevo Airport,55.564701,52.092499,643.0,AS,RU,RU-TA,Nizhnekamsk,medium_airport,False,RU
NBE,Enfidha - Hammamet International Airport,36.075833,10.438611,21.0,AF,TN,TN-51,Enfidha,medium_airport,False,TN
NBO,Jomo Kenyatta International Airport,-1.31923997402,36.9277992249,5330.0,AF,KE,KE-110,Nairobi,large_airport,False,KE
NBS,Changbaishan Airport,42.066944,127.602222,2874.0,AS,CN,CN-22,Baishan,medium_airport,False,CN
NCA,North Caicos Airport,21.916094,-71.942954,10.0,,TC,TC-NC,North Caicos,medium_airport,False,TC
NCE,Nice-Côte d'Azur Airport,43.658401,7.21587,12.0,EU,FR,FR-PAC,"Nice, Alpes-Maritimes",large_airport,False,FR
NCL,Newcastle International Airport,55.037958,-1.689577,266.0,EU,GB,GB-ENG,"Newcastle upon Tyne, Tyne and Wear",medium_airport,False,GB
NCU,Nukus Airport,42.4884,59.623299,246.0,AS,UZ,UZ-QR,Nukus,medium_airport,False,UZ
NCY,Annecy Haute-Savoie Mont Blanc Airport,45.928947,6.0987,1521.0,EU,FR,FR-ARA,Epagny Metz-Tessy,medium_airport,False,FR
NDB,Nouadhibou International Airport,20.9330997467041,-17.030000686645508,24.0,AF,MR,MR-08,Nouadhibou,medium_airport,False,MR
NDC,Nanded Airport,19.1833,77.316704,1250.0,AS,IN,IN-MM,Nanded,medium_airport,False,IN
NDG,Qiqihar Sanjiazi Airport,47.239601135253906,123.91799926757812,477.0,AS,CN,CN-23,Qiqihar,medium_airport,False,CN
NDJ,N'Djamena International Airport,12.1337,15.034,968.0,AF,TD,TD-ND,N'Djamena,large_airport,False,TD
NDR,Nador Al Aaroui International Airport,34.9888,-3.02821,574.0,AF,MA,MA-02,Al Aaroui,medium_airport,False,MA
NDU,Rundu Airport,-17.956499099731,19.719400405884,3627.0,AF,,NA-KE,Rundu,medium_airport,False,
NEC,Necochea Airport,-38.490746,-58.816337,72.0,SA,AR,AR-B,Necochea,medium_airport,False,AR
NER,Chulman Airport,56.913898468018,124.91400146484,2812.0,AS,RU,RU-SA,Neryungri,medium_airport,False,RU
NEV,Vance W. Amory International Airport,17.205699920654297,-62.589900970458984,14.0,,KN,KN-U-A,Charlestown,medium_airport,False,KN
NFG,Nefteyugansk Airport,61.108299,72.650002,115.0,AS,RU,RU-KHM,Nefteyugansk,medium_airport,False,RU
NGB,Ningbo Lishe International Airport,29.82670021057129,121.46199798583984,13.0,AS,CN,CN-33,Ningbo,large_airport,False,CN
NGE,N'Gaoundéré Airport,7.357009887695312,13.559200286865234,3655.0,AF,CM,CM-AD,N'Gaoundéré,medium_airport,False,CM
NGO,Chubu Centrair International Airport,34.858398,136.804993,15.0,AS,JP,JP-23,Tokoname,large_airport,False,JP
NGQ,Ngari Gunsa Airport,32.09794,80.053971,14022.0,AS,CN,CN-54,Shiquanhe,medium_airport,False,CN
NGS,Nagasaki Airport,32.916901,129.914001,15.0,AS,JP,JP-42,Nagasaki,medium_airport,False,JP
NHV,Nuku Hiva Airport,-8.7956,-140.229004,220.0,OC,PF,PF-U-A,Nuku Hiva,medium_airport,False,PF
NIM,Diori Hamani International Airport,13.4815,2.18361,732.0,AF,NE,NE-8,Niamey,large_airport,False,NE
NJC,Nizhnevartovsk Airport,60.949299,76.483597,177.0,AS,RU,RU-KHM,Nizhnevartovsk,medium_airport,False,RU
NJF,Al Najaf International Airport,31.989853,44.404317,103.0,AS,IQ,IQ-NA,Najaf,medium_airport,False,IQ
NKC,Nouakchott–Oumtounsy International Airport,18.31,-15.969722,9.0,AF,MR,MR-NKC,Nouakchott,large_airport,False,MR
NKG,Nanjing Lukou International Airport,31.735032,118.865949,49.0,AS,CN,CN-32,Nanjing,large_airport,False,CN
NKM,Nagoya Airport / JASDF Komaki Air Base,35.255759,136.924095,52.0,AS,JP,JP-23,Nagoya,medium_airport,False,JP
NKT,Şırnak Şerafettin Elçi Airport,37.3647,42.0582,2038.0,AS,TR,TR-73,Şırnak,medium_airport,False,TR
NLA,Simon Mwansa Kapwepwe International Airport,-12.961667,28.516667,4308.0,AF,ZM,ZM-08,Ndola,medium_airport,False,ZM
NLD,Quetzalcóatl International Airport,27.443899,-99.570503,484.0,,MX,MX-TAM,Nuevo Laredo,medium_airport,False,MX
NLH,Ninglang Luguhu Airport,27.5403,100.7593,10804.0,AS,CN,CN-53,Ninglang,medium_airport,False,CN
NLI,Nikolayevsk-na-Amure Airport,53.154999,140.649994,170.0,AS,RU,RU-KHA,Nikolayevsk-na-Amure Airport,medium_airport,False,RU
NLK,Norfolk Island International Airport,-29.041887,167.939616,371.0,OC,NF,NF-U-A,Burnt Pine,medium_airport,False,NF
NLT,Xinyuan Nalati Airport,43.4318,83.3786,3050.0,AS,CN,CN-65,Xinyuan,medium_airport,False,CN
NLU,General Felipe Ángeles International Airport,19.7357,-99.0257,7369.0,,MX,MX-MEX,Mexico City,large_airport,False,MX
NLV,Mykolaiv International Airport,47.057899,31.9198,184.0,EU,UA,UA-48,Nikolayev,medium_airport,False,UA
NMF,Maafaru International Airport,5.818394,73.469181,6.0,AS,MV,MV-25,Noonu Atoll,medium_airport,False,MV
NMI,Navi Mumbai International Airport,18.988686,73.068523,184.0,AS,IN,IN-MM,Navi Mumbai,large_airport,False,IN
NNG,Nanning Wuxu Airport,22.608544,108.175335,421.0,AS,CN,CN-45,Nanning (Jiangnan),large_airport,False,CN
NNM,Naryan Mar Airport,67.639999,53.121899,36.0,EU,RU,RU-NEN,Naryan Mar,medium_airport,False,RU
NNT,Nan Airport,18.807899475097656,100.78299713134766,685.0,AS,TH,TH-55,,medium_airport,False,TH
NOB,Nosara Airport,9.97649002075,-85.65299987790002,33.0,,CR,CR-G,Nicoya,medium_airport,False,CR
NOC,Ireland West Knock Airport,53.910301,-8.81849,665.0,EU,IE,IE-MO,Charlestown,medium_airport,False,IE
NOJ,Noyabrsk Airport,63.18330001831055,75.2699966430664,446.0,AS,RU,RU-YAN,Noyabrsk,medium_airport,False,RU
NOP,Sinop Airport,42.018313,35.071774,20.0,AS,TR,TR-57,Sinop,medium_airport,False,TR
NOS,Fascene Airport,-13.3121,48.3148,36.0,AF,MG,MG-D,Nosy Be,medium_airport,False,MG
NOU,La Tontouta International Airport,-22.014601,166.212997,52.0,OC,NC,NC-03,Nouméa (La Tontouta),medium_airport,False,NC
NOV,Nova Lisboa Airport,-12.808899879455566,15.760499954223633,5587.0,AF,AO,AO-HUA,Huambo,medium_airport,False,AO
NOZ,Spichenkovo Airport,53.811401,86.877197,1024.0,EU,RU,RU-KEM,Novokuznetsk,medium_airport,False,RU
NPE,Hawke's Bay Airport,-39.465801,176.869995,6.0,OC,NZ,NZ-HKB,Napier,medium_airport,False,NZ
NPL,New Plymouth Airport,-39.00859832763672,174.1790008544922,97.0,OC,NZ,NZ-TKI,New Plymouth,medium_airport,False,NZ
NPO,Nanga Pinoh Airport,-0.34864,111.746155,123.0,AS,ID,ID-KB,Nanga Pinoh-Borneo Island,medium_airport,False,ID
NQN,Presidente Peron Airport,-38.949001,-68.155701,895.0,SA,AR,AR-Q,Neuquen,medium_airport,False,AR
NQY,Cornwall Airport Newquay,50.440601,-4.99541,390.0,EU,GB,GB-ENG,Newquay,medium_airport,False,GB
NQZ,Nursultan Nazarbayev International Airport,51.027035,71.467094,1165.0,AS,KZ,KZ-AST,Astana,large_airport,False,KZ
NRA,Narrandera Airport,-34.7022018433,146.511993408,474.0,OC,AU,AU-NSW,Narrandera,medium_airport,False,AU
NRK,Norrköping Airport,58.586299896240234,16.250600814819336,32.0,EU,SE,SE-E,Norrköping,medium_airport,False,SE
NRN,Weeze Airport,51.6024017334,6.14216995239,106.0,EU,DE,DE-NW,Weeze,medium_airport,False,DE
NRR,José Aponte de la Torre Airport,18.2453,-65.643402,38.0,,PR,PR-U-A,Ceiba,medium_airport,False,PR
NRT,Narita International Airport,35.764702,140.386002,141.0,AS,JP,JP-12,Narita,large_airport,False,JP
NSH,Nowshahr Airport,36.664286,51.46273,-61.0,AS,IR,IR-02,Nowshahr,medium_airport,False,IR
NSI,Yaoundé Nsimalen International Airport,3.72256,11.5533,2278.0,AF,CM,CM-CE,Yaoundé,medium_airport,False,CM
NSK,Norilsk-Alykel Airport,69.31109619140625,87.33219909667969,574.0,AS,RU,RU-KYA,Norilsk,medium_airport,False,RU
NSN,Nelson Airport,-41.298302,173.220993,17.0,OC,NZ,NZ-NSN,Nelson,medium_airport,False,NZ
NST,Nakhon Si Thammarat Airport,8.539620399475098,99.9447021484375,13.0,AS,TH,TH-80,Nakhon Si Thammarat,medium_airport,False,TH
NTE,Nantes Atlantique Airport,47.153198,-1.61073,90.0,EU,FR,FR-PDL,Nantes,medium_airport,False,FR
NTG,Nantong Xingdong International Airport,32.073566,120.980076,16.0,AS,CN,CN-32,Nantong (Tongzhou),medium_airport,False,CN
NTL,Newcastle Airport,-32.79499816894531,151.83399963378906,31.0,OC,AU,AU-NSW,Williamtown,medium_airport,False,AU
NTN,Normanton Airport,-17.68409,141.069664,73.0,OC,AU,AU-QLD,Normanton,medium_airport,False,AU
NTQ,Noto Satoyama Airport,37.293098,136.962006,718.0,AS,JP,JP-17,Wajima,medium_airport,False,JP
NTX,Ranai Airport,3.90871,108.388,7.0,AS,ID,ID-KR,Ranai-Natuna Besar Island,medium_airport,False,ID
NUE,Nuremberg Airport,49.498699,11.078056,1046.0,EU,DE,DE-BY,Nuremberg,large_airport,False,DE
NUI,Nuiqsut Airport,70.209999,-151.005998,38.0,,US,US-AK,Nuiqsut,medium_airport,False,US
NUM,Neom Bay Airport,27.927598,35.28874,29.0,AS,SA,SA-07,Sharma,medium_airport,False,SA
NUX,Novy Urengoy Airport,66.06939697265625,76.52030181884766,210.0,AS,RU,RU-YAN,Novy Urengoy,medium_airport,False,RU
NVA,Benito Salas Airport,2.95015,-75.294,1464.0,SA,CO,CO-HUI,Neiva,medium_airport,False,CO
NVI,Navoi Airport,40.117199,65.170799,1140.0,AS,UZ,UZ-NW,Navoi,medium_airport,False,UZ
NVT,Ministro Victor Konder International Airport,-26.879431,-48.650979,18.0,SA,BR,BR-SC,Navegantes,medium_airport,False,BR
NWI,Norwich Airport,52.6758,1.28278,117.0,EU,GB,GB-ENG,"Norwich, Norfolk",medium_airport,False,GB
NYA,Nyagan Airport,62.110001,65.614998,361.0,EU,RU,RU-KHM,Nyagan,medium_airport,False,RU
NYI,Sunyani Airport,7.36183,-2.32876,1014.0,AF,GH,GH-BO,Sunyani,medium_airport,False,GH
NYK,Nanyuki Airport,-0.062399,37.041008,6250.0,AF,KE,KE-200,Nanyuki,medium_airport,False,KE
NYM,Nadym Airport,65.48090362548828,72.69889831542969,49.0,AS,RU,RU-YAN,Nadym,medium_airport,False,RU
NYO,Stockholm Skavsta Airport,58.788601,16.912201,140.0,EU,SE,SE-D,Nyköping,medium_airport,False,SE
NYT,Nay Pyi Taw International Airport,19.623501,96.200996,302.0,AS,MM,MM-04,Pyinmana,medium_airport,False,MM
NZC,Maria Reiche Neuman Airport,-14.854,-74.961502,1860.0,SA,PE,PE-ICA,Nazca,medium_airport,False,PE
NZH,Manzhouli Xijiao Airport,49.566667,117.33,2231.0,AS,CN,CN-15,Manzhouli,medium_airport,False,CN
NZL,Zhalantun Genghis Khan Airport,47.865942,122.768662,928.0,AS,CN,CN-15,Zhalantun,medium_airport,False,CN
OAJ,Albert J Ellis Airport,34.829201,-77.612099,94.0,,US,US-NC,Richlands,medium_airport,False,US
OAK,San Francisco Bay Oakland International Airport,37.720085,-122.221184,9.0,,US,US-CA,Oakland,large_airport,False,US
OAX,Xoxocotlán International Airport,17.000814,-96.72197,4989.0,,MX,MX-OAX,Oaxaca,medium_airport,False,MX
OBO,Tokachi-Obihiro Airport,42.7332992554,143.216995239,505.0,AS,JP,JP-01,Obihiro,medium_airport,False,JP
OCC,Francisco De Orellana Airport,-0.462886,-76.986801,834.0,SA,EC,EC-D,Coca,medium_airport,False,EC
OCJ,Ian Fleming International Airport,18.404079,-76.969754,90.0,,JM,JM-05,Boscobel,medium_airport,False,JM
ODE,Odense Hans Christian Andersen Airport,55.475307,10.327206,56.0,EU,DK,DK-83,Odense,medium_airport,False,DK
ODS,Odessa International Airport,46.4268,30.6765,172.0,EU,UA,UA-51,Odessa,medium_airport,False,UA
OER,Örnsköldsvik Airport,63.40829849243164,18.989999771118164,354.0,EU,SE,SE-Y,Örnsköldsvik,medium_airport,False,SE
OGD,Ogden Hinckley Airport,41.195899963379,-112.0120010376,4473.0,,US,US-UT,Ogden,medium_airport,False,US
OGG,Kahului International Airport,20.896263,-156.431837,54.0,,US,US-HI,Kahului,large_airport,False,US
OGL,Eugene F. Correira International Airport,6.80628,-58.1059,10.0,SA,GY,GY-DE,Ogle,medium_airport,False,GY
OGN,Yonaguni Airport,24.467298,122.979827,70.0,AS,JP,JP-47,Yonaguni,medium_airport,False,JP
OGS,Ogdensburg International Airport,44.6819,-75.4655,297.0,,US,US-NY,Ogdensburg,medium_airport,False,US
OGU,Ordu–Giresun Airport,40.966872,38.085995,11.0,AS,TR,TR-52,Ordu,medium_airport,False,TR
OGX,Ain Beida Airport,31.9172,5.41278,492.0,AF,DZ,DZ-30,Ouargla,medium_airport,False,DZ
OGZ,Vladikavkaz Beslan International Airport,43.205101,44.606602,1673.0,EU,RU,RU-SE,Beslan,medium_airport,False,RU
OHD,Ohrid St. Paul the Apostle Airport,41.18,20.7423,2313.0,EU,MK,MK-003,Ohrid,medium_airport,False,MK
OHE,Mohe Gulian Airport,52.916871,122.422759,1836.0,AS,CN,CN-23,Mohe,medium_airport,False,CN
OHO,Okhotsk Airport,59.410065,143.056503,45.0,AS,RU,RU-KHA,Okhotsk,medium_airport,False,RU
OIM,Oshima Airport,34.782001495399996,139.36000061,130.0,AS,JP,JP-13,Izu Oshima,medium_airport,False,JP
OIR,Okushiri Airport,42.0717010498,139.432998657,161.0,AS,JP,JP-01,Okushiri Island,medium_airport,False,JP
OIT,Oita Airport,33.479400634799994,131.736999512,19.0,AS,JP,JP-44,Oita,medium_airport,False,JP
OKA,Naha Airport / JASDF Naha Air Base,26.195801,127.646004,12.0,AS,JP,JP-47,Naha,large_airport,False,JP
OKC,Will Rogers World Airport,35.393388,-97.598248,1295.0,,US,US-OK,Oklahoma City,large_airport,False,US
OKD,Sapporo Okadama Airport,43.117447,141.38134,25.0,AS,JP,JP-01,Sapporo,medium_airport,False,JP
OKE,Okinoerabu Airport,27.431604,128.705564,101.0,AS,JP,JP-46,Wadomari,medium_airport,False,JP
OKI,Oki Global Geopark Airport,36.178388,133.323566,311.0,AS,JP,JP-32,Okinoshima,medium_airport,False,JP
OKJ,Okayama Momotaro Airport,34.756901,133.854996,806.0,AS,JP,JP-33,Okayama,medium_airport,False,JP
OKL,Oksibil Airport,-4.9071,140.6277,4315.0,AS,ID,ID-PP,Oksibil,medium_airport,False,ID
OKY,Oakey Army Aviation Centre,-27.409262,151.736727,1335.0,OC,AU,AU-QLD,,medium_airport,False,AU
OLA,Ørland Airport,63.69889831542969,9.604000091552734,28.0,EU,NO,NO-50,Ørland,medium_airport,False,NO
OLB,Olbia Costa Smeralda Airport,40.898701,9.51763,37.0,EU,IT,IT-88,Olbia (SS),medium_airport,False,IT
OLF,L M Clayton Airport,48.094501,-105.574997,1986.0,,US,US-MT,Wolf Point,medium_airport,False,US
OLM,Olympia Regional Airport,46.969399,-122.903,209.0,,US,US-WA,Olympia,medium_airport,False,US
OLZ,Olyokminsk Airport,60.401833,120.476094,656.0,AS,RU,RU-SA,Olyokminsk,medium_airport,False,RU
OMA,Eppley Airfield,41.3032,-95.894096,984.0,,US,US-NE,Omaha,large_airport,False,US
OMD,Oranjemund Airport,-28.5847,16.446699,14.0,AF,,NA-KA,Oranjemund,medium_airport,False,
OME,Nome Airport,64.51219940185547,-165.44500732421875,37.0,,US,US-AK,Nome,medium_airport,False,US
OMH,Urmia Airport,37.6680984497,45.0686988831,4343.0,AS,IR,IR-04,Urmia,medium_airport,False,IR
OMO,Mostar International Airport,43.282901763916016,17.84589958190918,156.0,EU,BA,BA-BIH,Mostar,medium_airport,False,BA
OMR,Oradea International Airport,47.025299072265625,21.90250015258789,465.0,EU,RO,RO-BH,Oradea,medium_airport,False,RO
OMS,Omsk Central Airport,54.96699905395508,73.31050109863281,311.0,AS,RU,RU-OMS,Omsk,medium_airport,False,RU
OND,Ondangwa Airport,-17.878201,15.9526,3599.0,AF,,NA-ON,Ondangwa,medium_airport,False,
ONJ,Odate Noshiro Airport,40.191898,140.371002,292.0,AS,JP,JP-05,Kitaakita,medium_airport,False,JP
ONQ,Zonguldak Çaycuma Airport,41.506401,32.0886,44.0,AS,TR,TR-67,Zonguldak,medium_airport,False,TR
ONT,Ontario International Airport,34.056,-117.600998,944.0,,US,US-CA,Ontario,large_airport,False,US
ONX,Enrique Adolfo Jimenez Airport,9.35664,-79.867401,25.0,,PA,PA-3,Colón,medium_airport,False,PA
OOL,Gold Coast Airport,-28.165962,153.506641,21.0,OC,AU,AU-QLD,Gold Coast,medium_airport,False,AU
OOM,Cooma Snowy Mountains Airport,-36.300445,148.972408,3088.0,OC,AU,AU-NSW,Cooma,medium_airport,False,AU
OPF,Miami-Opa Locka Executive Airport,25.907,-80.278397,8.0,,US,US-FL,Miami,medium_airport,False,US
OPO,Francisco de Sá Carneiro Airport,41.2481002808,-8.68138980865,228.0,EU,PT,PT-13,Porto,large_airport,False,PT
OPU,Balimo Airport,-8.05000019073,142.932998657,51.0,OC,PG,PG-WPD,Balimo,medium_airport,False,PG
ORB,Örebro Airport,59.22370147705078,15.038000106811523,188.0,EU,SE,SE-T,Örebro,medium_airport,False,SE
ORF,Norfolk International Airport,36.895341,-76.201,26.0,,US,US-VA,Norfolk,large_airport,False,US
ORH,Worcester Regional Airport,42.2673,-71.875702,1009.0,,US,US-MA,Worcester,medium_airport,False,US
ORK,Cork Airport,51.841301,-8.49111,502.0,EU,IE,IE-CO,Cork,medium_airport,False,IE
ORN,Oran Es-Sénia (Ahmed Ben Bella) International Airport,35.623901,-0.621183,295.0,AF,DZ,DZ-31,Es-Sénia,medium_airport,False,DZ
ORT,Northway Airport,62.9613,-141.929001,1715.0,,US,US-AK,Northway,medium_airport,False,US
ORY,Paris-Orly Airport,48.72333,2.37944,291.0,EU,FR,FR-IDF,"Paris (Orly, Val-de-Marne)",large_airport,False,FR
OSD,Åre Östersund Airport,63.194135,14.500322,1233.0,EU,SE,SE-Z,Östersund,medium_airport,False,SE
OSI,Osijek Airport,45.462355,18.811278,290.0,EU,HR,HR-14,Klisa,medium_airport,False,HR
OSL,"Oslo Airport, Gardermoen",60.193901,11.1004,681.0,EU,NO,NO-32,Oslo (Gardermoen),large_airport,False,NO
OSR,Ostrava Leos Janáček Airport,49.696301,18.111099,844.0,EU,CZ,CZ-MO,Mošnov,medium_airport,False,CZ
OSS,Osh Airport,40.609001,72.793297,2927.0,AS,KG,KG-O,Osh,medium_airport,False,KG
OST,Oostende-Brugge International Airport,51.1998,2.874673,13.0,EU,BE,BE-VWV,Oostende,medium_airport,False,BE
OSW,Orsk Airport,51.072498,58.5956,909.0,AS,RU,RU-ORE,Orsk,medium_airport,False,RU
OTH,Southwest Oregon Regional Airport,43.41709899902344,-124.24600219726562,17.0,,US,US-OR,North Bend,medium_airport,False,US
OTP,Bucharest Henri Coandă International Airport,44.572127,26.103396,314.0,EU,RO,RO-IF,Otopeni,large_airport,False,RO
OTZ,Ralph Wien Memorial Airport,66.88469696,-162.598999,14.0,,US,US-AK,Kotzebue,medium_airport,False,US
OUA,Ouagadougou Airport,12.3532,-1.51242,1037.0,AF,BF,BF-KAD,Ouagadougou,medium_airport,False,BF
OUD,Oujda Angads Airport,34.789558,-1.926041,1535.0,AF,MA,MA-02,Ahl Angad,medium_airport,False,MA
OUL,Oulu Airport,64.930099,25.354601,47.0,EU,FI,FI-14,Oulu / Oulunsalo,medium_airport,False,FI
OVB,Novosibirsk Tolmachevo Airport,55.019756,82.618675,365.0,EU,RU,RU-NVS,Novosibirsk,large_airport,False,RU
OVD,Asturias Airport,43.563599,-6.03462,416.0,EU,ES,ES-AS,Ranón,medium_airport,False,ES
OVS,Sovetskiy Airport,61.326622009277344,63.60191345214844,351.0,AS,RU,RU-KHM,Sovetskiy,medium_airport,False,RU
OWB,Owensboro Daviess County Airport,37.74010086,-87.16680145,407.0,,US,US-KY,Owensboro,medium_airport,False,US
OXB,Osvaldo Vieira International Airport,11.894800186157228,-15.65369987487793,129.0,AF,GW,GW-BS,Bissau,medium_airport,False,GW
OYE,Oyem Airport,1.5431100130081177,11.58139991760254,2158.0,AF,GA,GA-9,Oyem,medium_airport,False,GA
OZC,Labo Airport,8.17851,123.842003,75.0,AS,PH,PH-MSC,Ozamiz,medium_airport,False,PH
OZH,Zaporizhzhia International Airport,47.867000579833984,35.31570053100586,373.0,EU,UA,UA-23,Zaporizhia,medium_airport,False,UA
OZZ,Ouarzazate Airport,30.9391002655,-6.909430027010001,3782.0,AF,MA,MA-08,Ouarzazate,medium_airport,False,MA
PAB,Bilaspur Airport,21.9884,82.111,899.0,AS,IN,IN-CT,Bilaspur,medium_airport,False,IN
PAC,Marcos A. Gelabert International Airport,8.97334,-79.555603,31.0,,PA,PA-8,Albrook,medium_airport,False,PA
PAD,Paderborn Lippstadt Airport,51.614101,8.61632,699.0,EU,DE,DE-NW,Büren,medium_airport,False,DE
PAE,Seattle Paine Field International Airport,47.9063,-122.281998,606.0,,US,US-WA,Everett,medium_airport,False,US
PAG,Pagadian Airport,7.825632,123.459635,5.0,AS,PH,PH-ZAS,Pagadian,medium_airport,False,PH
PAH,Barkley Regional Airport,37.06079864501953,-88.7738037109375,410.0,,US,US-KY,Paducah,medium_airport,False,US
PAP,Toussaint Louverture International Airport,18.580023,-72.292596,122.0,,HT,HT-OU,Port-au-Prince,large_airport,False,HT
PAT,Jay Prakash Narayan Airport,25.591299,85.087997,170.0,AS,IN,IN-BR,Patna,medium_airport,False,IN
PAV,Paulo Afonso Airport,-9.40088,-38.250599,883.0,SA,BR,BR-BA,Paulo Afonso,medium_airport,False,BR
PAZ,El Tajín National Airport,20.6026992798,-97.4608001709,497.0,,MX,MX-VER,Poza Rica,medium_airport,False,MX
PBC,Hermanos Serdán International Airport,19.158465,-98.371582,7361.0,,MX,MX-PUE,Puebla,medium_airport,False,MX
PBD,Porbandar Airport,21.649524,69.656405,23.0,AS,IN,IN-GJ,Porbandar,medium_airport,False,IN
PBG,Plattsburgh International Airport,44.650901794433594,-73.46810150146484,234.0,,US,US-NY,Plattsburgh,medium_airport,False,US
PBH,Paro International Airport,27.4032,89.424599,7364.0,AS,BT,BT-11,Paro,medium_airport,False,BT
PBI,Palm Beach International Airport,26.683201,-80.095596,19.0,,US,US-FL,West Palm Beach,large_airport,False,US
PBM,Johan Adolf Pengel International Airport,5.45283,-55.187801,59.0,SA,SR,SR-PR,Zandery,large_airport,False,SR
PBO,Paraburdoo Airport,-23.1711006165,117.745002747,1406.0,OC,AU,AU-WA,Paraburdoo,medium_airport,False,AU
PBR,Puerto Barrios Airport,15.7309,-88.583801,33.0,,GT,GT-IZ,Puerto Barrios,medium_airport,False,GT
PBU,Putao Airport,27.32990074157715,97.42630004882812,1500.0,AS,MM,MM-11,Putao,medium_airport,False,MM
PCL,Cap FAP David Abenzur Rengifo International Airport,-8.37794017791748,-74.57430267333984,513.0,SA,PE,PE-UCA,Pucallpa,medium_airport,False,PE
PCP,Principe Airport,1.66294,7.41174,591.0,AF,ST,ST-P,São Tomé & Príncipe,medium_airport,False,ST
PCR,German Olano Airport,6.18472,-67.4932,177.0,SA,CO,CO-VID,Puerto Carreño,medium_airport,False,CO
PDA,Obando Cesar Gaviria Trujillo Airport,3.85353,-67.9062,460.0,SA,CO,CO-GUA,Puerto Inírida,medium_airport,False,CO
PDG,Minangkabau International Airport,-0.786917,100.280998,18.0,AS,ID,ID-SB,Padang (Katapiang),medium_airport,False,ID
PDK,DeKalb Peachtree Airport,33.87633,-84.30213,1003.0,,US,US-GA,Atlanta,medium_airport,False,US
PDL,João Paulo II Airport,37.7411994934,-25.6979007721,259.0,EU,PT,PT-20,Ponta Delgada,large_airport,False,PT
PDO,Pendopo Airport,-3.2860701084136963,103.87999725341795,184.0,AS,ID,ID-SS,Talang Gudang-Sumatra Island,medium_airport,False,ID
PDP,Capitan Corbeta CA Curbelo International Airport,-34.855099,-55.094299,95.0,SA,UY,UY-MA,Punta del Este,medium_airport,False,UY
PDS,Piedras Negras International Airport,28.627873,-100.53524,901.0,,MX,MX-COA,Piedras Negras,medium_airport,False,MX
PDT,Eastern Oregon Regional Airport at Pendleton,45.695099,-118.841003,1497.0,,US,US-OR,Pendleton,medium_airport,False,US
PDV,Plovdiv International Airport,42.067799,24.8508,597.0,EU,BG,BG-16,Plovdiv,medium_airport,False,BG
PDX,Portland International Airport,45.588699,-122.598,31.0,,US,US-OR,Portland,large_airport,False,US
PED,Pardubice Airport,50.01340103149414,15.73859977722168,741.0,EU,CZ,CZ-PA,Pardubice,medium_airport,False,CZ
PEE,Perm International Airport,57.914501,56.021198,404.0,EU,RU,RU-PER,Perm,medium_airport,False,RU
PEG,Perugia San Francesco d'Assisi – Umbria International Airport,43.095901,12.5132,697.0,EU,IT,IT-55,Perugia (PG),medium_airport,False,IT
PEI,Matecaña International Airport,4.81267,-75.7395,4416.0,SA,CO,CO-RIS,Pereira,medium_airport,False,CO
PEM,Padre Aldamiz International Airport,-12.6135997772,-69.2285995483,659.0,SA,PE,PE-MDD,Puerto Maldonado,medium_airport,False,PE
PEN,Penang International Airport,5.297140121459961,100.2770004272461,11.0,AS,MY,MY-07,Penang,medium_airport,False,MY
PER,Perth International Airport,-31.94029998779297,115.96700286865234,67.0,OC,AU,AU-WA,Perth,large_airport,False,AU
PES,Petrozavodsk Airport,61.88520050048828,34.154701232910156,151.0,EU,RU,RU-KR,Petrozavodsk,medium_airport,False,RU
PET,João Simões Lopes Neto International Airport,-31.717253,-52.327952,59.0,SA,BR,BR-RS,Pelotas,medium_airport,False,BR
PEV,Pécs-Pogány Airport,45.988891,18.242044,651.0,EU,HU,HU-BA,Pécs,medium_airport,False,HU
PEW,Peshawar International Airport,33.993900299072266,71.51460266113281,1158.0,AS,PK,PK-KP,Peshawar,medium_airport,False,PK
PEX,Pechora Airport,65.121101,57.130798,98.0,EU,RU,RU-KO,Pechora,medium_airport,False,RU
PEZ,Penza Airport,53.110599517822266,45.02109909057617,614.0,EU,RU,RU-PNZ,Penza,medium_airport,False,RU
PFB,Lauro Kurtz Airport,-28.243976,-52.32777,2380.0,SA,BR,BR-RS,Passo Fundo,medium_airport,False,BR
PFO,Paphos International Airport,34.717999,32.485699,41.0,AS,CY,CY-06,Paphos,medium_airport,False,CY
PGA,Page Municipal Airport,36.924234,-111.447716,4316.0,,US,US-AZ,Page,medium_airport,False,US
PGD,Punta Gorda Airport,26.9202,-81.990501,26.0,,US,US-FL,Punta Gorda,medium_airport,False,US
PGF,Perpignan-Rivesaltes (Llabanère) Airport,42.740398,2.87067,144.0,EU,FR,FR-OCC,Perpignan/Rivesaltes,medium_airport,False,FR
PGH,Pantnagar Airport,29.0334,79.473701,769.0,AS,IN,IN-UP,Pantnagar,medium_airport,False,IN
PGK,Depati Amir Airport,-2.1622,106.139,109.0,AS,ID,ID-BB,Pangkal Pinang,medium_airport,False,ID
PGU,Persian Gulf International Airport,27.379601,52.737701,27.0,AS,IR,IR-18,Khiyaroo,medium_airport,False,IR
PGV,Pitt-Greenville Airport,35.635535,-77.384262,26.0,,US,US-NC,Greenville,medium_airport,False,US
PGZ,Ponta Grossa Airport - Comandante Antonio Amilton Beraldo,-25.184476,-50.143822,2588.0,SA,BR,BR-PR,Ponta Grossa,medium_airport,False,BR
PHB,Parnaíba - Prefeito Doutor João Silva Filho International Airport,-2.89375,-41.731998,23.0,SA,BR,BR-PI,Parnaíba,medium_airport,False,BR
PHC,Port Harcourt International Airport,5.0154900550842285,6.94959020614624,87.0,AF,NG,NG-RI,Port Harcourt,medium_airport,False,NG
PHE,Port Hedland International Airport,-20.3777999878,118.625999451,33.0,OC,AU,AU-WA,Port Hedland,medium_airport,False,AU
PHF,Newport News Williamsburg International Airport,37.131901,-76.492996,42.0,,US,US-VA,Newport News,medium_airport,False,US
PHL,Philadelphia International Airport,39.871899,-75.241096,36.0,,US,US-PA,Philadelphia,large_airport,False,US
PHS,Phitsanulok Airport,16.7829,100.278999,154.0,AS,TH,TH-65,Phitsanulok,medium_airport,False,TH
PHW,Hendrik Van Eck Airport,-23.9372005463,31.1553993225,1432.0,AF,ZA,ZA-NP,Phalaborwa,medium_airport,False,ZA
PHX,Phoenix Sky Harbor International Airport,33.435302,-112.005905,1135.0,,US,US-AZ,Phoenix,large_airport,False,US
PHY,Phetchabun Airport,16.6760005951,101.194999695,450.0,AS,TH,TH-67,,medium_airport,False,TH
PIA,General Wayne A. Downing Peoria International Airport,40.6642,-89.693298,660.0,,US,US-IL,Peoria,medium_airport,False,US
PIB,Hattiesburg Laurel Regional Airport,31.4671,-89.337097,298.0,,US,US-MS,Moselle,medium_airport,False,US
PIE,St. Petersburg Clearwater International Airport,27.9102,-82.687401,11.0,,US,US-FL,Pinellas Park,medium_airport,False,US
PIF,Pingtung Air Force Base North,22.700199,120.482002,97.0,AS,TW,TW-PIF,Pingtung,medium_airport,False,TW
PIH,Pocatello Regional Airport,42.9098014831543,-112.59600067138672,4452.0,,US,US-ID,Pocatello,medium_airport,False,US
PIK,Glasgow Prestwick Airport,55.502003,-4.587019,65.0,EU,GB,GB-SCT,"Prestwick, South Ayrshire",medium_airport,False,GB
PIR,Pierre Regional Airport,44.38270187,-100.2860031,1744.0,,US,US-SD,Pierre,medium_airport,False,US
PIS,Poitiers-Biard Airport,46.5877,0.306666,423.0,EU,FR,FR-NAQ,Poitiers/Biard,medium_airport,False,FR
PIT,Pittsburgh International Airport,40.491501,-80.232903,1203.0,,US,US-PA,Pittsburgh,large_airport,False,US
PIU,Capitán FAP Guillermo Concha Iberico International Airport,-5.20574998856,-80.61640167239999,120.0,SA,PE,PE-PIU,Piura,medium_airport,False,PE
PIX,Pico Airport,38.554298,-28.441299,109.0,EU,PT,PT-20,Pico Island,medium_airport,False,PT
PIZ,Point Lay LRRS Airport,69.732903,-163.005005,22.0,,US,US-AK,Point Lay,medium_airport,False,US
PJM,Puerto Jimenez Airport,8.533329963684082,-83.30000305175781,7.0,,CR,CR-P,Puerto Jimenez,medium_airport,False,CR
PKB,Mid Ohio Valley Regional Airport,39.3451,-81.439201,858.0,,US,US-WV,Parkersburg (Williamstown),medium_airport,False,US
PKC,Yelizovo Airport,53.16764,158.451863,131.0,AS,RU,RU-KAM,Petropavlovsk-Kamchatsky,medium_airport,False,RU
PKE,Parkes Airport,-33.131401062,148.238998413,1069.0,OC,AU,AU-NSW,Parkes,medium_airport,False,AU
PKU,Sultan Syarif Kasim II International Airport / Roesmin Nurjadin AFB,0.458647,101.444321,102.0,AS,ID,ID-RI,Pekanbaru,medium_airport,False,ID
PKV,Pskov Airport,57.78390121459961,28.395599365234375,154.0,EU,RU,RU-PSK,Pskov,medium_airport,False,RU
PKX,Beijing Daxing International Airport,39.509945,116.41092,98.0,AS,CN,CN-11,Beijing,large_airport,False,CN
PKY,Tjilik Riwut Airport,-2.22513,113.943001,82.0,AS,ID,ID-KT,Palangkaraya,medium_airport,False,ID
PKZ,Pakse International Airport,15.132100105285645,105.78099822998048,351.0,AS,LA,LA-CH,Pakse,medium_airport,False,LA
PLJ,Placencia Airport,16.536957,-88.361511,3.0,,BZ,BZ-SC,Placencia,medium_airport,False,BZ
PLM,Sultan Mahmud Badaruddin II Airport,-2.897653,104.698147,49.0,AS,ID,ID-SS,Palembang,medium_airport,False,ID
PLN,Pellston Regional Airport of Emmet County Airport,45.57089996,-84.79669952,721.0,,US,US-MI,Pellston,medium_airport,False,US
PLO,Port Lincoln Airport,-34.6053009033,135.880004883,36.0,OC,AU,AU-SA,Port Lincoln,medium_airport,False,AU
PLQ,Palanga International Airport,55.973201751708984,21.093900680541992,33.0,EU,LT,LT-KL,Palanga,medium_airport,False,LT
PLS,Providenciales International Airport,21.773697,-72.268321,15.0,,TC,TC-PR,Providenciales,large_airport,False,TC
PLW,Mutiara - SIS Al-Jufrie Airport,-0.916462,119.908647,284.0,AS,ID,ID-ST,Palu,medium_airport,False,ID
PLX,Semey Airport,50.351295,80.234398,761.0,AS,KZ,KZ-ABA,Semey,medium_airport,False,KZ
PLZ,Chief Dawid Stuurman International Airport,-33.984901,25.6173,226.0,AF,ZA,ZA-EC,Gqeberha (Port Elizabeth),medium_airport,False,ZA
PMC,El Tepual Airport,-41.43889999389648,-73.09400177001953,294.0,SA,CL,CL-LL,Puerto Montt,medium_airport,False,CL
PMF,Parma Airport,44.826351,10.29705,161.0,EU,IT,IT-45,Parma (PR),medium_airport,False,IT
PMG,Ponta Porã Airport,-22.549601,-55.702599,2156.0,SA,BR,BR-MS,Ponta Porã,medium_airport,False,BR
PMI,Palma de Mallorca Airport,39.551701,2.73881,27.0,EU,ES,ES-IB,Palma de Mallorca,large_airport,False,ES
PMO,Falcone–Borsellino Airport,38.175999,13.091,65.0,EU,IT,IT-82,Palermo,large_airport,False,IT
PMQ,Perito Moreno Jalil Hamer Airport,-46.537899,-70.978699,1410.0,SA,AR,AR-Z,Perito Moreno,medium_airport,False,AR
PMR,Palmerston North Airport,-40.320599,175.617004,151.0,OC,NZ,NZ-MWT,Palmerston North,medium_airport,False,NZ
PMV,Del Caribe Santiago Mariño International Airport,10.912603378295898,-63.96659851074219,74.0,SA,VE,VE-O,Isla Margarita,medium_airport,False,VE
PMW,Brigadeiro Lysias Rodrigues Airport,-10.2915,-48.356998,774.0,SA,BR,BR-TO,Palmas,medium_airport,False,BR
PMY,El Tehuelche Airport,-42.7592,-65.1027,427.0,SA,AR,AR-U,Puerto Madryn,medium_airport,False,AR
PNA,Pamplona Airport,42.77,-1.64633,1504.0,EU,ES,ES-NC,Pamplona,medium_airport,False,ES
PND,Punta Gorda Airport,16.1024,-88.808296,7.0,,BZ,BZ-TOL,Punta Gorda,medium_airport,False,BZ
PNH,Phnom Penh International Airport,11.5466,104.844002,40.0,AS,KH,KH-12,Phnom Penh (Pou Senchey),large_airport,False,KH
PNI,Pohnpei International Airport,6.985099792480469,158.20899963378906,10.0,OC,FM,FM-PNI,Pohnpei Island,medium_airport,False,FM
PNK,Supadio Airport,-0.150711,109.403999,10.0,AS,ID,ID-KB,Pontianak,medium_airport,False,ID
PNL,Pantelleria Airport,36.816502,11.9689,628.0,EU,IT,IT-82,Pantelleria (TP),medium_airport,False,IT
PNP,Girua Airport,-8.80453968048,148.309005737,311.0,OC,PG,PG-NPP,Popondetta,medium_airport,False,PG
PNQ,Pune Airport / Lohagaon Air Force Station,18.5821,73.919701,1942.0,AS,IN,IN-MM,Pune,medium_airport,False,IN
PNR,Antonio Agostinho-Neto International Airport,-4.81603,11.8866,55.0,AF,CG,CG-5,Pointe Noire,medium_airport,False,CG
PNS,Pensacola International Airport,30.4734,-87.1866,121.0,,US,US-FL,Pensacola,medium_airport,False,US
PNT,Lieutenant Julio Gallardo Airport,-51.67067,-72.529078,217.0,SA,CL,CL-MA,Puerto Natales,medium_airport,False,CL
PNY,Pondicherry Airport,11.968,79.812,134.0,AS,IN,IN-PY,Puducherry (Pondicherry),medium_airport,False,IN
PNZ,Senador Nilo Coelho Airport,-9.362422,-40.569098,1263.0,SA,BR,BR-PE,Petrolina,medium_airport,False,BR
POA,Salgado Filho International Airport,-29.994712,-51.166592,11.0,SA,BR,BR-RS,Porto Alegre,medium_airport,False,BR
POG,Port Gentil Airport,-0.7117390036582947,8.754380226135254,13.0,AF,GA,GA-8,Port Gentil,medium_airport,False,GA
POL,Pemba Airport,-12.993302,40.524867,331.0,AF,MZ,MZ-P,Pemba,medium_airport,False,MZ
POM,Port Moresby Jacksons International Airport,-9.44338035583496,147.22000122070312,146.0,OC,PG,PG-NCD,Port Moresby,large_airport,False,PG
POP,Gregorio Luperon International Airport,19.7579,-70.57,15.0,,DO,DO-18,Puerto Plata,medium_airport,False,DO
POR,Pori Airport,61.4617,21.799999,44.0,EU,FI,FI-17,Pori,medium_airport,False,FI
POS,Piarco International Airport,10.5954,-61.3372,58.0,,TT,TT-TUP,Port of Spain,medium_airport,False,TT
POZ,Poznań-Ławica Airport,52.421598,16.823359,308.0,EU,PL,PL-WP,Poznań,medium_airport,False,PL
PPB,Presidente Prudente Airport,-22.1751,-51.424599,1477.0,SA,BR,BR-SP,Presidente Prudente,medium_airport,False,BR
PPG,Pago Pago International Airport,-14.331,-170.710007,32.0,OC,AS,AS-WT,Pago Pago,medium_airport,False,AS
PPK,Petropavl Airport,54.774702,69.183273,453.0,AS,KZ,KZ-SEV,Petropavl,medium_airport,False,KZ
PPN,Guillermo León Valencia Airport,2.4544,-76.6093,5687.0,SA,CO,CO-CAU,Popayán,medium_airport,False,CO
PPP,Proserpine Whitsunday Coast Airport,-20.494416,148.553583,82.0,OC,AU,AU-QLD,Proserpine,medium_airport,False,AU
PPS,Puerto Princesa International Airport / PAF Antonio Bautista Air Base,9.74212,118.759003,71.0,AS,PH,PH-PLW,Puerto Princesa,medium_airport,False,PH
PPT,Faa'a International Airport,-17.553699,-149.606995,5.0,OC,PF,PF-U-A,Papeete,large_airport,False,PF
PQC,Phu Quoc International Airport,10.1698,103.9931,37.0,AS,VN,VN-SW,Phu Quoc Island,medium_airport,False,VN
PQI,Presque Isle International Airport,46.688999,-68.0448,534.0,,US,US-ME,Presque Isle,medium_airport,False,US
PQQ,Port Macquarie Airport,-31.4358005524,152.863006592,12.0,OC,AU,AU-NSW,Port Macquarie,medium_airport,False,AU
PRA,General Urquiza Airport,-31.7948,-60.4804,242.0,SA,AR,AR-E,Parana,medium_airport,False,AR
PRC,Prescott International Airport - Ernest A. Love Field,34.654499,-112.419998,5045.0,,US,US-AZ,Prescott,medium_airport,False,US
PRG,Václav Havel Airport Prague,50.100874,14.259911,1247.0,EU,CZ,CZ-PR,Prague,large_airport,False,CZ
PRI,Praslin Island Airport,-4.319256,55.691561,10.0,AF,SC,SC-14,Praslin Island,medium_airport,False,SC
PRM,Portimão Airport,37.1493,-8.58396,5.0,EU,PT,PT-08,Portimão,medium_airport,False,PT
PRN,Priština Adem Jashari International Airport,42.5728,21.035801,1789.0,EU,XK,XK-01,Prishtina,medium_airport,False,XK
PSA,Pisa International Airport,43.683899,10.3927,6.0,EU,IT,IT-52,Pisa (PI),large_airport,False,IT
PSC,Tri Cities Airport,46.264702,-119.119003,410.0,,US,US-WA,Pasco,medium_airport,False,US
PSE,Mercedita Airport,18.00830078125,-66.56300354003906,29.0,,PR,PR-U-A,Ponce,medium_airport,False,PR
PSG,Petersburg James A Johnson Airport,56.80170059,-132.9450073,111.0,,US,US-AK,Petersburg,medium_airport,False,US
PSM,Portsmouth International at Pease Airport,43.0778999329,-70.8233032227,100.0,,US,US-NH,Portsmouth,medium_airport,False,US
PSO,Antonio Nariño Airport,1.39625,-77.2915,5951.0,SA,CO,CO-NAR,Chachagüí,medium_airport,False,CO
PSP,Palm Springs International Airport,33.8297,-116.507004,477.0,,US,US-CA,Palm Springs,medium_airport,False,US
PSR,Abruzzo Airport,42.431702,14.1811,48.0,EU,IT,IT-65,Pescara,medium_airport,False,IT
PSS,Libertador Gral D Jose De San Martin Airport,-27.3858,-55.9707,430.0,SA,AR,AR-N,Posadas,medium_airport,False,AR
PSU,Pangsuma Airport,0.834579,112.940217,297.0,AS,ID,ID-KB,Putussibau-Borneo Island,medium_airport,False,ID
PSY,Port Stanley Airport,-51.685699462891,-57.777599334717,75.0,SA,FK,FK-U-A,Stanley,medium_airport,False,FK
PSZ,Capitán Av. Salvador Ogaya G. airport,-18.975301,-57.820599,440.0,SA,BO,BO-S,Puerto Suárez,medium_airport,False,BO
PTG,Polokwane International Airport,-23.845269,29.458615,4076.0,AF,ZA,ZA-NP,Polokwane,medium_airport,False,ZA
PTH,Port Heiden Airport,56.957893,-158.630219,95.0,,US,US-AK,Port Heiden,medium_airport,False,US
PTJ,Portland Airport,-38.31809997558594,141.4709930419922,265.0,OC,AU,AU-VIC,,medium_airport,False,AU
PTP,Guadeloupe - Maryse Condé International Airport,16.265301,-61.531799,36.0,,GP,GP-U-A,Pointe-à-Pitre,large_airport,False,GP
PTU,Platinum Airport,59.017675,-161.827927,15.0,,US,US-AK,Platinum,medium_airport,False,US
PTY,Tocumen International Airport,9.07136,-79.383499,135.0,,PA,PA-8,Tocumen,large_airport,False,PA
PUB,Pueblo Memorial Airport,38.289101,-104.497002,4726.0,,US,US-CO,Pueblo,medium_airport,False,US
PUD,Puerto Deseado Airport,-47.7353,-65.9041,268.0,SA,AR,AR-Z,Puerto Deseado,medium_airport,False,AR
PUF,Pau Pyrénées Airport,43.380001,-0.418611,616.0,EU,FR,FR-NAQ,Pau/Pyrénées (Uzein),medium_airport,False,FR
PUG,Port Augusta Airport,-32.506900787353516,137.7169952392578,56.0,OC,AU,AU-SA,,medium_airport,False,AU
PUJ,Punta Cana International Airport,18.5674,-68.363403,47.0,,DO,DO-11,Punta Cana,large_airport,False,DO
PUQ,President Carlos Ibañez del Campo International Airport,-53.002602,-70.854599,139.0,SA,CL,CL-MA,Punta Arenas,medium_airport,False,CL
PUS,Gimhae International Airport,35.179501,128.938004,6.0,AS,KR,KR-26,Busan,large_airport,False,KR
PUU,Tres De Mayo Airport,0.505228,-76.5008,815.0,SA,CO,CO-PUT,Puerto Asís,medium_airport,False,CO
PUW,Pullman-Moscow Regional Airport,46.741601,-117.11163,2556.0,,US,US-WA,Pullman,medium_airport,False,US
PUY,Pula Airport,44.893501,13.9222,274.0,EU,HR,HR-18,Pula,medium_airport,False,HR
PUZ,Puerto Cabezas Airport,14.047200202941896,-83.38670349121094,52.0,,NI,NI-AN,Puerto Cabezas,medium_airport,False,NI
PVA,El Embrujo Airport,13.357461,-81.357977,10.0,,CO,CO-SAP,Providencia,medium_airport,False,CO
PVD,Theodore Francis Green State Airport,41.725038,-71.425668,55.0,,US,US-RI,Warwick,large_airport,False,US
PVG,Shanghai Pudong International Airport,31.1434,121.805,13.0,AS,CN,CN-31,Shanghai (Pudong),large_airport,False,CN
PVH,Governador Jorge Teixeira de Oliveira Airport,-8.707854,-63.90242,295.0,SA,BR,BR-RO,Porto Velho,medium_airport,False,BR
PVK,Aktion National Airport,38.925499,20.765301,11.0,EU,GR,GR-D,Preveza,medium_airport,False,GR
PVR,Puerto Vallarta International Airport,20.679913,-105.254391,23.0,,MX,MX-JAL,Puerto Vallarta,large_airport,False,MX
PVU,Provo-Utah Lake International Airport,40.2192,-111.723,4497.0,,US,US-UT,Provo,medium_airport,False,US
PWE,Pevek Airport,69.783302,170.597,11.0,AS,RU,RU-CHU,Apapelgino,medium_airport,False,RU
PWM,Portland International Jetport,43.646198,-70.309303,76.0,,US,US-ME,Portland,large_airport,False,US
PWQ,Pavlodar Airport,52.19499969482422,77.07389831542969,410.0,AS,KZ,KZ-PAV,Pavlodar,medium_airport,False,KZ
PXM,Puerto Escondido International Airport,15.876808,-97.0891,294.0,,MX,MX-OAX,Puerto Escondido,medium_airport,False,MX
PXO,Porto Santo Airport,33.0733985901,-16.3500003815,341.0,EU,PT,PT-30,Vila Baleira,medium_airport,False,PT
PXR,Surin Airport,14.868300437927,103.49800109863,478.0,AS,TH,TH-32,Surin,medium_airport,False,TH
PXU,Pleiku Airport,14.00450038909912,108.01699829101562,2434.0,AS,VN,VN-CH,Pleiku,medium_airport,False,VN
PYJ,Polyarny Airport,66.400398,112.029999,1660.0,AS,RU,RU-SA,Yakutia,medium_airport,False,RU
PYK,Payam Karaj International Airport,35.7761,50.826698,4170.0,AS,IR,IR-30,Karaj,medium_airport,False,IR
PZB,Pietermaritzburg Airport,-29.649000167799997,30.3987007141,2423.0,AF,ZA,ZA-NL,Pietermaritzburg,medium_airport,False,ZA
PZH,Zhob Airport,31.358400344848633,69.4636001586914,4728.0,AS,PK,PK-BA,Fort Sandeman,medium_airport,False,PK
PZI,Panzhihua Bao'anying Airport,26.54,101.79852,1620.0,AS,CN,CN-51,Panzhihua (Renhe),medium_airport,False,CN
PZO,General Manuel Carlos Piar International Airport,8.288530349731445,-62.760398864746094,472.0,SA,VE,VE-F,Puerto Ordaz-Ciudad Guayana,medium_airport,False,VE
PZU,Port Sudan New International Airport,19.4335994720459,37.234100341796875,135.0,AF,SD,SD-26,Port Sudan,medium_airport,False,SD
QBC,Bella Coola Airport,52.387501,-126.596001,117.0,,CA,CA-BC,Bella Coola,medium_airport,False,CA
QOW,Sam Mbakwe International Airport,5.427060127258301,7.206029891967773,373.0,AF,NG,NG-IM,Owerri,medium_airport,False,NG
QRO,Querétaro Intercontinental Airport,20.6173,-100.185997,6296.0,,MX,MX-QUE,Querétaro,medium_airport,False,MX
QRW,Warri Airport,5.59821,5.8187,242.0,AF,NG,NG-DE,Okpe,medium_airport,False,NG
QSF,Ain Arnat Airport,36.178100585900005,5.3244900703399995,3360.0,AF,DZ,DZ-19,Sétif,medium_airport,False,DZ
QSR,Salerno Costa d'Amalfi Airport,40.620399,14.9113,123.0,EU,IT,IT-72,Salerno,medium_airport,False,IT
QSZ,Shache Airport,38.24542,77.056149,4232.0,AS,CN,CN-65,Shache,medium_airport,False,CN
QUO,Akwa Ibom International Airport,4.8725,8.093,170.0,AF,NG,NG-AK,Uyo,medium_airport,False,NG
RAB,Tokua Airport,-4.34046,152.380005,49.0,OC,PG,PG-EBR,Kokopo,medium_airport,False,PG
RAE,Arar Domestic Airport,30.90660095214844,41.13819885253906,1813.0,AS,SA,SA-08,Arar,medium_airport,False,SA
RAH,Rafha Domestic Airport,29.626399993896484,43.4906005859375,1474.0,AS,SA,SA-08,Rafha,medium_airport,False,SA
RAI,Nelson Mandela International Airport,14.941126,-23.484728,230.0,AF,CV,CV-S,Praia,large_airport,False,CV
RAJ,Rajkot Airport,22.3092002869,70.77950286869999,441.0,AS,IN,IN-GJ,Rajkot,medium_airport,False,IN
RAK,Menara Airport,31.606899,-8.0363,1545.0,AF,MA,MA-07,Marrakech,large_airport,False,MA
RAO,Leite Lopes Airport,-21.134314,-47.774053,1805.0,SA,BR,BR-SP,Ribeirão Preto,medium_airport,False,BR
RAP,Rapid City Regional Airport,44.0452995300293,-103.05699920654295,3204.0,,US,US-SD,Rapid City,medium_airport,False,US
RAR,Rarotonga International Airport,-21.2027,-159.806,19.0,OC,CK,CK-U-A,Avarua,medium_airport,False,CK
RAS,Sardar-e-Jangal Airport,37.323333,49.617778,-40.0,AS,IR,IR-01,Rasht,medium_airport,False,IR
RBA,Rabat-Salé Airport,34.051498,-6.75152,276.0,AF,MA,MA-04,Rabat,large_airport,False,MA
RBR,Rio Branco-Plácido de Castro International Airport,-9.869031,-67.893984,633.0,SA,BR,BR-AC,Rio Branco,medium_airport,False,BR
RBY,Ruby Airport,64.727203,-155.470001,658.0,,US,US-AK,Ruby,medium_airport,False,US
RCB,Richards Bay Airport,-28.740999221800003,32.0920982361,109.0,AF,ZA,ZA-NL,Richards Bay,medium_airport,False,ZA
RCH,Almirante Padilla Airport,11.5262,-72.926,43.0,SA,CO,CO-LAG,Riohacha,medium_airport,False,CO
RDD,Redding Municipal Airport,40.50899887,-122.2929993,505.0,,US,US-CA,Redding,medium_airport,False,US
RDM,Roberts Field,44.254101,-121.150002,3080.0,,US,US-OR,Redmond,medium_airport,False,US
RDO,Warsaw Radom Airport,51.38937,21.214742,610.0,EU,PL,PL-MZ,Radom,medium_airport,False,PL
RDP,Kazi Nazrul Islam Airport,23.6225,87.243,300.0,AS,IN,IN-WB,Durgapur,medium_airport,False,IN
RDU,Raleigh Durham International Airport,35.877602,-78.787498,435.0,,US,US-NC,Raleigh/Durham,large_airport,False,US
RDZ,Rodez–Aveyron Airport,44.407902,2.48267,1910.0,EU,FR,FR-OCC,Rodez/Marcillac,medium_airport,False,FR
REC,Recife/Guararapes - Gilberto Freyre International Airport,-8.125984,-34.923316,33.0,SA,BR,BR-PE,Recife,medium_airport,False,BR
REG,Reggio Calabria Airport,38.071201,15.6516,96.0,EU,IT,IT-78,Reggio Calabria,medium_airport,False,IT
REL,Almirante Marco Andres Zar Airport,-43.2105,-65.2703,141.0,SA,AR,AR-U,Rawson,medium_airport,False,AR
REN,Orenburg Central Airport,51.795799255371094,55.45669937133789,387.0,EU,RU,RU-ORE,Orenburg,medium_airport,False,RU
RER,Retalhuleu Airport,14.521431,-91.697001,656.0,,GT,GT-RE,Retalhuleu,medium_airport,False,GT
RES,Resistencia International Airport,-27.45,-59.0561,173.0,SA,AR,AR-H,Resistencia,medium_airport,False,AR
REU,Reus Airport,41.1474,1.16717,233.0,EU,ES,ES-CT,Reus,medium_airport,False,ES
REW,"Rewa Airport, Chorhata, REWA",24.503401,81.220299,1000.0,AS,IN,IN-MP,Rewa,medium_airport,False,IN
REX,General Lucio Blanco International Airport,26.0089,-98.2285,139.0,,MX,MX-TAM,Reynosa,medium_airport,False,MX
RFD,Chicago Rockford International Airport,42.1954,-89.097198,742.0,,US,US-IL,Chicago/Rockford,medium_airport,False,US
RFP,Raiatea Airport,-16.7229,-151.466003,3.0,OC,PF,PF-U-A,Uturoa,medium_airport,False,PF
RGA,Gobernador Ramón Trejo Noel International Airport,-53.7777,-67.7494,65.0,SA,AR,AR-V,Rio Grande,medium_airport,False,AR
RGI,Rangiroa Airport,-14.954299926757812,-147.66099548339844,10.0,OC,PF,PF-U-A,,medium_airport,False,PF
RGL,Piloto Civil N. Fernández Airport,-51.6089,-69.3126,61.0,SA,AR,AR-Z,Rio Gallegos,medium_airport,False,AR
RGN,Yangon International Airport,16.907300949099998,96.1332015991,109.0,AS,MM,MM-06,Yangon,large_airport,False,MM
RGO,Orang (Chongjin) Airport,41.428538,129.647555,12.0,AS,KP,KP-09,Hoemun-ri,medium_airport,False,KP
RHD,Termas de Río Hondo international Airport,-27.4966,-64.93595,935.0,SA,AR,AR-G,Termas de Río Hondo,medium_airport,False,AR
RHI,Rhinelander Oneida County Airport,45.63119888305664,-89.46749877929688,1624.0,,US,US-WI,Rhinelander,medium_airport,False,US
RHO,Diagoras Airport,36.405399,28.086201,17.0,AS,GR,GR-L,Rhodes,medium_airport,False,GR
RIA,Santa Maria Airport,-29.711399,-53.688202,287.0,SA,BR,BR-RS,Santa Maria,medium_airport,False,BR
RIB,Capitán Av. Selin Zeitun Lopez Airport,-11.009355,-66.075468,462.0,SA,BO,BO-B,Riberalta,medium_airport,False,BO
RIC,Richmond International Airport,37.505199,-77.319702,167.0,,US,US-VA,Richmond,large_airport,False,US
RIS,Rishiri Airport,45.2420005798,141.186004639,112.0,AS,JP,JP-01,Rishiri,medium_airport,False,JP
RIW,Central Wyoming Regional Airport,43.064201,-108.459999,5525.0,,US,US-WY,Riverton,medium_airport,False,US
RIX,Riga International Airport,56.923599,23.9711,36.0,EU,LV,LV-062,Riga,large_airport,False,LV
RIY,Riyan Mukalla International Airport,14.6626,49.375,54.0,AS,YE,YE-HD,Riyan,medium_airport,False,YE
RIZ,Rizhao Shanzihe Airport,35.405033,119.324403,121.0,AS,CN,CN-37,Rizhao (Donggang),medium_airport,False,CN
RJA,Rajahmundry Airport,17.105799,81.813204,151.0,AS,IN,IN-AP,Madhurapudi,medium_airport,False,IN
RJH,Shah Mokhdum Airport,24.43720054626465,88.61650085449219,64.0,AS,BD,BD-5,Rajshahi,medium_airport,False,BD
RJK,Rijeka Airport,45.2169,14.5703,278.0,EU,HR,HR-08,Omišalj,medium_airport,False,HR
RJN,Rafsanjan Airport,30.298345,56.048979,5298.0,AS,IR,IR-08,Rafsanjan,medium_airport,False,IR
RKD,Knox County Regional Airport,44.060101,-69.099197,56.0,,US,US-ME,Rockland,medium_airport,False,US
RKE,Copenhagen Roskilde Airport,55.585602,12.1314,146.0,EU,DK,DK-85,Roskilde,medium_airport,False,DK
RKS,Southwest Wyoming Regional Airport,41.5942,-109.065001,6764.0,,US,US-WY,Rock Springs,medium_airport,False,US
RKT,Ras Al Khaimah International Airport,25.613500595092773,55.93880081176758,102.0,AS,AE,AE-RK,Ras Al Khaimah,medium_airport,False,AE
RKV,Reykjavík Domestic Airport,64.128732,-21.93759,48.0,EU,IS,IS-1,Reykjavík,medium_airport,False,IS
RKZ,Xigaze Peace Airport / Shigatse Air Base,29.3519,89.311401,3782.0,AS,CN,CN-54,Xigazê (Samzhubzê),medium_airport,False,CN
RLG,Rostock-Laage Airport,53.918201,12.2783,138.0,EU,DE,DE-MV,Laage,medium_airport,False,DE
RLK,Bayannur Tianjitai Airport,40.926,107.7428,3400.0,AS,CN,CN-15,Bavannur,medium_airport,False,CN
RMA,Roma Airport,-26.545000076300003,148.774993896,1032.0,OC,AU,AU-QLD,Roma,medium_airport,False,AU
RMF,Marsa Alam International Airport,25.555548,34.59245,213.0,AF,EG,EG-BA,Marsa Alam,medium_airport,False,EG
RMI,Federico Fellini International Airport,44.020302,12.6117,40.0,EU,IT,IT-45,Rimini (RN),medium_airport,False,IT
RML,Colombo Ratmalana Airport,6.821990013122559,79.88619995117188,22.0,AS,LK,LK-1,Colombo,medium_airport,False,LK
RMO,Chişinău International Airport,46.9277,28.931,399.0,EU,MD,MD-CU,Chişinău,medium_airport,False,MD
RMQ,Taichung International Airport / Ching Chuang Kang Air Base,24.2647,120.621002,663.0,AS,TW,TW-TXG,Taichung (Qingshui),medium_airport,False,TW
RMU,Región de Murcia International Airport,37.803,-1.125,644.0,EU,ES,ES-MC,Corvera,medium_airport,False,ES
RMZ,Remezov Airport,58.058427,68.348801,167.0,AS,RU,RU-TYU,Tobolsk,medium_airport,False,RU
RNB,Ronneby Airport,56.266701,15.265,191.0,EU,SE,SE-K,Ronneby,medium_airport,False,SE
RNJ,Yoron Airport,27.043847,128.401648,52.0,AS,JP,JP-46,Yoron,medium_airport,False,JP
RNN,Bornholm Airport,55.063301,14.7596,52.0,EU,DK,DK-84,Rønne,medium_airport,False,DK
RNO,Reno Tahoe International Airport,39.4991,-119.767998,4415.0,,US,US-NV,Reno,large_airport,False,US
RNS,Rennes-Saint-Jacques Airport,48.0695,-1.73479,124.0,EU,FR,FR-BRE,"Saint-Jacques-de-la-Lande, Ille-et-Vilaine",medium_airport,False,FR
ROA,Roanoke–Blacksburg Regional Airport,37.3255,-79.975403,1175.0,,US,US-VA,Roanoke,medium_airport,False,US
ROB,Roberts International Airport,6.23379,-10.3623,31.0,AF,LR,LR-MG,Monrovia,large_airport,False,LR
ROC,Frederick Douglass Greater Rochester International Airport,43.1189,-77.672401,559.0,,US,US-NY,Rochester,medium_airport,False,US
ROI,Roi Et Airport,16.1168,103.774002,451.0,AS,TH,TH-45,Roi Et,medium_airport,False,TH
ROK,Rockhampton Airport,-23.380019,150.475359,34.0,OC,AU,AU-QLD,Rockhampton,medium_airport,False,AU
ROO,Maestro Marinho Franco Airport,-16.584292,-54.724803,1467.0,SA,BR,BR-MT,Rondonópolis,medium_airport,False,BR
ROP,Rota International Airport,14.1743,145.242996,607.0,OC,MP,MP-U-A,Rota Island,medium_airport,False,MP
ROR,Babelthuap Airport,7.36731,134.544236,176.0,OC,PW,PW-004,Babelthuap Island,medium_airport,False,PW
ROS,Rosario Islas Malvinas International Airport,-32.9036,-60.785,85.0,SA,AR,AR-S,Rosario,medium_airport,False,AR
ROT,Rotorua Regional Airport,-38.1092,176.317001,935.0,OC,NZ,NZ-BOP,Rotorua,medium_airport,False,NZ
ROV,Platov International Airport,47.493888,39.924722,213.0,EU,RU,RU-ROS,Rostov-on-Don,large_airport,False,RU
ROW,Roswell Air Center Airport,33.301601,-104.530998,3671.0,,US,US-NM,Roswell,medium_airport,False,US
RPR,Swami Vivekananda Airport,21.180401,81.7388,1041.0,AS,IN,IN-CT,Raipur,medium_airport,False,IN
RQA,Ruoqiang Loulan Airport,38.974722,88.008333,2916.0,AS,CN,CN-65,Ruoqiang Town,medium_airport,False,CN
RRG,Sir Charles Gaetan Duval Airport,-19.7577,63.361,95.0,AF,MU,MU-RO,Port Mathurin,medium_airport,False,MU
RRS,Røros Airport,62.578399658203,11.342300415039,2054.0,EU,NO,NO-50,Røros,medium_airport,False,NO
RSA,Santa Rosa Airport,-36.588299,-64.275703,630.0,SA,AR,AR-L,Santa Rosa,medium_airport,False,AR
RSI,Red Sea International Airport,25.627975,37.088914,140.0,AS,SA,SA-07,Hanak,medium_airport,False,SA
RST,Rochester International Airport,43.908298,-92.5,1317.0,,US,US-MN,Rochester,medium_airport,False,US
RSU,Yeosu Airport,34.84230041503906,127.61699676513672,53.0,AS,KR,KR-46,Yeosu,medium_airport,False,KR
RSW,Southwest Florida International Airport,26.53619956970215,-81.75520324707031,30.0,,US,US-FL,Fort Myers,large_airport,False,US
RTB,Juan Manuel Gálvez International Airport,16.316799,-86.523003,39.0,,HN,HN-IB,Coxen Hole,medium_airport,False,HN
RTM,Rotterdam The Hague Airport,51.956902,4.43722,-15.0,EU,NL,NL-ZH,Rotterdam,medium_airport,False,NL
RUA,Arua Airport,3.049152,30.911714,3951.0,AF,UG,UG-N,Arua,medium_airport,False,UG
RUH,King Khaled International Airport,24.9576,46.698799,2049.0,AS,SA,SA-01,Riyadh,large_airport,False,SA
RUN,Roland Garros Airport,-20.890087,55.518894,66.0,AF,RE,RE-SD,Sainte-Marie,large_airport,False,RE
RUR,Rurutu Airport,-22.434099197387695,-151.36099243164062,18.0,OC,PF,PF-U-A,,medium_airport,False,PF
RUT,Rutland - Southern Vermont Regional Airport,43.5294,-72.9496,787.0,,US,US-VT,Rutland,medium_airport,False,US
RVK,"Rørvik Airport, Ryum",64.838302612305,11.14610004425,14.0,EU,NO,NO-50,Rørvik,medium_airport,False,NO
RVN,Rovaniemi Airport,66.564796447754,25.830400466919,642.0,EU,FI,FI-10,Rovaniemi,medium_airport,False,FI
RWN,Rivne International Airport,50.60710144042969,26.141599655151367,755.0,EU,UA,UA-19,Rivne,medium_airport,False,UA
RXS,Roxas Airport,11.597700119018556,122.7519989013672,10.0,AS,PH,PH-CAP,Roxas City,medium_airport,False,PH
RYB,Staroselye Airport,58.104198,38.929401,423.0,EU,RU,RU-YAR,Rybinsk,medium_airport,False,RU
RYK,Shaikh Zaid Airport,28.383899688720703,70.27960205078125,271.0,AS,PK,PK-PB,Rahim Yar Khan,medium_airport,False,PK
RZE,Rzeszów-Jasionka Airport,50.109791,22.024155,693.0,EU,PL,PL-PK,Jasionka,medium_airport,False,PL
RZR,Ramsar Airport,36.90701,50.687316,-70.0,AS,IR,IR-02,Ramsar,medium_airport,False,IR
RZV,Rize–Artvin Airport,41.179766,40.848802,16.0,AS,TR,TR-53,Rize,medium_airport,False,TR
SAB,Juancho E. Yrausquin Airport,17.645351,-63.220571,60.0,,BQ,BQ-SA,Zion's Hill,medium_airport,False,BQ
SAF,Santa Fe Municipal Airport,35.6171,-106.088997,6348.0,,US,US-NM,Santa Fe,medium_airport,False,US
SAG,Shirdi Airport,19.688752,74.377354,1926.0,AS,IN,IN-MM,Kakadi,medium_airport,False,IN
SAH,Sanaa International Airport,15.4763,44.2197,7216.0,AS,YE,YE-SA,Sanaa,medium_airport,False,YE
SAI,Siem Reap-Angkor International Airport,13.369167,104.223056,191.0,AS,KH,KH-17,Siem Reap,large_airport,False,KH
SAL,Monseñor Óscar Arnulfo Romero International Airport,13.4409,-89.055702,101.0,,SV,SV-PA,San Salvador (San Luis Talpa),large_airport,False,SV
SAN,San Diego International Airport,32.7336006165,-117.190002441,17.0,,US,US-CA,San Diego,large_airport,False,US
SAP,Ramón Villeda Morales International Airport,15.4526,-87.923599,91.0,,HN,HN-CR,San Pedro Sula,medium_airport,False,HN
SAQ,San Andros Airport,25.053800582885746,-78.04900360107422,5.0,,BS,BS-NS,Andros Island,medium_airport,False,BS
SAT,San Antonio International Airport,29.533701,-98.469803,809.0,,US,US-TX,San Antonio,large_airport,False,US
SAV,Savannah Hilton Head International Airport,32.127602,-81.202103,50.0,,US,US-GA,Savannah,large_airport,False,US
SAW,Istanbul Sabiha Gökçen International Airport,40.898602,29.3092,312.0,AS,TR,TR-34,"Pendik, Istanbul",large_airport,False,TR
SBA,Santa Barbara Municipal Airport,34.426201,-119.839996,13.0,,US,US-CA,Santa Barbara,medium_airport,False,US
SBD,San Bernardino International Airport,34.095402,-117.235001,1159.0,,US,US-CA,San Bernardino,medium_airport,False,US
SBH,Saint Barthélemy - Gustaf III Airport,17.9044,-62.843601,49.0,,BL,BL-U-A,Gustavia,medium_airport,False,BL
SBN,South Bend Regional Airport,41.708698,-86.317299,799.0,,US,US-IN,South Bend,medium_airport,False,US
SBP,San Luis County Regional Airport,35.236801147499996,-120.641998291,212.0,,US,US-CA,San Luis Obispo,medium_airport,False,US
SBT,Sabetta International Airport,71.219167,72.052222,46.0,AS,RU,RU-YAN,Sabetta,medium_airport,False,RU
SBW,Sibu Airport,2.2616,111.985001,122.0,AS,MY,MY-13,Sibu,medium_airport,False,MY
SBY,Salisbury Ocean City Wicomico Regional Airport,38.34049987792969,-75.51029968261719,52.0,,US,US-MD,Salisbury,medium_airport,False,US
SBZ,Sibiu International Airport,45.785841,24.086666,1496.0,EU,RO,RO-SB,Sibiu,medium_airport,False,RO
SCC,Deadhorse Airport,70.19470215,-148.4649963,65.0,,US,US-AK,Deadhorse,medium_airport,False,US
SCE,State College Regional Airport,40.849374,-77.84852,1239.0,,US,US-PA,State College,medium_airport,False,US
SCK,Stockton Metropolitan Airport,37.893279,-121.238079,33.0,,US,US-CA,Stockton,medium_airport,False,US
SCL,Comodoro Arturo Merino Benítez International Airport,-33.393001556396484,-70.78579711914062,1555.0,SA,CL,CL-RM,Santiago,large_airport,False,CL
SCN,Saarbrücken Airport,49.2145996094,7.10950994492,1058.0,EU,DE,DE-SL,Saarbrücken,medium_airport,False,DE
SCO,Aktau Airport,43.860093,51.09086,73.0,AS,KZ,KZ-MAN,Aktau,medium_airport,False,KZ
SCQ,Santiago-Rosalía de Castro Airport,42.896301,-8.41514,1213.0,EU,ES,ES-GA,Santiago de Compostela,large_airport,False,ES
SCR,Scandinavian Mountains Airport,61.158393,12.842503,1608.0,EU,SE,SE-W,Malung-Sälen,medium_airport,False,SE
SCT,Socotra International Airport,12.6307,53.9058,146.0,AS,YE,YE-SU,Mori,medium_airport,False,YE
SCU,Antonio Maceo International Airport,19.96980094909668,-75.83540344238281,249.0,,CU,CU-13,Santiago,medium_airport,False,CU
SCV,Suceava Stefan cel Mare Airport,47.6875,26.35409927368164,1375.0,EU,RO,RO-SV,Suceava,medium_airport,False,RO
SCW,Syktyvkar Airport,61.64699935913086,50.84510040283203,342.0,EU,RU,RU-KO,Syktyvkar,medium_airport,False,RU
SDD,Lubango Airport,-14.924699783325195,13.574999809265137,5778.0,AF,AO,AO-HUI,Lubango,medium_airport,False,AO
SDE,Vicecomodoro Angel D. La Paz Aragonés Airport,-27.765556335399996,-64.3099975586,656.0,SA,AR,AR-G,Santiago del Estero,medium_airport,False,AR
SDF,Louisville Muhammad Ali International Airport,38.1744,-85.736,501.0,,US,US-KY,Louisville,large_airport,False,US
SDG,Sanandaj Airport,35.24589920043945,47.00920104980469,4522.0,AS,IR,IR-12,,medium_airport,False,IR
SDJ,Sendai Airport,38.139702,140.917007,15.0,AS,JP,JP-04,Natori,large_airport,False,JP
SDK,Sandakan Airport,5.900899887084961,118.05899810791016,46.0,AS,MY,MY-12,Sandakan,medium_airport,False,MY
SDL,Sundsvall-Härnösand Airport,62.528099060058594,17.443899154663086,16.0,EU,SE,SE-Y,Sundsvall/ Härnösand,medium_airport,False,SE
SDP,Sand Point Airport,55.313908,-160.522099,21.0,,US,US-AK,Sand Point,medium_airport,False,US
SDQ,Las Américas International Airport,18.42970085144,-69.668899536133,59.0,,DO,DO-01,Santo Domingo,large_airport,False,DO
SDR,Seve Ballesteros-Santander Airport,43.427101,-3.82001,16.0,EU,ES,ES-CB,Santander,medium_airport,False,ES
SDS,Sado Airport,38.0601997375,138.414001465,88.0,AS,JP,JP-15,Sado,medium_airport,False,JP
SDU,Santos Dumont Airport,-22.9105,-43.163101,11.0,SA,BR,BR-RJ,Rio de Janeiro,medium_airport,False,BR
SDW,Sindhudurg Airport,16.0,73.533333,202.0,AS,IN,IN-MM,Sindhudurg,medium_airport,False,IN
SDY,Sidney - Richland Regional Airport,47.705141,-104.194422,1985.0,,US,US-MT,Sidney,medium_airport,False,US
SEA,Seattle–Tacoma International Airport,47.447943,-122.310276,433.0,,US,US-WA,Seattle,large_airport,False,US
SEB,Sabha Airport,26.992452,14.466162,1427.0,AF,LY,LY-SB,Sabha,medium_airport,False,LY
SEK,Srednekolymsk Airport,67.4805,153.7364,60.0,AS,RU,RU-SA,Srednekolymsk,medium_airport,False,RU
SEN,London Southend Airport,51.570562,0.693627,49.0,EU,GB,GB-ENG,"Southend-on-Sea, Essex",medium_airport,False,GB
SEZ,Seychelles International Airport,-4.67434,55.521801,10.0,AF,SC,SC-20,Mahe Island,large_airport,False,SC
SFA,Sfax Thyna International Airport,34.71799850463867,10.690999984741213,85.0,AF,TN,TN-61,Sfax,medium_airport,False,TN
SFB,Orlando Sanford International Airport,28.777599334716797,-81.23750305175781,55.0,,US,US-FL,Orlando,large_airport,False,US
SFG,Grand Case-l'Espérance Airport,18.100057,-63.047444,7.0,,MF,MF-U-A,Grand Case,medium_airport,False,MF
SFJ,Kangerlussuaq Airport,67.010446,-50.715294,165.0,,GL,GL-QA,Kangerlussuaq,medium_airport,False,GL
SFN,Sauce Viejo Airport,-31.7117,-60.8117,55.0,SA,AR,AR-S,Santa Fe,medium_airport,False,AR
SFS,Subic Bay International Airport / Naval Air Station Cubi Point,14.7944,120.271004,64.0,AS,PH,PH-ZMB,Olongapo,medium_airport,False,PH
SFT,Skellefteå Airport,64.62480163574219,21.076900482177734,157.0,EU,SE,SE-AC,Skellefteå,medium_airport,False,SE
SGC,Surgut Airport,61.34370040893555,73.40180206298828,200.0,AS,RU,RU-KHM,Surgut,medium_airport,False,RU
SGD,Sønderborg Airport,54.96440124511719,9.791729927062988,24.0,EU,DK,DK-83,Sønderborg,medium_airport,False,DK
SGF,Springfield Branson National Airport,37.245701,-93.388603,1268.0,,US,US-MO,Springfield,medium_airport,False,US
SGU,St George Regional Airport,37.036389,-113.510306,2941.0,,US,US-UT,St George,medium_airport,False,US
SHA,Shanghai Hongqiao International Airport,31.198104,121.33426,10.0,AS,CN,CN-31,Shanghai (Minhang),large_airport,False,CN
SHB,Nakashibetsu Airport,43.5774993896,144.960006714,234.0,AS,JP,JP-01,Nakashibetsu,medium_airport,False,JP
SHD,Shenandoah Valley Regional Airport,38.263802,-78.8964,1201.0,,US,US-VA,Weyers Cave,medium_airport,False,US
SHE,Shenyang Taoxian International Airport,41.639801,123.483002,198.0,AS,CN,CN-21,"Hunnan, Shenyang",large_airport,False,CN
SHI,Shimojishima Airport,24.8267,125.144997,54.0,AS,JP,JP-47,Miyakojima,medium_airport,False,JP
SHJ,Sharjah International Airport,25.3286,55.5172,111.0,AS,AE,AE-SH,Sharjah,large_airport,False,AE
SHL,Shillong Airport,25.70359992980957,91.97869873046876,2910.0,AS,IN,IN-ML,Shillong,medium_airport,False,IN
SHM,Nanki Shirahama Airport,33.6622009277,135.363998413,298.0,AS,JP,JP-30,Shirahama,medium_airport,False,JP
SHO,King Mswati III International Airport,-26.358611,31.716944,1092.0,AF,SZ,SZ-LU,Mpaka,large_airport,False,SZ
SHR,Sheridan County Airport,44.76919937133789,-106.9800033569336,4021.0,,US,US-WY,Sheridan,medium_airport,False,US
SHS,Jingzhou Shashi Airport,30.29281,112.44854,95.0,AS,CN,CN-42,Jingzhou (Shashi),medium_airport,False,CN
SHV,Shreveport Regional Airport,32.446602,-93.8256,258.0,,US,US-LA,Shreveport,medium_airport,False,US
SHW,Sharurah Domestic Airport,17.4669,47.121399,2363.0,AS,SA,SA-10,Sharurah,medium_airport,False,SA
SID,Amílcar Cabral International Airport,16.7414,-22.9494,177.0,AF,CV,CV-B,Espargos,large_airport,False,CV
SIG,Fernando Luis Ribas Dominicci Airport,18.45680046081543,-66.09809875488281,10.0,,PR,PR-U-A,San Juan,medium_airport,False,PR
SIP,Simferopol International Airport,45.0522,33.975101,639.0,EU,UA,UA-43,Simferopol,medium_airport,False,UA
SIS,Sishen Airport,-27.6486,22.9993,3848.0,AF,ZA,ZA-NC,Sishen,medium_airport,False,ZA
SIT,Sitka Rocky Gutierrez Airport,57.04710006713867,-135.36199951171875,21.0,,US,US-AK,Sitka,medium_airport,False,US
SJC,Norman Y. Mineta San Jose International Airport,37.362452,-121.929188,62.0,,US,US-CA,San Jose,large_airport,False,US
SJD,Los Cabos International Airport,23.151919,-109.720731,374.0,,MX,MX-BCS,San José del Cabo,large_airport,False,MX
SJE,Jorge E. Gonzalez Torres Airport,2.57969,-72.6394,605.0,SA,CO,CO-GUV,San José Del Guaviare,medium_airport,False,CO
SJI,San Jose Airport,12.361499786399998,121.04699707,14.0,AS,PH,PH-MDC,San Jose,medium_airport,False,PH
SJJ,Sarajevo International Airport,43.8246,18.331499,1708.0,EU,BA,BA-BIH,Sarajevo,large_airport,False,BA
SJK,Professor Urbano Ernesto Stumpf Airport,-23.2292,-45.8615,2120.0,SA,BR,BR-SP,São José Dos Campos,medium_airport,False,BR
SJL,São Gabriel da Cachoeira Airport,-0.14835,-66.9855,249.0,SA,BR,BR-AM,São Gabriel da Cachoeira,medium_airport,False,BR
SJO,Juan Santamaría International Airport,9.99386,-84.208801,3021.0,,CR,CR-A,San José (Alajuela),large_airport,False,CR
SJP,Prof. Eribelto Manoel Reino State Airport,-20.817113,-49.406963,1784.0,SA,BR,BR-SP,São José do Rio Preto,medium_airport,False,BR
SJT,San Angelo Regional Mathis Field,31.35770034790039,-100.49600219726562,1919.0,,US,US-TX,San Angelo,medium_airport,False,US
SJU,Luis Munoz Marin International Airport,18.4394,-66.001801,9.0,,PR,PR-U-A,San Juan,large_airport,False,PR
SJW,Shijiazhuang Zhengding International Airport,38.280701,114.696999,233.0,AS,CN,CN-13,Shijiazhuang,medium_airport,False,CN
SJX,Sartaneja Airport,18.3561,-88.130798,3.0,,BZ,BZ-CZL,Sartaneja,medium_airport,False,BZ
SJZ,São Jorge Airport,38.665501,-28.1758,311.0,EU,PT,PT-20,Velas,medium_airport,False,PT
SKB,Robert L. Bradshaw International Airport,17.311199188232422,-62.71870040893555,170.0,,KN,KN-U-A,Basseterre,medium_airport,False,KN
SKD,Samarkand Airport,39.70050048828125,66.98380279541016,2224.0,AS,UZ,UZ-SA,Samarkand,medium_airport,False,UZ
SKG,Thessaloniki Macedonia International Airport,40.51928,22.970009,22.0,EU,GR,GR-B,Thessaloniki,large_airport,False,GR
SKN,"Stokmarknes Airport, Skagen",68.578827,15.033417,11.0,EU,NO,NO-18,Hadsel,medium_airport,False,NO
SKO,Sadiq Abubakar III International Airport,12.916299819946287,5.207190036773682,1010.0,AF,NG,NG-SO,Sokoto,medium_airport,False,NG
SKP,Skopje International Airport,41.958087,21.622581,781.0,EU,MK,MK-008,Ilinden,large_airport,False,MK
SKT,Sialkot International Airport,32.535557,74.363892,837.0,AS,PK,PK-PB,Sialkot,medium_airport,False,PK
SKX,Saransk Airport,54.12512969970703,45.212257385253906,676.0,EU,RU,RU-MO,Saransk,medium_airport,False,RU
SKZ,Sukkur Airport,27.722000122070312,68.79170227050781,196.0,AS,PK,PK-SD,Mirpur Khas,medium_airport,False,PK
SLA,Martin Miguel De Guemes International Airport,-24.856000900299996,-65.4861984253,4088.0,SA,AR,AR-A,Salta,medium_airport,False,AR
SLC,Salt Lake City International Airport,40.78886,-111.979866,4227.0,,US,US-UT,Salt Lake City,large_airport,False,US
SLD,Sliač Airport,48.63779830932617,19.13409996032715,1043.0,EU,SK,SK-BC,Sliač,medium_airport,False,SK
SLE,Salem-Willamette Valley Airport/McNary Field,44.9095,-123.002998,214.0,,US,US-OR,Salem,medium_airport,False,US
SLK,Adirondack Regional Airport,44.38691,-74.204629,1663.0,,US,US-NY,Saranac Lake,medium_airport,False,US
SLL,Salalah Airport,17.038700103759766,54.09130096435547,73.0,AS,OM,OM-ZU,Salalah,medium_airport,False,OM
SLM,Salamanca Airport,40.952099,-5.50199,2595.0,EU,ES,ES-CL,Salamanca,medium_airport,False,ES
SLN,Salina Municipal Airport,38.79100036621094,-97.6521987915039,1288.0,,US,US-KS,Salina,medium_airport,False,US
SLP,Ponciano Arriaga International Airport,22.254299163800003,-100.930999756,6035.0,,MX,MX-SLP,San Luis Potosí,medium_airport,False,MX
SLU,George F. L. Charles Airport,14.0202,-60.992901,22.0,,LC,LC-02,Castries,medium_airport,False,LC
SLY,Salekhard Airport,66.5907974243164,66.61100006103516,218.0,AS,RU,RU-YAN,Salekhard,medium_airport,False,RU
SLZ,Marechal Cunha Machado International Airport,-2.58536,-44.2341,178.0,SA,BR,BR-MA,São Luís,medium_airport,False,BR
SMA,Santa Maria Airport,36.97140121459961,-25.17060089111328,308.0,EU,PT,PT-20,Vila do Porto,medium_airport,False,PT
SMF,Sacramento International Airport,38.6954,-121.591003,27.0,,US,US-CA,Sacramento,large_airport,False,US
SMI,Samos Airport,37.689999,26.911699,19.0,EU,GR,GR-K,Samos Island,medium_airport,False,GR
SML,Stella Maris Airport,23.582317,-75.268621,10.0,,BS,BS-LI,Stella Maris,medium_airport,False,BS
SMN,Lemhi County Airport,45.122233,-113.88196,4043.0,,US,US-ID,Salmon,medium_airport,False,US
SMR,Simón Bolívar International Airport,11.1196,-74.2306,22.0,SA,CO,CO-MAG,Santa Marta,medium_airport,False,CO
SMS,Sainte Marie Airport,-17.093901,49.8158,7.0,AF,MG,MG-A,Vohilava,medium_airport,False,MG
SMX,Santa Maria Public Airport Captain G Allan Hancock Field,34.898899,-120.457001,261.0,,US,US-CA,Santa Maria,medium_airport,False,US
SNA,John Wayne Orange County International Airport,33.675701,-117.867996,56.0,,US,US-CA,Santa Ana,large_airport,False,US
SNB,Snake Bay Airport,-11.417674,130.648481,173.0,OC,AU,AU-NT,Milikapiti,medium_airport,False,AU
SNE,Preguiça Airport,16.588852,-24.284132,669.0,AF,CV,CV-B,Preguiça,medium_airport,False,CV
SNN,Shannon Airport,52.702,-8.92482,46.0,EU,IE,IE-CE,Shannon,large_airport,False,IE
SNO,Sakon Nakhon Airport,17.195100784301758,104.11900329589844,529.0,AS,TH,TH-47,,medium_airport,False,TH
SNP,St Paul Island Airport,57.166311,-170.222555,63.0,,US,US-AK,St Paul Island,medium_airport,False,US
SNR,Saint-Nazaire-Montoir Airport,47.31142,-2.152634,13.0,EU,FR,FR-PDL,Saint-Nazaire/Montoir,medium_airport,False,FR
SNU,Abel Santamaria Airport,22.492201,-79.943604,338.0,,CU,CU-05,Santa Clara,medium_airport,False,CU
SNW,Thandwe Airport,18.4606990814209,94.30010223388672,20.0,AS,MM,MM-16,Thandwe,medium_airport,False,MM
SOB,Hévíz–Balaton Airport,46.686391,17.159084,408.0,EU,HU,HU-ZA,Sármellék,medium_airport,False,HU
SOC,Adisumarmo Airport,-7.516044,110.757492,421.0,AS,ID,ID-JT,Surakarta,medium_airport,False,ID
SOF,Sofia Airport,42.696357,23.417671,1742.0,EU,BG,BG-22,Sofia,large_airport,False,BG
SOJ,Sørkjosen Airport,69.786797,20.9594,16.0,EU,NO,NO-55,Sørkjosen,medium_airport,False,NO
SOM,San Tomé Airport,8.9451465606689,-64.151084899902,861.0,SA,VE,VE-B,El Tigre,medium_airport,False,VE
SON,Santo Pekoa International Airport,-15.505000114399998,167.220001221,184.0,OC,VU,VU-SAM,Luganville,medium_airport,False,VU
SOQ,Domine Eduard Osok Airport,-0.894,131.287,10.0,AS,ID,ID-PB,Sorong,medium_airport,False,ID
SOU,Southampton Airport,50.950298,-1.3568,44.0,EU,GB,GB-ENG,Southampton,medium_airport,False,GB
SOW,Show Low Regional Airport,34.264062,-110.007091,6415.0,,US,US-AZ,Show Low,medium_airport,False,US
SPC,La Palma Airport,28.626499,-17.7556,107.0,AF,ES,ES-CN,"Sta Cruz de la Palma, La Palma Island",medium_airport,False,ES
SPD,Saidpur Airport,25.759199142456055,88.90889739990234,125.0,AS,BD,BD-5,Saidpur,medium_airport,False,BD
SPI,Abraham Lincoln Capital Airport,39.844101,-89.677902,598.0,,US,US-IL,Springfield,medium_airport,False,US
SPN,Saipan International Airport,15.119,145.729004,215.0,OC,MP,MP-U-A,"I Fadang, Saipan",medium_airport,False,MP
SPP,Menongue Airport,-14.657600402832031,17.71980094909668,4469.0,AF,AO,AO-CCU,Menongue,medium_airport,False,AO
SPR,John Greif II Airport,17.9139,-87.9711,4.0,,BZ,BZ-CY,San Pedro,medium_airport,False,BZ
SPS,Wichita Falls Municipal Airport / Sheppard Air Force Base,33.9888,-98.491898,1019.0,,US,US-TX,Wichita Falls,medium_airport,False,US
SPU,Split Airport,43.538898,16.298,79.0,EU,HR,HR-17,Kaštel Štafilić,medium_airport,False,HR
SPX,Sphinx International Airport,30.108078,30.889252,482.0,AF,EG,EG-GZ,Al Jiza,medium_airport,False,EG
SQD,Shangrao Sanqingshan Airport,28.3797,117.9643,340.0,AS,CN,CN-36,Shangrao (Hengfeng),medium_airport,False,CN
SQG,Tebelian Airport,-0.045214,111.458049,97.0,AS,ID,ID-KB,Sintang,medium_airport,False,ID
SQJ,Sanming Shaxian Airport,26.4263,117.8336,830.0,AS,CN,CN-35,Sanming (Sha),medium_airport,False,CN
SQL,San Carlos Airport,37.51313,-122.250838,5.0,,US,US-CA,San Carlos,medium_airport,False,US
SRE,Alcantarí Airport,-19.246835,-65.149611,10184.0,SA,BO,BO-H,Yamparaez,medium_airport,False,BO
SRG,Achmad Yani Airport,-6.970732,110.373244,10.0,AS,ID,ID-JT,Semarang,medium_airport,False,ID
SRP,"Stord Airport, Sørstokken",59.791901,5.34085,160.0,EU,NO,NO-46,Leirvik,medium_airport,False,NO
SRQ,Sarasota Bradenton International Airport,27.394631,-82.554359,30.0,,US,US-FL,Sarasota/Bradenton,large_airport,False,US
SRT,Soroti Airport,1.7276899814605713,33.622798919677734,3697.0,AF,UG,UG-E,Soroti,medium_airport,False,UG
SRX,Sirt International Airport / Ghardabiya Airbase,31.063499,16.594999,267.0,AF,LY,LY-SR,Sirt,medium_airport,False,LY
SRY,Sari Dasht-e Naz International Airport,36.644408,53.188761,35.0,AS,IR,IR-02,Sari,medium_airport,False,IR
SRZ,El Trompillo Airport,-17.8115997314,-63.1715011597,1371.0,SA,BO,BO-S,Santa Cruz,medium_airport,False,BO
SSA,Deputado Luiz Eduardo Magalhães International Airport,-12.908611,-38.322498,64.0,SA,BR,BR-BA,Salvador,large_airport,False,BR
SSG,Malabo Airport,3.755270004272461,8.708720207214355,76.0,AF,GQ,GQ-BN,Malabo,medium_airport,False,GQ
SSH,Sharm El Sheikh International Airport,27.977272,34.394717,191.0,AS,EG,EG-JS,Sharm El Sheikh,large_airport,False,EG
SSJ,"Sandnessjøen Airport, Stokka",65.956802,12.4689,56.0,EU,NO,NO-18,Alstahaug,medium_airport,False,NO
SST,Santa Teresita Airport,-36.5423,-56.7218,9.0,SA,AR,AR-B,Santa Teresita,medium_airport,False,AR
SSY,Mbanza Congo Airport,-6.269899845123291,14.246999740600586,1860.0,AF,AO,AO-ZAI,Mbanza Congo,medium_airport,False,AO
STC,Saint Cloud Regional Airport,45.5466,-94.059898,1031.0,,US,US-MN,Saint Cloud,medium_airport,False,US
STD,Mayor Buenaventura Vivas International Airport,7.56538,-72.035103,1083.0,SA,VE,VE-S,Santo Domingo,medium_airport,False,VE
STG,St George Airport,56.577345,-169.663823,125.0,,US,US-AK,St George,medium_airport,False,US
STI,Cibao International Airport,19.406099319458008,-70.60469818115234,565.0,,DO,DO-25,Santiago,medium_airport,False,DO
STL,St. Louis Lambert International Airport,38.748697,-90.370003,618.0,,US,US-MO,St Louis,large_airport,False,US
STM,Santarém - Maestro Wilson Fonseca International Airport,-2.422423,-54.79306,198.0,SA,BR,BR-PA,Santarém,medium_airport,False,BR
STN,London Stansted Airport,51.884998,0.235,348.0,EU,GB,GB-ENG,London,large_airport,False,GB
STR,Stuttgart Airport,48.689899,9.22196,1276.0,EU,DE,DE-BW,Stuttgart,large_airport,False,DE
STS,Charles M. Schulz Sonoma County Airport,38.50899887,-122.8130035,128.0,,US,US-CA,Santa Rosa,medium_airport,False,US
STT,Cyril E. King Airport,18.337091,-64.977251,23.0,,VI,VI-ST,Charlotte Amalie,medium_airport,False,VI
STV,Surat Airport,21.1141,72.741798,16.0,AS,IN,IN-GJ,Surat,medium_airport,False,IN
STW,Stavropol Shpakovskoye Airport,45.10919952392578,42.11280059814453,1486.0,EU,RU,RU-STA,Stavropol,medium_airport,False,RU
STX,Henry E Rohlsen Airport,17.701413,-64.802608,74.0,,VI,VI-SC,Christiansted,medium_airport,False,VI
SUB,Juanda International Airport,-7.37983,112.787003,9.0,AS,ID,ID-JI,Surabaya,large_airport,False,ID
SUF,Lamezia Terme Sant'Eufemia International Airport,38.905197,16.243762,39.0,EU,IT,IT-78,Lamezia Terme (CZ),medium_airport,False,IT
SUG,Surigao Airport,9.755838325629998,125.480947495,20.0,AS,PH,PH-SUN,Surigao City,medium_airport,False,PH
SUI,Sukhumi Babushara /  Vladislav Ardzinba International Airport,42.8582,41.128101,53.0,AS,GE,GE-AB,Sukhumi,medium_airport,False,GE
SUJ,Satu Mare International Airport,47.7033,22.8857,405.0,EU,RO,RO-SM,Satu Mare,medium_airport,False,RO
SUN,Friedman Memorial Airport,43.50439835,-114.2959976,5318.0,,US,US-ID,Hailey,medium_airport,False,US
SUV,Nausori International Airport,-18.04330062866211,178.5590057373047,17.0,OC,FJ,FJ-C,Nausori,medium_airport,False,FJ
SUX,Sioux Gateway Airport / Brigadier General Bud Day Field,42.397605,-96.382237,1098.0,,US,US-IA,Sioux City,medium_airport,False,US
SVA,Savoonga Airport,63.686401,-170.492996,53.0,,US,US-AK,Savoonga,medium_airport,False,US
SVB,Sambava Airport,-14.2786,50.174702,20.0,AF,MG,MG-D,Sambava,medium_airport,False,MG
SVC,Grant County Airport,32.636701,-108.154736,5446.0,,US,US-NM,Silver City,medium_airport,False,US
SVD,Argyle International Airport,13.156695,-61.149945,136.0,,VC,VC-04,Kingstown,medium_airport,False,VC
SVG,"Stavanger Airport, Sola",58.876701,5.63778,29.0,EU,NO,NO-11,Stavanger,large_airport,False,NO
SVI,Eduardo Falla Solano Airport,2.15217,-74.7663,920.0,SA,CO,CO-CAQ,San Vicente Del Caguán,medium_airport,False,CO
SVJ,"Svolvær Airport, Helle",68.243301,14.6692,27.0,EU,NO,NO-18,Svolvær,medium_airport,False,NO
SVL,Savonlinna Airport,61.9431,28.945101,311.0,EU,FI,FI-04,Savonlinna,medium_airport,False,FI
SVO,Sheremetyevo International Airport,55.972599,37.4146,622.0,EU,RU,RU-MOS,Moscow,large_airport,False,RU
SVQ,Sevilla Airport,37.417999,-5.89311,112.0,EU,ES,ES-AN,Sevilla,medium_airport,False,ES
SVX,Koltsovo Airport,56.743099212646,60.802700042725,764.0,AS,RU,RU-SVE,Yekaterinburg,large_airport,False,RU
SVZ,San Antonio Del Tachira Airport,7.84083,-72.439697,1312.0,SA,VE,VE-S,,medium_airport,False,VE
SWA,Jieyang Chaoshan International Airport,23.552,116.5033,,AS,CN,CN-44,Jieyang (Rongcheng),medium_airport,False,CN
SWF,New York Stewart International Airport,41.504101,-74.104797,491.0,,US,US-NY,Newburgh,medium_airport,False,US
SWO,Stillwater Regional Airport,36.162132,-97.085581,1000.0,,US,US-OK,Stillwater,medium_airport,False,US
SXB,Strasbourg Airport,48.538299560546875,7.628230094909668,505.0,EU,FR,FR-GES,Strasbourg,medium_airport,False,FR
SXM,Princess Juliana International Airport,18.041,-63.108898,13.0,,SX,SX-U-A,Sint Maarten,large_airport,False,SX
SXR,Sheikh ul Alam International Airport,33.987099,74.7742,5429.0,AS,IN,IN-JK,Srinagar,medium_airport,False,IN
SYO,Shonai Airport,38.812199,139.787003,86.0,AS,JP,JP-06,Shonai,medium_airport,False,JP
SYQ,Tobías Bolaños International Airport,9.95705,-84.139801,3287.0,,CR,CR-SJ,San Jose,medium_airport,False,CR
SYR,Syracuse Hancock International Airport,43.11119842529297,-76.1063003540039,421.0,,US,US-NY,Syracuse,large_airport,False,US
SYS,Saskylakh Airport,71.927902,114.080002,,EU,RU,RU-SA,Saskylakh,medium_airport,False,RU
SYX,Sanya Phoenix International Airport,18.3029,109.412003,92.0,AS,CN,CN-46,Sanya (Tianya),large_airport,False,CN
SYY,Stornoway Airport,58.215599,-6.33111,26.0,EU,GB,GB-SCT,"Stornoway, Western Isles",medium_airport,False,GB
SYZ,Shiraz Shahid Dastghaib International Airport,29.5392,52.589802,4927.0,AS,IR,IR-07,Shiraz,large_airport,False,IR
SZA,Soyo Airport,-6.141089916229248,12.371800422668455,15.0,AF,AO,AO-ZAI,Soyo,medium_airport,False,AO
SZB,Sultan Abdul Aziz Shah International Airport,3.130579948425293,101.54900360107422,90.0,AS,MY,MY-10,Subang,medium_airport,False,MY
SZF,Samsun-Çarşamba Airport,41.253988,36.567546,18.0,AS,TR,TR-55,Samsun,medium_airport,False,TR
SZG,Salzburg Airport,47.793301,13.0043,1411.0,EU,AT,AT-5,Salzburg,medium_airport,False,AT
SZX,Shenzhen Bao'an International Airport,22.639299,113.810997,13.0,AS,CN,CN-44,Shenzhen (Bao'an),large_airport,False,CN
SZY,Olsztyn-Mazury Airport,53.481899,20.9377,463.0,EU,PL,PL-WN,Szymany,medium_airport,False,PL
SZZ,Solidarity Szczecin–Goleniów Airport,53.584702,14.9022,154.0,EU,PL,PL-ZP,Glewice,medium_airport,False,PL
TAB,A.N.R. Robinson International Airport,11.1497,-60.832199,38.0,,TT,TT-TOB,Scarborough,medium_airport,False,TT
TAC,Daniel Z. Romualdez Airport,11.227761,125.027783,10.0,AS,PH,PH-LEY,Tacloban City,medium_airport,False,PH
TAE,Daegu Airport,35.896872,128.65531,116.0,AS,KR,KR-27,Daegu,medium_airport,False,KR
TAG,Bohol-Panglao International Airport,9.573045,123.770143,42.0,AS,PH,PH-BOH,Panglao,medium_airport,False,PH
TAH,Tanna Airport,-19.45509910583496,169.2239990234375,19.0,OC,VU,VU-TAE,,medium_airport,False,VU
TAI,Ta'izz International Airport,13.6859998703,44.1390991211,4838.0,AS,YE,YE-TA,Ta'izz,medium_airport,False,YE
TAK,Takamatsu Airport,34.214199066199996,134.01600647,607.0,AS,JP,JP-37,Takamatsu,medium_airport,False,JP
TAM,General Francisco Javier Mina International Airport,22.2964000702,-97.8658981323,80.0,,MX,MX-TAM,Tampico,medium_airport,False,MX
TAO,Qingdao Jiaodong International Airport,36.361953,120.088171,30.0,AS,CN,CN-37,Qingdao (Jiaozhou),large_airport,False,CN
TAP,Tapachula International Airport,14.794549,-92.369871,97.0,,MX,MX-CHP,Tapachula,medium_airport,False,MX
TAS,Tashkent International Airport,41.257900238,69.2811965942,1417.0,AS,UZ,UZ-TO,Tashkent,large_airport,False,UZ
TAT,Poprad-Tatry Airport,49.073601,20.2411,2356.0,EU,SK,SK-PV,Poprad,medium_airport,False,SK
TAY,Tartu Airport,58.307438,26.686473,220.0,EU,EE,EE-7B,Reola,medium_airport,False,EE
TAZ,Daşoguz Airport,41.759853,59.836149,272.0,AS,TM,TM-D,Daşoguz,medium_airport,False,TM
TBB,Dong Tac Airport,13.0496,109.334,20.0,AS,VN,VN-SCC,Tuy Hoa,medium_airport,False,VN
TBH,Tugdan Airport,12.3109998703,122.084999084,10.0,AS,PH,PH-ROM,Tablas Island,medium_airport,False,PH
TBI,New Bight Airport,24.3153,-75.452301,5.0,,BS,BS-CI,Cat Island,medium_airport,False,BS
TBJ,Tabarka-Aïn Draham International Airport,36.98,8.87694,230.0,AF,TN,TN-32,Tabarka,medium_airport,False,TN
TBN,Waynesville-St. Robert Regional Airport-Forney Field,37.7416,-92.140701,1159.0,,US,US-MO,Fort Leonard Wood,medium_airport,False,US
TBP,Captain Pedro Canga Rodríguez International Airport,-3.552074,-80.381086,115.0,SA,PE,PE-TUM,Tumbes,medium_airport,False,PE
TBS,Tbilisi International Airport,41.669201,44.9547,1624.0,AS,GE,GE-TB,Tbilisi,large_airport,False,GE
TBT,Tabatinga Airport,-4.25567,-69.935799,263.0,SA,BR,BR-AM,Tabatinga,medium_airport,False,BR
TBU,Fua'amotu International Airport,-21.241199493408203,-175.14999389648438,126.0,OC,TO,TO-04,Nuku'alofa,medium_airport,False,TO
TBZ,Tabriz International Airport,38.1339,46.235001,4459.0,AS,IR,IR-03,Tabriz,medium_airport,False,IR
TCA,Tennant Creek Airport,-19.6343994140625,134.18299865722656,1236.0,OC,AU,AU-NT,Tennant Creek,medium_airport,False,AU
TCB,Treasure Cay Airport,26.745300293,-77.3912963867,8.0,,BS,BS-CO,Treasure Cay,medium_airport,False,BS
TCO,La Florida Airport,1.81442,-78.7492,8.0,SA,CO,CO-NAR,Tumaco,medium_airport,False,CO
TCP,Taba International Airport,29.594496,34.775752,2425.0,AS,EG,EG-JS,Taba,medium_airport,False,EG
TCQ,Coronel FAP Carlos Ciriani Santa Rosa International Airport,-18.0533008575,-70.2758026123,1538.0,SA,PE,PE-TAC,Tacna,medium_airport,False,PE
TCZ,Tengchong Tuofeng Airport,24.938056,98.485833,6250.0,AS,CN,CN-53,Baoshan (Tengchong),medium_airport,False,CN
TDK,Taldykorgan Airport,45.12255,78.442758,1925.0,AS,KZ,KZ-JET,Taldykorgan,medium_airport,False,KZ
TDX,Trat Airport,12.2746,102.319,105.0,AS,TH,TH-23,Laem Ngop,medium_airport,False,TH
TEB,Teterboro Airport,40.850101,-74.060799,9.0,,US,US-NJ,Teterboro,medium_airport,False,US
TEE,Cheikh Larbi Tébessi Airport,35.4315986633,8.12071990967,2661.0,AF,DZ,DZ-12,Tébessi,medium_airport,False,DZ
TEN,Tongren Fenghuang Airport,27.883333,109.308889,,AS,CN,CN-52,Tongren (Daxing),medium_airport,False,CN
TEQ,Tekirdağ Çorlu Airport,41.13819885253906,27.919099807739254,574.0,EU,TR,TR-59,Çorlu,medium_airport,False,TR
TER,Lajes Airport,38.761799,-27.090799,180.0,EU,PT,PT-20,Praia da Vitória,medium_airport,False,PT
TET,Chingozi Airport,-16.104799270629883,33.640201568603516,525.0,AF,MZ,MZ-T,Tete,medium_airport,False,MZ
TEX,Telluride Regional Airport,37.9538,-107.907997,9070.0,,US,US-CO,Telluride,medium_airport,False,US
TEZ,Tezpur Airport,26.7091007232666,92.78469848632812,240.0,AS,IN,IN-AS,,medium_airport,False,IN
TFF,Tefé Airport,-3.38294,-64.724098,186.0,SA,BR,BR-AM,Tefé,medium_airport,False,BR
TFN,Tenerife Norte-Ciudad de La Laguna Airport,28.4827,-16.341499,2076.0,AF,ES,ES-CN,Tenerife,medium_airport,False,ES
TFS,Tenerife Sur Airport,28.0445,-16.5725,209.0,AF,ES,ES-CN,Tenerife,large_airport,False,ES
TFU,Chengdu Tianfu International Airport,30.31252,104.441284,1440.0,AS,CN,CN-51,Chengdu (Jianyang),large_airport,False,CN
TGD,Podgorica Airport / Podgorica Golubovci Airbase,42.359402,19.2519,141.0,EU,ME,ME-16,Podgorica,large_airport,False,ME
TGG,Sultan Mahmud Airport,5.3826398849487305,103.10299682617188,21.0,AS,MY,MY-11,Kuala Terengganu,medium_airport,False,MY
TGJ,Tiga Airport,-21.096407,167.80379,128.0,OC,NC,NC-01,Tiga,medium_airport,False,NC
TGK,Taganrog Yuzhny Airport,47.1983333,38.8491667,117.0,EU,RU,RU-ROS,Taganrog,medium_airport,False,RU
TGM,Târgu Mureş Transilvania International Airport,46.467701,24.4125,963.0,EU,RO,RO-MS,Recea,medium_airport,False,RO
TGO,Tongliao Airport,43.556702,122.199997,2395.0,AS,CN,CN-15,Tongliao,medium_airport,False,CN
TGR,Touggourt Sidi Madhi Airport,33.067799,6.08867,279.0,AF,DZ,DZ-55,Touggourt,medium_airport,False,DZ
TGT,Tanga Airport,-5.09236,39.071201,129.0,AF,TZ,TZ-25,Tanga,medium_airport,False,TZ
TGU,Toncontín International Airport,14.0609,-87.217201,3294.0,,HN,HN-FM,Tegucigalpa,medium_airport,False,HN
TGZ,Angel Albino Corzo International Airport,16.5636005402,-93.0224990845,1499.0,,MX,MX-CHP,Tuxtla Gutiérrez,medium_airport,False,MX
THE,Senador Petrônio Portela Airport,-5.06025,-42.823712,219.0,SA,BR,BR-PI,Teresina,medium_airport,False,BR
THG,Thangool Airport,-24.494863,150.577967,644.0,OC,AU,AU-QLD,Biloela,medium_airport,False,AU
THL,Tachileik Airport,20.483800888061523,99.9354019165039,1280.0,AS,MM,MM-17,Tachileik,medium_airport,False,MM
THN,Trollhättan-Vänersborg Airport,58.31809997558594,12.345000267028809,137.0,EU,SE,SE-Q,Trollhättan,medium_airport,False,SE
THQ,Tianshui Maijishan Airport,34.5601,105.860343,3590.0,AS,CN,CN-62,Tianshui (Maiji),medium_airport,False,CN
THR,Mehrabad International Airport,35.68920135498047,51.31340026855469,3962.0,AS,IR,IR-23,Tehran,large_airport,False,IR
THS,Sukhothai Airport,17.238000869750977,99.81819915771484,179.0,AS,TH,TH-64,,medium_airport,False,TH
THU,Pituffik Space Base,76.531197,-68.703201,251.0,,GL,GL-AV,Pituffik,medium_airport,False,GL
TIA,Tirana International Airport Mother Teresa,41.4147,19.7206,126.0,EU,AL,AL-02,Rinas,large_airport,False,AL
TIF,Ta’if Regional Airport,21.483001,40.543442,4848.0,AS,SA,SA-02,Ta’if,medium_airport,False,SA
TIH,Tikehau Airport,-15.119600296020508,-148.2310028076172,6.0,OC,PF,PF-U-A,,medium_airport,False,PF
TIJ,General Abelardo L. Rodriguez International Airport,32.541043,-116.969976,489.0,,MX,MX-BCN,Tijuana,large_airport,False,MX
TIM,Mozes Kilangin Airport,-4.52978,136.887388,103.0,AS,ID,ID-PT,Timika,medium_airport,False,ID
TIN,Tindouf Airport,27.7003993988,-8.167099952700001,1453.0,AF,DZ,DZ-37,Tindouf,medium_airport,False,DZ
TIQ,Tinian International Airport,14.998101,145.61923,271.0,OC,MP,MP-U-A,Tinian Island,medium_airport,False,MP
TIU,Timaru Airport,-44.30279922485352,171.22500610351562,89.0,OC,NZ,NZ-CAN,,medium_airport,False,NZ
TIV,Tivat Airport,42.40470123291016,18.72330093383789,20.0,EU,ME,ME-19,Tivat,medium_airport,False,ME
TIW,Tacoma Narrows Airport,47.267407,-122.577295,294.0,,US,US-WA,Tacoma,medium_airport,False,US
TJA,Capitan Oriel Lea Plaza Airport,-21.5557,-64.701302,6079.0,SA,BO,BO-T,Tarija,medium_airport,False,BO
TJG,Warukin Airport,-2.21656,115.435997,197.0,AS,ID,ID-KS,Tanta-Tabalong,medium_airport,False,ID
TJH,Konotori Tajima Airport,35.512798,134.787003,584.0,AS,JP,JP-28,Toyooka,medium_airport,False,JP
TJK,Tokat Airport,40.32472,36.39056,1859.0,AS,TR,TR-60,Tokat,medium_airport,False,TR
TJM,Roshchino International Airport,57.16833,65.31611,378.0,AS,RU,RU-TYU,Tyumen,medium_airport,False,RU
TJU,Kulob Airport,37.98809814453125,69.80500030517578,2293.0,AS,TJ,TJ-KT,Kulyab,medium_airport,False,TJ
TKD,Takoradi Airport,4.896059989929199,-1.7747600078582764,21.0,AF,GH,GH-WP,Sekondi-Takoradi,medium_airport,False,GH
TKF,Truckee Tahoe Airport,39.318628,-120.140562,5900.0,,US,US-CA,Truckee,medium_airport,False,US
TKG,Radin Inten II International Airport,-5.246803,105.182531,282.0,AS,ID,ID-LA,Bandar Lampung,medium_airport,False,ID
TKK,Chuuk International Airport,7.461870193481445,151.84300231933594,11.0,OC,FM,FM-TRK,Weno Island,medium_airport,False,FM
TKN,Tokunoshima Airport,27.836382,128.881356,17.0,AS,JP,JP-46,Amagi,medium_airport,False,JP
TKP,Takapoto Airport,-14.709500312805176,-145.24600219726562,12.0,OC,PF,PF-U-A,,medium_airport,False,PF
TKS,Tokushima Awaodori Airport / JMSDF Tokushima Air Base,34.132801,134.606995,26.0,AS,JP,JP-36,Tokushima,medium_airport,False,JP
TKU,Turku Airport,60.514099,22.2628,161.0,EU,FI,FI-19,Turku,medium_airport,False,FI
TKX,Takaroa Airport,-14.45580005645752,-145.02499389648438,13.0,OC,PF,PF-U-A,,medium_airport,False,PF
TLC,Adolfo López Mateos International Airport,19.3369,-99.56583,8466.0,,MX,MX-MEX,Toluca,medium_airport,False,MX
TLE,Toliara Airport,-23.3834,43.7285,29.0,AF,MG,MG-U,Toliara,medium_airport,False,MG
TLH,Tallahassee Regional Airport,30.3965,-84.350304,81.0,,US,US-FL,Tallahassee,medium_airport,False,US
TLL,Lennart Meri Tallinn Airport,59.413246,24.83264,131.0,EU,EE,EE-37,Tallinn,large_airport,False,EE
TLM,Zenata – Messali El Hadj Airport,35.013426,-1.457191,814.0,AF,DZ,DZ-13,Zenata,medium_airport,False,DZ
TLN,Toulon-Hyères Airport,43.097301,6.14603,7.0,EU,FR,FR-PAC,"Hyères, Var",medium_airport,False,FR
TLQ,Turpan Jiaohe Airport,43.0308,89.0987,934.0,AS,CN,CN-65,Turpan,medium_airport,False,CN
TLS,Toulouse-Blagnac Airport,43.629101,1.36382,499.0,EU,FR,FR-OCC,Toulouse/Blagnac,large_airport,False,FR
TLV,Ben Gurion International Airport,32.011398,34.8867,135.0,AS,IL,IL-M,Tel Aviv,large_airport,False,IL
TME,Gustavo Vargas Airport,6.45108,-71.7603,1050.0,SA,CO,CO-ARA,Tame,medium_airport,False,CO
TMH,Tanah Merah Airport,-6.09669,140.303521,57.0,AS,ID,ID-PS,Tanah Merah,medium_airport,False,ID
TMJ,Termez Airport,37.287261,67.311869,1027.0,AS,UZ,UZ-SU,Termez,medium_airport,False,UZ
TML,Tamale Airport,9.55718994140625,-0.8632140159606934,553.0,AF,GH,GH-NP,Tamale,medium_airport,False,GH
TMM,Toamasina Ambalamanasy Airport,-18.109501,49.392502,22.0,AF,MG,MG-A,Toamasina,medium_airport,False,MG
TMP,Tampere-Pirkkala Airport,61.414101,23.604401,390.0,EU,FI,FI-11,Tampere / Pirkkala,medium_airport,False,FI
TMR,Aguenar – Hadj Bey Akhamok Airport,22.811501,5.45108,4518.0,AF,DZ,DZ-11,Tamanrasset,medium_airport,False,DZ
TMS,São Tomé International Airport,0.378175,6.71215,33.0,AF,ST,ST-01,São Tomé,large_airport,False,ST
TMT,Trombetas Airport,-1.4896,-56.396801,167.0,SA,BR,BR-PA,Oriximiná,medium_airport,False,BR
TMW,Tamworth Airport,-31.077898,150.845484,1334.0,OC,AU,AU-NSW,Tamworth,medium_airport,False,AU
TMX,Timimoun Airport,29.237101,0.276033,1027.0,AF,DZ,DZ-54,Timimoun,medium_airport,False,DZ
TNA,Jinan Yaoqiang International Airport,36.857201,117.216003,76.0,AS,CN,CN-37,Jinan (Licheng),large_airport,False,CN
TND,Alberto Delgado Airport,21.7883,-79.9972,125.0,,CU,CU-07,Trinidad,medium_airport,False,CU
TNE,New Tanegashima Airport,30.605100631699997,130.990997314,768.0,AS,JP,JP-46,Tanegashima,medium_airport,False,JP
TNG,Tangier Ibn Battuta Airport,35.731741,-5.921459,62.0,AF,MA,MA-01,Tangier,large_airport,False,MA
TNH,Tonghua Sanyuanpu Airport,42.2538888889,125.703333333,1200.0,AS,CN,CN-22,Tonghua,medium_airport,False,CN
TNN,Tainan International Airport / Tainan Air Base,22.950399,120.206001,63.0,AS,TW,TW-TNN,Tainan (Rende),medium_airport,False,TW
TNR,Ivato Airport,-18.7969,47.478802,4198.0,AF,MG,MG-T,Antananarivo,large_airport,False,MG
TOD,Tioman Airport,2.81818,104.160004,15.0,AS,MY,MY-06,Tioman Island,medium_airport,False,MY
TOE,Tozeur Nefta International Airport,33.939701080322266,8.110560417175293,287.0,AF,TN,TN-72,Tozeur,medium_airport,False,TN
TOF,Bogashevo Airport,56.380298614502,85.208297729492,597.0,AS,RU,RU-TOM,Tomsk,medium_airport,False,RU
TOL,Eugene F. Kranz Toledo Express Airport,41.5868,-83.8078,683.0,,US,US-OH,Toledo,medium_airport,False,US
TOM,Timbuktu Airport,16.730499,-3.00758,863.0,AF,ML,ML-7,Timbuktu,medium_airport,False,ML
TOS,"Tromsø Airport, Langnes",69.683296,18.9189,31.0,EU,NO,NO-55,Tromsø,large_airport,False,NO
TOU,Touho Airport,-20.790127,165.259524,10.0,OC,NC,NC-02,Touho,medium_airport,False,NC
TOY,Toyama Airport,36.64830017089844,137.18800354003906,95.0,AS,JP,JP-16,Toyama,medium_airport,False,JP
TPA,Tampa International Airport,27.9755,-82.533203,26.0,,US,US-FL,Tampa,large_airport,False,US
TPE,Taiwan Taoyuan International Airport,25.0777,121.233002,106.0,AS,TW,TW-TAO,Taoyuan,large_airport,False,TW
TPJ,Taplejung Airport,27.3509,87.69525,7990.0,AS,NP,NP-P1,Taplejung,medium_airport,False,NP
TPP,Cadete FAP Guillermo Del Castillo Paredes Airport,-6.508739948272705,-76.37319946289062,869.0,SA,PE,PE-SAM,Tarapoto,medium_airport,False,PE
TPQ,Amado Nervo National Airport,21.419833,-104.842472,3020.0,,MX,MX-NAY,Tepic,medium_airport,False,MX
TPS,Vincenzo Florio Airport Trapani-Birgi,37.9114,12.488,25.0,EU,IT,IT-82,Trapani (TP),medium_airport,False,IT
TQO,Felipe Carrillo Puerto International Airport,20.172098,-87.660272,66.0,,MX,MX-ROO,Tulum,medium_airport,False,MX
TRA,Tarama Airport,24.653793,124.675453,36.0,AS,JP,JP-47,Tarama,medium_airport,False,JP
TRC,Francisco Sarabia Tinoco International Airport,25.5683,-103.411003,3688.0,,MX,MX-COA,Torreón,medium_airport,False,MX
TRD,"Trondheim Airport, Værnes",63.457802,10.924,56.0,EU,NO,NO-50,Trondheim,large_airport,False,NO
TRE,Tiree Airport,56.49919891357422,-6.869170188903809,38.0,EU,GB,GB-SCT,Balemartine,medium_airport,False,GB
TRF,"Sandefjord Airport, Torp",59.186699,10.2586,286.0,EU,NO,NO-39,Torp,medium_airport,False,NO
TRG,Tauranga Airport,-37.67190170288086,176.1959991455078,13.0,OC,NZ,NZ-BOP,Tauranga,medium_airport,False,NZ
TRI,Tri-Cities Regional TN/VA Airport,36.475201,-82.407401,1519.0,,US,US-TN,Blountville,medium_airport,False,US
TRK,Juwata International Airport / Suharnoko Harbani AFB,3.325145,117.564169,23.0,AS,ID,ID-KU,Tarakan,medium_airport,False,ID
TRN,Turin Airport,45.200802,7.64963,989.0,EU,IT,IT-21,Caselle Torinese (TO),large_airport,False,IT
TRR,China Bay Airport,8.539159,81.18128,6.0,AS,LK,LK-5,Trincomalee,medium_airport,False,LK
TRS,Trieste–Friuli Venezia Giulia Airport,45.827499,13.4722,39.0,EU,IT,IT-36,Ronchi dei Legionari (GO),medium_airport,False,IT
TRT,Toraja Airport,-3.185833,119.91775,2884.0,AS,ID,ID-SS,Toraja,medium_airport,False,ID
TRU,Capitan FAP Carlos Martinez De Pinillos International Airport,-8.08141040802002,-79.10880279541016,106.0,SA,PE,PE-LAL,Trujillo,medium_airport,False,PE
TRV,Thiruvananthapuram International Airport,8.48212,76.920097,15.0,AS,IN,IN-KL,Thiruvananthapuram,large_airport,False,IN
TRW,Bonriki International Airport,1.38164,173.147003,9.0,OC,KI,KI-G,Tarawa,medium_airport,False,KI
TRZ,Tiruchirappalli International Airport,10.766223,78.71774,288.0,AS,IN,IN-TN,Tiruchirappalli,medium_airport,False,IN
TSA,Taipei Songshan Airport,25.069401,121.552002,18.0,AS,TW,TW-TPE,Taipei (Songshan),medium_airport,False,TW
TSF,Treviso Antonio Canova Airport,45.648399,12.1944,59.0,EU,IT,IT-34,Treviso (TV),medium_airport,False,IT
TSJ,Tsushima Airport,34.2849006653,129.330993652,213.0,AS,JP,JP-42,Tsushima,medium_airport,False,JP
TSM,Taos Regional Airport,36.452494,-105.67749,7095.0,,US,US-NM,Taos,medium_airport,False,US
TSN,Tianjin Binhai International Airport,39.124401092499994,117.346000671,10.0,AS,CN,CN-12,Tianjin,large_airport,False,CN
TSR,Timişoara Traian Vuia Airport,45.809898,21.3379,348.0,EU,RO,RO-TM,Timişoara,medium_airport,False,RO
TST,Trang Airport,7.50874,99.6166,67.0,AS,TH,TH-92,Trang,medium_airport,False,TH
TSV,Townsville Airport / RAAF Base Townsville,-19.252904,146.766512,18.0,OC,AU,AU-QLD,Townsville,medium_airport,False,AU
TTA,Tan Tan Airport,28.44820022583008,-11.161299705505373,653.0,AF,MA,MA-10,Tan Tan,medium_airport,False,MA
TTE,Sultan Babullah Airport,0.831012,127.381611,49.0,AS,ID,ID-MU,Sango,medium_airport,False,ID
TTJ,Tottori Sand Dunes Conan Airport,35.530102,134.167007,65.0,AS,JP,JP-31,Tottori,medium_airport,False,JP
TTN,Trenton Mercer Airport,40.276699,-74.813499,213.0,,US,US-NJ,Ewing Township,medium_airport,False,US
TTT,Taitung Airport,22.7549991607666,121.10199737548828,143.0,AS,TW,TW-TTT,Taitung City,medium_airport,False,TW
TTU,Sania Ramel Airport,35.594299,-5.32002,10.0,AF,MA,MA-01,Tétouan,medium_airport,False,MA
TUA,Lieutenant Colonel Luis A. Mantilla International Airport,0.809506,-77.708099,9649.0,SA,EC,EC-C,Tulcán,medium_airport,False,EC
TUB,Tubuai Airport,-23.365400314331055,-149.5240020751953,7.0,OC,PF,PF-U-A,,medium_airport,False,PF
TUC,Teniente Benjamin Matienzo Airport,-26.8409,-65.104897,1493.0,SA,AR,AR-T,San Miguel de Tucumán,medium_airport,False,AR
TUD,Tambacounda Airport,13.73680019378662,-13.65310001373291,161.0,AF,SN,SN-TC,Tambacounda,medium_airport,False,SN
TUF,Tours Val de Loire Airport,47.432201,0.727606,357.0,EU,FR,FR-CVL,"Tours, Indre-et-Loire",medium_airport,False,FR
TUG,Tuguegarao Airport,17.6433676823,121.733150482,70.0,AS,PH,PH-CAG,Tuguegarao City,medium_airport,False,PH
TUI,Turaif Domestic Airport,31.692188,38.731544,2803.0,AS,SA,SA-08,Turaif,medium_airport,False,SA
TUK,Turbat International Airport,25.986400604248047,63.03020095825195,498.0,AS,PK,PK-BA,Turbat,medium_airport,False,PK
TUL,Tulsa International Airport,36.19839859008789,-95.88809967041016,677.0,,US,US-OK,Tulsa,large_airport,False,US
TUN,Tunis Carthage International Airport,36.851002,10.2272,22.0,AF,TN,TN-11,Tunis,large_airport,False,TN
TUO,Taupo Airport,-38.73970031738281,176.08399963378906,1335.0,OC,NZ,NZ-WKO,Taupo,medium_airport,False,NZ
TUP,Tupelo Regional Airport,34.26810073852539,-88.7698974609375,346.0,,US,US-MS,Tupelo,medium_airport,False,US
TUR,Tucuruí Airport,-3.78601,-49.720299,830.0,SA,BR,BR-PA,Tucuruí,medium_airport,False,BR
TUS,Tucson International Airport / Morris Air National Guard Base,32.115004,-110.938053,2643.0,,US,US-AZ,Tucson,medium_airport,False,US
TUU,Tabuk Airport,28.3654,36.6189,2551.0,AS,SA,SA-07,Tabuk,medium_airport,False,SA
TVC,Cherry Capital Airport,44.74140167236328,-85.58219909667969,624.0,,US,US-MI,Traverse City,medium_airport,False,US
TVF,Thief River Falls Regional Airport,48.065701,-96.184998,1119.0,,US,US-MN,Thief River Falls,medium_airport,False,US
TVY,Dawei Airport,14.103899955749512,98.20359802246094,84.0,AS,MM,MM-05,Dawei,medium_airport,False,MM
TWF,Joslin Field Magic Valley Regional Airport,42.4818,-114.487999,4154.0,,US,US-ID,Twin Falls,medium_airport,False,US
TWT,Sanga Sanga Airport,5.048196,119.743338,15.0,AS,PH,PH-TAW,Bongao,medium_airport,False,PH
TWU,Tawau Airport,4.31338,118.12152,57.0,AS,MY,MY-12,Tawau,medium_airport,False,MY
TXE,Rembele Airport,4.72113,96.851943,4648.0,AS,ID,ID-AC,Takengon,medium_airport,False,ID
TXK,Texarkana Regional Airport (Webb Field),33.453701,-93.990997,390.0,,US,US-AR,Texarkana,medium_airport,False,US
TXN,Tunxi International Airport,29.733299255371097,118.25599670410156,,AS,CN,CN-34,Huangshan,medium_airport,False,CN
TYF,Torsby Airport,60.1576,12.9913,393.0,EU,SE,SE-S,Torsby,medium_airport,False,SE
TYL,Captain Victor Montes Arias International Airport,-4.57664,-81.254097,282.0,SA,PE,PE-PIU,Talara,medium_airport,False,PE
TYN,Taiyuan Wusu International Airport,37.746899,112.627998,2575.0,AS,CN,CN-14,Taiyuan,large_airport,False,CN
TYR,Tyler Pounds Regional Airport,32.35409927368164,-95.40239715576172,544.0,,US,US-TX,Tyler,medium_airport,False,US
TYS,McGhee Tyson Airport,35.811001,-83.994003,981.0,,US,US-TN,Alcoa,medium_airport,False,US
TZA,Sir Barry Bowen Municipal Airport,17.517239,-88.195775,8.0,,BZ,BZ-BZ,Belize City,medium_airport,False,BZ
TZL,Tuzla International Airport,44.458698,18.7248,784.0,EU,BA,BA-BIH,Dubrave Gornje,medium_airport,False,BA
TZN,Congo Town Airport,24.158701,-77.589798,15.0,,BS,BS-SA,Andros,medium_airport,False,BS
TZX,Trabzon International Airport,40.995098,39.7897,104.0,AS,TR,TR-61,Trabzon,medium_airport,False,TR
UAK,Narsarsuaq Airport,61.1605,-45.425999,112.0,,GL,GL-KU,Narsarsuaq,medium_airport,False,GL
UAQ,Domingo Faustino Sarmiento Airport,-31.571501,-68.418198,1958.0,SA,AR,AR-J,San Juan,medium_airport,False,AR
UBA,Mário de Almeida Franco Airport,-19.765036,-47.964805,2655.0,SA,BR,BR-MG,Uberaba,medium_airport,False,BR
UBJ,Yamaguchi Ube Airport,33.930000305200004,131.279006958,23.0,AS,JP,JP-35,Ube,medium_airport,False,JP
UBN,Ulaanbaatar Chinggis Khaan International Airport,47.646916,106.819833,4482.0,AS,MN,MN-047,Ulaanbaatar (Sergelen),large_airport,False,MN
UBP,Ubon Ratchathani Airport,15.2512998581,104.870002747,406.0,AS,TH,TH-34,Ubon Ratchathani,medium_airport,False,TH
UCB,Ulanqab Jining Airport,41.130266,113.107274,,AS,CN,CN-15,Ulanqab,medium_airport,False,CN
UCT,Ukhta Airport,63.566898,53.804699,482.0,AS,RU,RU-KO,Ukhta,medium_airport,False,RU
UDI,Ten. Cel. Aviador César Bombonato Airport,-18.883579,-48.225936,3094.0,SA,BR,BR-MG,Uberlândia,medium_airport,False,BR
UDJ,Uzhhorod International Airport,48.6343,22.263399,383.0,EU,UA,UA-21,Uzhhorod,medium_airport,False,UA
UDR,Maharana Pratap Airport,24.617700576799997,73.89610290530001,1684.0,AS,IN,IN-RJ,Udaipur,medium_airport,False,IN
UEL,Quelimane Airport,-17.855499267578125,36.86909866333008,36.0,AF,MZ,MZ-Q,Quelimane,medium_airport,False,MZ
UEO,Kumejima Airport,26.363445,126.71384,23.0,AS,JP,JP-47,Kumejima,medium_airport,False,JP
UET,Quetta International Airport,30.251399993896484,66.93779754638672,5267.0,AS,PK,PK-BA,Quetta,medium_airport,False,PK
UFA,Ufa International Airport,54.557498931885,55.874401092529,449.0,EU,RU,RU-BA,Ufa,large_airport,False,RU
UGA,Bulgan Airport,48.85499954223633,103.47599792480467,4311.0,AS,MN,MN-067,Bulgan,medium_airport,False,MN
UGC,Urgench Airport,41.58430099487305,60.641700744628906,320.0,AS,UZ,UZ-XO,Urgench,medium_airport,False,UZ
UGU,Bilogai-Sugapa Airport,-3.739503,137.031183,7348.0,AS,ID,ID-PT,Sugapa,medium_airport,False,ID
UIB,El Caraño Airport,5.69076,-76.6412,204.0,SA,CO,CO-CHO,Quibdó,medium_airport,False,CO
UIH,Phu Cat Airport,13.955,109.042,80.0,AS,VN,VN-SCC,Quy Nohn,medium_airport,False,VN
UIN,Quincy Regional Airport Baldwin Field,39.942699,-91.194603,768.0,,US,US-IL,Quincy,medium_airport,False,US
UIO,Mariscal Sucre International Airport,-0.125399,-78.354306,7841.0,SA,EC,EC-P,Quito,large_airport,False,EC
UKB,Kobe Airport,34.6328010559082,135.2239990234375,22.0,AS,JP,JP-28,Kobe,medium_airport,False,JP
UKK,Ust-Kamenogorsk Airport,50.036571,82.493477,939.0,AS,KZ,KZ-VOS,Ust-Kamenogorsk (Oskemen),medium_airport,False,KZ
UKX,Ust-Kut Airport,56.856701,105.730003,2188.0,AS,RU,RU-IRK,Ust-Kut,medium_airport,False,RU
ULH,Majeed Bin Abdulaziz Airport,26.483333,38.116944,2050.0,AS,SA,SA-03,Al Ula,medium_airport,False,SA
ULK,Lensk Airport,60.7206001282,114.825996399,801.0,AS,RU,RU-SA,Lensk,medium_airport,False,RU
ULP,Quilpie Airport,-26.612199783325195,144.2530059814453,655.0,OC,AU,AU-QLD,,medium_airport,False,AU
ULU,Gulu Airport,2.8055601119995117,32.27180099487305,3510.0,AF,UG,UG-N,Gulu,medium_airport,False,UG
ULV,Ulyanovsk Baratayevka Airport,54.268299,48.2267,449.0,EU,RU,RU-ULY,Ulyanovsk,medium_airport,False,RU
ULY,Ulyanovsk East Airport,54.401001,48.8027,252.0,EU,RU,RU-ULY,Cherdakly,medium_airport,False,RU
UME,Umeå Airport,63.791801452637,20.282800674438,24.0,EU,SE,SE-AC,Umeå,medium_airport,False,SE
UNI,Union Island International Airport,12.600135,-61.411945,16.0,,VC,VC-06,Union Island,medium_airport,False,VC
UNK,Unalakleet Airport,63.888401,-160.798996,27.0,,US,US-AK,Unalakleet,medium_airport,False,US
UNN,Ranong Airport,9.77762,98.585503,57.0,AS,TH,TH-85,Ranong,medium_airport,False,TH
UPG,Hasanuddin International Airport,-5.06163,119.554001,47.0,AS,ID,ID-SN,Ujung Pandang,large_airport,False,ID
UPN,Uruapan - Licenciado y General Ignacio Lopez Rayon International Airport,19.3967,-102.039001,5258.0,,MX,MX-MIC,Uruapan,medium_airport,False,MX
URA,Uralsk Airport,51.15079879760742,51.54309844970703,125.0,AS,KZ,KZ-ZAP,Uralsk,medium_airport,False,KZ
URC,Ürümqi Diwopu International Airport,43.907100677490234,87.47419738769531,2125.0,AS,CN,CN-65,Ürümqi,large_airport,False,CN
URE,Kuressaare Airport,58.22990036010742,22.50950050354004,14.0,EU,EE,EE-74,Kuressaare,medium_airport,False,EE
URG,Rubem Berta Airport,-29.7822,-57.0382,256.0,SA,BR,BR-RS,Uruguaiana,medium_airport,False,BR
URJ,Uray Airport,60.103298,64.826698,190.0,AS,RU,RU-KHM,Uray,medium_airport,False,RU
URS,Kursk East Airport,51.7505989074707,36.29560089111328,686.0,EU,RU,RU-KRS,Kursk,medium_airport,False,RU
URT,Surat Thani Airport,9.13259983063,99.135597229,20.0,AS,TH,TH-84,Surat Thani,medium_airport,False,TH
URY,Gurayat Domestic Airport,31.412413,37.278898,1672.0,AS,SA,SA-12,Gurayat,medium_airport,False,SA
USA,Concord-Padgett Regional Airport,35.387798,-80.709099,705.0,,US,US-NC,Concord,medium_airport,False,US
USH,Ushuaia - Malvinas Argentinas International Airport,-54.8433,-68.2958,102.0,SA,AR,AR-V,Ushuaia,medium_airport,False,AR
USK,Usinsk Airport,66.0047,57.367199,262.0,AS,RU,RU-KO,Usinsk,medium_airport,False,RU
USM,Samui Airport,9.54779,100.061996,64.0,AS,TH,TH-84,Na Thon (Ko Samui Island),medium_airport,False,TH
USN,Ulsan Airport,35.59349823,129.352005005,45.0,AS,KR,KR-31,Ulsan,medium_airport,False,KR
USR,Ust-Nera Airport,64.550003,143.115005,1805.0,AS,RU,RU-SA,Ust-Nera,medium_airport,False,RU
UST,Northeast Florida Regional Airport,29.9592,-81.339798,10.0,,US,US-FL,St Augustine,medium_airport,False,US
USU,Francisco B. Reyes (Busuanga) Airport,12.121865,120.100801,148.0,AS,PH,PH-PLW,Coron,medium_airport,False,PH
UTH,Udon Thani Airport,17.386400222800003,102.788002014,579.0,AS,TH,TH-41,Udon Thani,medium_airport,False,TH
UTN,Pierre Van Ryneveld Airport,-28.39909935,21.2602005005,2782.0,AF,ZA,ZA-NC,Upington,medium_airport,False,ZA
UTO,Indian Mountain LRRS Airport,65.992798,-153.703995,1273.0,,US,US-AK,Utopia Creek,medium_airport,False,US
UTP,U-Tapao International Airport,12.67990016937256,101.00499725341795,42.0,AS,TH,TH-21,Rayong,medium_airport,False,TH
UTT,K. D. Matanzima Airport,-31.5463631849,28.6733551025,2400.0,AF,ZA,ZA-EC,Mthatha,medium_airport,False,ZA
UUA,Bugulma Airport,54.641184,52.800229,991.0,AS,RU,RU-TA,Bugulma,medium_airport,False,RU
UUD,Baikal International Airport,51.808614,107.439652,1690.0,EU,RU,RU-BU,Ulan Ude,medium_airport,False,RU
UUS,Yuzhno-Sakhalinsk Airport,46.885461,142.717466,59.0,AS,RU,RU-SAK,Yuzhno-Sakhalinsk,medium_airport,False,RU
UVE,Ouvéa Airport,-20.640932,166.573024,23.0,OC,NC,NC-01,Ouvéa,medium_airport,False,NC
UVF,Hewanorra International Airport,13.7332,-60.952599,14.0,,LC,LC-11,Vieux Fort,large_airport,False,LC
UYL,Nyala Airport,12.0535,24.9562,2106.0,AF,SD,SD-11,Nyala,medium_airport,False,SD
VAA,Vaasa Airport,63.050701,21.762199,19.0,EU,FI,FI-12,Vaasa,medium_airport,False,FI
VAI,Vanimo Airport,-2.6926,141.3028,10.0,OC,PG,PG-SAN,Vanimo,medium_airport,False,PG
VAM,Villa International Airport Maamigili,3.470556,72.835833,6.0,AS,MV,MV-00,Maamigili,medium_airport,False,MV
VAN,Van Ferit Melen Airport,38.46820068359375,43.332298278808594,5480.0,AS,TR,TR-65,Van,medium_airport,False,TR
VAQ,Vanavara Airport,60.356229,102.309641,892.0,AS,RU,RU-KYA,Vanavara,medium_airport,False,RU
VAR,Varna Airport,43.232101,27.8251,230.0,EU,BG,BG-03,Varna,large_airport,False,BG
VAV,Vava'u International Airport,-18.58530044555664,-173.96200561523438,236.0,OC,TO,TO-05,Vava'u Island,medium_airport,False,TO
VAW,"Vardø Airport, Svartnes",70.3554,31.044901,42.0,EU,NO,NO-56,Vardø,medium_airport,False,NO
VBS,Brescia Gabriele d'Annunzio Airport,45.428902,10.3306,355.0,EU,IT,IT-25,Montichiari (BS),medium_airport,False,IT
VBY,Visby Airport,57.662799835205,18.346200942993,164.0,EU,SE,SE-I,Visby,medium_airport,False,SE
VCA,Can Tho International Airport,10.0851,105.711998,9.0,AS,VN,VN-SW,Can Tho,medium_airport,False,VN
VCE,Venice Marco Polo Airport,45.505299,12.3519,7.0,EU,IT,IT-34,Venezia (VE),large_airport,False,IT
VCP,Viracopos International Airport,-23.007404,-47.134502,2170.0,SA,BR,BR-SP,Campinas,medium_airport,False,BR
VCS,Con Dao Airport,8.73183,106.633003,20.0,AS,VN,VN-SE,Con Dao,medium_airport,False,VN
VCT,Victoria Regional Airport,28.85260009765625,-96.9185028076172,115.0,,US,US-TX,Victoria,medium_airport,False,US
VDC,Glauber de Andrade Rocha Airport,-14.907885,-40.914804,2940.0,SA,BR,BR-BA,Vitória da Conquista,medium_airport,False,BR
VDE,El Hierro Airport,27.8148,-17.8871,103.0,AF,ES,ES-CN,El Hierro Island,medium_airport,False,ES
VDH,Dong Hoi Airport,17.515,106.590556,59.0,AS,VN,VN-NC,Dong Hoi,medium_airport,False,VN
VDM,Gobernador Castello Airport,-40.8692,-63.0004,20.0,SA,AR,AR-R,Viedma / Carmen de Patagones,medium_airport,False,AR
VDO,Van Don International Airport,21.120693,107.41539,24.0,AS,VN,VN-NE,Van Don,medium_airport,False,VN
VDS,Vadsø Airport,70.0653,29.8447,127.0,EU,NO,NO-56,Vadsø,medium_airport,False,NO
VDZ,Valdez Pioneer Field,61.132712,-146.246567,121.0,,US,US-AK,Valdez,medium_airport,False,US
VEL,Vernal Regional Airport,40.436214,-109.511661,5278.0,,US,US-UT,Vernal,medium_airport,False,US
VEO,Severo-Yeniseysk Airport,60.373299,93.011703,1706.0,AS,RU,RU-KYA,Severo-Yeniseysk,medium_airport,False,RU
VER,General Heriberto Jara International Airport,19.1459007263,-96.1873016357,90.0,,MX,MX-VER,Veracruz,medium_airport,False,MX
VFA,Victoria Falls International Airport,-18.09589958190918,25.839000701904297,3490.0,AF,ZW,ZW-MN,Victoria Falls,medium_airport,False,ZW
VGA,Vijayawada Airport,16.530399,80.796799,82.0,AS,IN,IN-AP,Gannavaram,medium_airport,False,IN
VGO,Vigo Airport,42.2318,-8.62677,856.0,EU,ES,ES-GA,Vigo,medium_airport,False,ES
VHM,Vilhelmina South Lapland Airport,64.579102,16.833599,1140.0,EU,SE,SE-AC,Vilhelmina,medium_airport,False,SE
VIE,Vienna International Airport,48.110298,16.5697,600.0,EU,AT,AT-9,Vienna,large_airport,False,AT
VIG,Juan Pablo Pérez Alfonso Airport,8.624139,-71.672668,250.0,SA,VE,VE-L,El Vigía,medium_airport,False,VE
VII,Vinh Airport,18.7376003265,105.67099762,23.0,AS,VN,VN-NC,Vinh,medium_airport,False,VN
VIL,Dakhla Airport,23.7183,-15.932,36.0,AF,EH,EH-U-A,Dakhla,medium_airport,False,EH
VIT,Vitoria Airport,42.882801,-2.72447,1682.0,EU,ES,ES-PV,Alava,medium_airport,False,ES
VIX,Eurico de Aguiar Salles Airport,-20.258,-40.285,34.0,SA,BR,BR-ES,Vitória,large_airport,False,BR
VKG,Rach Gia Airport,9.95802997234,105.132379532,7.0,AS,VN,VN-SW,Rach Gia,medium_airport,False,VN
VKO,Vnukovo International Airport,55.591499,37.261501,685.0,EU,RU,RU-MOW,Moscow,large_airport,False,RU
VKT,Vorkuta Airport,67.488602,63.993099,604.0,AS,RU,RU-KO,Vorkuta,medium_airport,False,RU
VLC,Valencia Airport,39.4893,-0.481625,240.0,EU,ES,ES-VC,Valencia,medium_airport,False,ES
VLD,Valdosta Regional Airport,30.782499313354492,-83.27670288085938,203.0,,US,US-GA,Valdosta,medium_airport,False,US
VLI,Bauerfield International Airport,-17.699301,168.320007,70.0,OC,VU,VU-SEE,Port Vila,large_airport,False,VU
VLL,Valladolid Airport,41.7061,-4.85194,2776.0,EU,ES,ES-CL,Valladolid,medium_airport,False,ES
VLN,Arturo Michelena International Airport,10.14973258972168,-67.92839813232422,1411.0,SA,VE,VE-G,Valencia,medium_airport,False,VE
VLV,Dr. Antonio Nicolás Briceño Airport,9.340478,-70.584061,2060.0,SA,VE,VE-T,Valera,medium_airport,False,VE
VLY,Anglesey Airport,53.2481002808,-4.53533983231,37.0,EU,GB,GB-WLS,Angelsey,medium_airport,False,GB
VMU,Baimuru Airport,-7.49686002731,144.819900513,27.0,OC,PG,PG-GPK,Baimuru,medium_airport,False,PG
VNO,Vilnius International Airport,54.634102,25.285801,648.0,EU,LT,LT-VL,Vilnius,large_airport,False,LT
VNS,Lal Bahadur Shastri Airport,25.452129,82.861805,266.0,AS,IN,IN-UP,Varanasi,medium_airport,False,IN
VNX,Vilankulo Airport,-22.018400192260746,35.31330108642578,46.0,AF,MZ,MZ-I,Vilanculo,medium_airport,False,MZ
VOG,Volgograd International Airport,48.782501220703125,44.34550094604492,482.0,EU,RU,RU-VGG,Volgograd,medium_airport,False,RU
VOL,Nea Anchialos National Airport,39.219601,22.7943,83.0,EU,GR,GR-E,Nea Anchialos,medium_airport,False,GR
VOZ,Voronezh International Airport,51.81420135498047,39.22959899902344,514.0,EU,RU,RU-VOR,Voronezh,medium_airport,False,RU
VPE,Ngjiva Pereira Airport,-17.0435009003,15.683799743700002,3566.0,AF,AO,AO-CNN,Ngiva,medium_airport,False,AO
VPS,Destin-Fort Walton Beach Airport,30.4832,-86.525398,87.0,,US,US-FL,Valparaiso,medium_airport,False,US
VPY,Chimoio Airport,-19.15130043029785,33.42900085449219,2287.0,AF,MZ,MZ-B,Chimoio,medium_airport,False,MZ
VQS,Antonio Rivera Rodriguez Airport,18.1348,-65.493599,49.0,,PR,PR-U-A,Vieques,medium_airport,False,PR
VRA,Juan Gualberto Gomez International Airport,23.034401,-81.435303,210.0,,CU,CU-04,Matanzas,large_airport,False,CU
VRB,Vero Beach Regional Airport,27.6556,-80.417901,24.0,,US,US-FL,Vero Beach,medium_airport,False,US
VRC,Virac Airport,13.57639980316162,124.20600128173828,121.0,AS,PH,PH-CAT,Virac,medium_airport,False,PH
VRL,Vila Real Airport,41.2743,-7.72047,1805.0,EU,PT,PT-17,Vila Real,medium_airport,False,PT
VRN,Verona Villafranca Valerio Catullo Airport,45.394955,10.887303,239.0,EU,IT,IT-34,Caselle (VR),large_airport,False,IT
VSA,Carlos Rovirosa Pérez International Airport,17.997,-92.817398,46.0,,MX,MX-TAB,Villahermosa,medium_airport,False,MX
VSE,Aerodromo Goncalves Lobato (Viseu Airport),40.725498,-7.88899,2060.0,EU,PT,PT-18,Viseu,medium_airport,False,PT
VST,Stockholm Västerås Airport,59.58940124511719,16.63360023498535,21.0,EU,SE,SE-U,Stockholm / Västerås,medium_airport,False,SE
VTE,Wattay International Airport,17.988300323500003,102.56300354,564.0,AS,LA,LA-VT,Vientiane,medium_airport,False,LA
VTU,Hermanos Ameijeiras Airport,20.9876,-76.935799,328.0,,CU,CU-10,Las Tunas,medium_airport,False,CU
VTZ,Visakhapatnam Airport,17.723506,83.227729,15.0,AS,IN,IN-AP,Visakhapatnam,medium_airport,False,IN
VUP,Alfonso López Pumarejo Airport,10.435,-73.2495,483.0,SA,CO,CO-CES,Valledupar,medium_airport,False,CO
VUS,Velikiy Ustyug Airport,60.7883,46.259998,331.0,AS,RU,RU-VLG,Velikiy Ustyug,medium_airport,False,RU
VVC,Vanguardia Airport,4.16787,-73.6138,1394.0,SA,CO,CO-MET,Villavicencio,medium_airport,False,CO
VVI,Viru Viru International Airport,-17.6448,-63.135399,1224.0,SA,BO,BO-S,Santa Cruz,large_airport,False,BO
VVO,Vladivostok International Airport,43.396256,132.148155,59.0,AS,RU,RU-PRI,Artyom,large_airport,False,RU
VVZ,Illizi Takhamalt Airport,26.723499,8.62265,1778.0,AF,DZ,DZ-33,Illizi,medium_airport,False,DZ
VXC,Lichinga Airport,-13.274,35.2663,4505.0,AF,MZ,MZ-A,Lichinga,medium_airport,False,MZ
VXE,São Pedro Airport,16.8332,-25.0553,66.0,AF,CV,CV-B,São Pedro,medium_airport,False,CV
VXO,Växjö Kronoberg Airport,56.929100036621094,14.727999687194824,610.0,EU,SE,SE-G,Växjö,medium_airport,False,SE
VYI,Vilyuisk Airport,63.756668,121.693336,361.0,AS,RU,RU-SA,Vilyuisk,medium_airport,False,RU
WAE,Wadi Al Dawasir Domestic Airport,20.504299,45.1996,2062.0,AS,SA,SA-01,Wadi Al Dawasir,medium_airport,False,SA
WAG,Wanganui Airport,-39.96220016479492,175.02499389648438,27.0,OC,NZ,NZ-MWT,Wanganui,medium_airport,False,NZ
WAW,Warsaw Chopin Airport,52.165699,20.9671,362.0,EU,PL,PL-MZ,Warsaw,large_airport,False,PL
WBM,Wapenamanda Airport,-5.635293,143.892231,5889.0,OC,PG,PG-EPW,Wapenamanda,medium_airport,False,PG
WDH,Hosea Kutako International Airport,-22.4799,17.4709,5640.0,AF,,NA-KH,Windhoek,large_airport,False,
WDS,Shiyan Wudangshan Airport,32.592889,110.906296,,AS,CN,CN-42,Shiyan (Maojian),medium_airport,False,CN
WEF,Weifang Nanyuan Airport,36.646702,119.119003,,AS,CN,CN-37,Weifang (Kuiwen),medium_airport,False,CN
WEH,Weihai Dashuibo Airport,37.187099,122.228996,145.0,AS,CN,CN-37,Weihai,medium_airport,False,CN
WEI,Weipa Airport,-12.677493,141.922618,63.0,OC,AU,AU-QLD,Weipa,medium_airport,False,AU
WGA,Wagga Wagga Airport,-35.163484,147.46832,724.0,OC,AU,AU-NSW,Forest Hill,medium_airport,False,AU
WGE,Walgett Airport,-30.032801,148.126007,439.0,OC,AU,AU-NSW,,medium_airport,False,AU
WGN,Shaoyang Wugang Airport,26.806123,110.641042,1444.0,AS,CN,CN-43,Shaoyang (Wugang),medium_airport,False,CN
WHA,Wuhu Xuanzhou Airport,31.1045,118.66687,80.0,AS,CN,CN-34,Wuhu,medium_airport,False,CN
WHK,Whakatane Airport,-37.92060089111328,176.91400146484375,20.0,OC,NZ,NZ-BOP,,medium_airport,False,NZ
WIC,Wick Airport,58.45890045166016,-3.09306001663208,126.0,EU,GB,GB-SCT,Wick,medium_airport,False,GB
WIL,Nairobi Wilson Airport,-1.321720004081726,36.81480026245117,5536.0,AF,KE,KE-110,Nairobi,medium_airport,False,KE
WIN,Winton Airport,-22.36359977722168,143.08599853515625,638.0,OC,AU,AU-QLD,,medium_airport,False,AU
WJR,Wajir Airport,1.73324,40.091599,770.0,AF,KE,KE-500,Wajir,medium_airport,False,KE
WJU,Wonju Airport / Hoengseong Air Base (K-38/K-46),37.437113,127.960051,329.0,AS,KR,KR-42,Wonju,medium_airport,False,KR
WKA,Wanaka Airport,-44.722954,169.248419,1142.0,OC,NZ,NZ-OTA,Wanaka,medium_airport,False,NZ
WKJ,Wakkanai Airport,45.4042015076,141.800994873,30.0,AS,JP,JP-01,Wakkanai,medium_airport,False,JP
WKK,Aleknagik / New Airport,59.2826004028,-158.617996216,66.0,,US,US-AK,Aleknagik,medium_airport,False,US
WLG,Wellington International Airport,-41.327202,174.804993,41.0,OC,NZ,NZ-WGN,Wellington,large_airport,False,NZ
WLS,Hihifo Airport,-13.2383003235,-176.199005127,79.0,OC,WF,WF-U-A,Wallis Island,medium_airport,False,WF
WMI,Modlin Airport,52.451099,20.6518,341.0,EU,PL,PL-MZ,Nowy Dwór Mazowiecki,medium_airport,False,PL
WMN,Maroantsetra Airport,-15.437742,49.689081,9.0,AF,MG,MG-A,Maroantsetra,medium_airport,False,MG
WMT,Zunyi Maotai Airport,27.961837,106.435416,4068.0,AS,CN,CN-52,Zunyi,medium_airport,False,CN
WMX,Wamena Airport,-4.097324,138.952417,5435.0,AS,ID,ID-PP,Wamena,medium_airport,False,ID
WNI,Matahora Airport,-5.293996,123.634,88.0,AS,ID,ID-SG,Wangi-wangi Island,medium_airport,False,ID
WNP,Naga Airport,13.58489990234375,123.2699966430664,142.0,AS,PH,PH-CAS,Naga,medium_airport,False,PH
WNR,Windorah Airport,-25.410641,142.668428,452.0,OC,AU,AU-QLD,Windorah,medium_airport,False,AU
WNS,Shaheed Benazirabad Airport,26.2194,68.390099,95.0,AS,PK,PK-SD,Nawabashah,medium_airport,False,PK
WNZ,Wenzhou Longwan International Airport,27.910572,120.853465,13.0,AS,CN,CN-33,Wenzhou (Longwan),large_airport,False,CN
WOL,Shellharbour Airport,-34.5611,150.789001,31.0,OC,AU,AU-NSW,Albion Park Rail,medium_airport,False,AU
WOS,Wonsan Kalma International Airport,39.166801,127.486,7.0,AS,KP,KP-07,Wonsan,medium_airport,False,KP
WRE,Whangarei Airport,-35.769253,174.363713,133.0,OC,NZ,NZ-NTL,Whangarei,medium_airport,False,NZ
WRG,Wrangell Airport,56.48429871,-132.3699951,49.0,,US,US-AK,Wrangell,medium_airport,False,US
WRO,Copernicus Wrocław Airport,51.103719,16.882096,404.0,EU,PL,PL-DS,Wrocław,medium_airport,False,PL
WST,Westerly State Airport,41.349602,-71.803398,81.0,,US,US-RI,Westerly,medium_airport,False,US
WSZ,Westport Airport,-41.737111,171.579033,13.0,OC,NZ,NZ-WTC,Westport,medium_airport,False,NZ
WTB,Toowoomba Wellcamp Airport,-27.558332,151.793335,1509.0,OC,AU,AU-QLD,Toowoomba,medium_airport,False,AU
WUH,Wuhan Tianhe International Airport,30.774798,114.213723,113.0,AS,CN,CN-42,Wuhan (Huangpi),large_airport,False,CN
WUN,Wiluna Airport,-26.629199981689453,120.22100067138672,1649.0,OC,AU,AU-WA,,medium_airport,False,AU
WUS,Nanping Wuyishan Airport,27.7019,118.000999,614.0,AS,CN,CN-35,Wuyishan,medium_airport,False,CN
WUU,Wau Airport,7.72583,27.975,1529.0,AF,SS,SS-BW,Wau,medium_airport,False,SS
WUX,Sunan Shuofang International Airport,31.494400024399997,120.429000854,24.0,AS,CN,CN-32,Wuxi,medium_airport,False,CN
WUZ,Wuzhou Xijiang Airport,23.40316,111.09331,357.0,AS,CN,CN-45,Tangbu,medium_airport,False,CN
WVB,Walvis Bay Airport,-22.979332,14.647102,299.0,AF,,NA-ER,Rooikop,medium_airport,False,
WWK,Wewak International Airport,-3.58383011818,143.669006348,19.0,OC,PG,PG-ESW,Wewak,medium_airport,False,PG
WYA,Whyalla Airport,-33.05889892578125,137.51400756835938,41.0,OC,AU,AU-SA,Whyalla,medium_airport,False,AU
WYS,Yellowstone Airport,44.6884,-111.117996,6649.0,,US,US-MT,West Yellowstone,medium_airport,False,US
XAI,Xinyang Minggang Airport,32.540819,114.079141,312.0,AS,CN,CN-41,Xinyang,medium_airport,False,CN
XAP,Serafin Enoss Bertaso Airport,-27.134199,-52.656601,2154.0,SA,BR,BR-SC,Chapecó,medium_airport,False,BR
XBJ,Birjand International Airport,32.896525,59.281258,4952.0,AS,IR,IR-29,Birjand,medium_airport,False,IR
XCH,Christmas Island Airport,-10.449382,105.690931,916.0,AS,CX,CX-U-A,Flying Fish Cove,medium_airport,False,CX
XCR,Châlons-Vatry Airport,48.77333,4.20611,587.0,EU,FR,FR-GES,Bussy-Lettrée,medium_airport,False,FR
XFN,Xiangyang Liuji Airport,32.152222,112.291666,234.0,AS,CN,CN-42,Xiangyang (Xiangzhou),medium_airport,False,CN
XIC,Xichang Qingshan Airport,27.9891,102.183998,5112.0,AS,CN,CN-51,Liangshan (Xichang),medium_airport,False,CN
XIL,Xilinhot Airport,43.91559982299805,115.96399688720705,,AS,CN,CN-15,Xilinhot,medium_airport,False,CN
XIY,Xi'an Xianyang International Airport,34.447102,108.751999,1572.0,AS,CN,CN-61,Xianyang (Weicheng),large_airport,False,CN
XKS,Kasabonika Airport,53.52470016479492,-88.6427993774414,672.0,,CA,CA-ON,Kasabonika,medium_airport,False,CA
XMH,Manihi Airport,-14.436800003051758,-146.07000732421875,14.0,OC,PF,PF-U-A,,medium_airport,False,PF
XMN,Xiamen Gaoqi International Airport,24.54400062561035,118.12799835205078,59.0,AS,CN,CN-35,Xiamen,large_airport,False,CN
XMS,Coronel E Carvajal Airport,-2.2991700172424316,-78.12079620361328,3452.0,SA,EC,EC-S,Macas,medium_airport,False,EC
XNA,Northwest Arkansas National Airport,36.281898,-94.306801,1287.0,,US,US-AR,Fayetteville/Springdale/Rogers,medium_airport,False,US
XNN,Xining Caojiabao International Airport,36.530093,102.040062,7119.0,AS,CN,CN-63,Haidong (Huzhu Tu Autonomous County),medium_airport,False,CN
XPL,Palmerola International Airport / José Enrique Soto Cano Air Base,14.3824,-87.621201,2061.0,,HN,HN-CM,Palmerola,medium_airport,False,HN
XQP,Quepos Managua Airport,9.44316,-84.129799,85.0,,CR,CR-P,Quepos,medium_airport,False,CR
XQU,Qualicum Beach Airport,49.337456,-124.393086,191.0,,CA,CA-BC,Qualicum Beach,medium_airport,False,CA
XRY,Jerez Airport,36.744598,-6.06011,93.0,EU,ES,ES-AN,Jerez de la Frontera,medium_airport,False,ES
XSC,South Caicos Airport,21.515699,-71.528503,6.0,,TC,TC-SC,South Caicos,medium_airport,False,TC
XSP,Seletar Airport,1.41555,103.86673,36.0,AS,SG,SG-02,Seletar,medium_airport,False,SG
XTG,Thargomindah Airport,-27.986368,143.812065,433.0,OC,AU,AU-QLD,Thargomindah,medium_airport,False,AU
XUZ,Xuzhou Guanyin International Airport,34.059056,117.555278,108.0,AS,CN,CN-32,Xuzhou,medium_airport,False,CN
XWA,Williston Basin International Airport,48.258387,-103.748797,2344.0,,US,US-ND,Williston,medium_airport,False,US
YAA,Anahim Lake Airport,52.451501,-125.303776,3635.0,,CA,CA-BC,Anahim Lake,medium_airport,False,CA
YAG,Fort Frances Municipal Airport,48.655749,-93.44349,1125.0,,CA,CA-ON,Fort Frances,medium_airport,False,CA
YAK,Yakutat Airport,59.508717,-139.660435,33.0,,US,US-AK,Yakutat,medium_airport,False,US
YAM,Sault Ste Marie Airport,46.483216,-84.508467,630.0,,CA,CA-ON,Sault Ste Marie,medium_airport,False,CA
YAP,Yap International Airport,9.49891,138.082993,91.0,OC,FM,FM-YAP,Yap Island,medium_airport,False,FM
YAY,St. Anthony Airport,51.391909,-56.08321,108.0,,CA,CA-NL,St. Anthony,medium_airport,False,CA
YAZ,Tofino / Long Beach Airport,49.079833,-125.775583,80.0,,CA,CA-BC,Tofino,medium_airport,False,CA
YBC,Baie-Comeau Airport,49.1325,-68.204399,71.0,,CA,CA-QC,Baie-Comeau,medium_airport,False,CA
YBG,CFB Bagotville / Saguenay-Bagotville Airport,48.331908,-70.992909,522.0,,CA,CA-QC,La Baie,medium_airport,False,CA
YBK,Baker Lake Airport,64.29889678960001,-96.077796936,59.0,,CA,CA-NU,Baker Lake,medium_airport,False,CA
YBL,Campbell River Airport,49.950802,-125.271004,346.0,,CA,CA-BC,Campbell River,medium_airport,False,CA
YBP,Yibin Wuliangye Airport,28.858431,104.526157,1378.0,AS,CN,CN-51,Yibin (Cuiping),medium_airport,False,CN
YBR,Brandon Municipal Airport,49.91,-99.951897,1343.0,,CA,CA-MB,Brandon,medium_airport,False,CA
YBX,Lourdes-de-Blanc-Sablon Airport,51.4436,-57.185299,121.0,,CA,CA-QC,Blanc-Sablon,medium_airport,False,CA
YBY,Bonnyville Airport,54.304199,-110.744003,1836.0,,CA,CA-AB,Bonnyville,medium_airport,False,CA
YCB,Cambridge Bay Airport,69.1081008911,-105.138000488,90.0,,CA,CA-NU,Cambridge Bay,medium_airport,False,CA
YCD,Nanaimo Airport,49.05497,-123.869863,92.0,,CA,CA-BC,Nanaimo,medium_airport,False,CA
YCG,Castlegar/West Kootenay Regional Airport,49.296398,-117.632004,1624.0,,CA,CA-BC,Castlegar,medium_airport,False,CA
YCL,Charlo Airport,47.990799,-66.330299,132.0,,CA,CA-NB,Charlo,medium_airport,False,CA
YCM,Niagara District Airport,43.191598,-79.171686,321.0,,CA,CA-ON,Niagara-on-the-Lake,medium_airport,False,CA
YCU,Yuncheng Zhangxiao Airport,35.116391,111.031389,1242.0,AS,CN,CN-61,Yuncheng (Yanhu),medium_airport,False,CN
YDA,Dawson City Airport,64.04309844970703,-139.1280059814453,1215.0,,CA,CA-YT,Dawson City,medium_airport,False,CA
YDF,Deer Lake Airport,49.2108,-57.391399,72.0,,CA,CA-NL,Deer Lake,medium_airport,False,CA
YDN,Dauphin Barker Airport,51.1008,-100.052002,999.0,,CA,CA-MB,Dauphin,medium_airport,False,CA
YEG,Edmonton International Airport,53.3097,-113.580002,2373.0,,CA,CA-AB,Edmonton,large_airport,False,CA
YEI,Bursa Yenişehir Airport,40.255199,29.562599,764.0,AS,TR,TR-16,Yenişehir,medium_airport,False,TR
YEV,Inuvik Mike Zubko Airport,68.30419921880001,-133.483001709,224.0,,CA,CA-NT,Inuvik,medium_airport,False,CA
YFB,Iqaluit Airport,63.756402,-68.555801,110.0,,CA,CA-NU,Iqaluit,medium_airport,False,CA
YFC,Fredericton Airport,45.868900299072266,-66.53720092773438,68.0,,CA,CA-NB,Fredericton,medium_airport,False,CA
YFS,Fort Simpson Airport,61.76020050048828,-121.23699951171876,555.0,,CA,CA-NT,Fort Simpson,medium_airport,False,CA
YGJ,Yonago Kitaro Airport / JASDF Miho Air Base,35.492199,133.235992,20.0,AS,JP,JP-31,Yonago,medium_airport,False,JP
YGL,La Grande Rivière Airport,53.625301361083984,-77.7042007446289,639.0,,CA,CA-QC,La Grande Rivière,medium_airport,False,CA
YGP,Michel-Pouliot Gaspé Airport,48.774915,-64.481893,112.0,,CA,CA-QC,Gaspé,medium_airport,False,CA
YGR,Îles-de-la-Madeleine Airport,47.425242,-61.778612,35.0,,CA,CA-QC,Les Îles-de-la-Madeleine,medium_airport,False,CA
YGV,Havre-Saint-Pierre Airport,50.281898,-63.611401,124.0,,CA,CA-QC,Havre-Saint-Pierre,medium_airport,False,CA
YGW,Kuujjuarapik Airport,55.28189849853515,-77.76529693603516,34.0,,CA,CA-QC,Kuujjuarapik,medium_airport,False,CA
YHM,John C. Munro Hamilton International Airport,43.173599243199995,-79.93499755859999,780.0,,CA,CA-ON,Hamilton,medium_airport,False,CA
YHU,Montréal / Saint-Hubert Metropolitan Airport,45.517502,-73.416901,90.0,,CA,CA-QC,Montréal,medium_airport,False,CA
YHY,Hay River / Merlyn Carter Airport,60.8396987915,-115.782997131,541.0,,CA,CA-NT,Hay River,medium_airport,False,CA
YHZ,Halifax / Stanfield International Airport,44.8807983398,-63.5085983276,477.0,,CA,CA-NS,Halifax,large_airport,False,CA
YIA,Yogyakarta International Airport,-7.905338,110.057264,24.0,AS,ID,ID-YO,Yogyakarta,medium_airport,False,ID
YIC,Yichun Mingyueshan Airport,27.8025,114.3062,430.0,AS,CN,CN-36,Yichun,medium_airport,False,CN
YIE,Arxan Yi'ershi Airport,47.3106,119.9117,2925.0,AS,CN,CN-15,Arxan,medium_airport,False,CN
YIF,St Augustin Airport,51.2117,-58.658298,20.0,,CA,CA-QC,St-Augustin,medium_airport,False,CA
YIH,Yichang Sanxia Airport,30.554132,111.482563,673.0,AS,CN,CN-42,Yichang (Xiaoting),medium_airport,False,CN
YIV,Island Lake Airport,53.857200622558594,-94.65360260009766,770.0,,CA,CA-MB,Island Lake,medium_airport,False,CA
YIW,Yiwu Airport,29.342095,120.03116,262.0,AS,CN,CN-33,Jinhua (Yiwu),medium_airport,False,CN
YKA,Kamloops John Moose Fulton Field Regional Airport,50.703038,-120.448641,1133.0,,CA,CA-BC,Kamloops,medium_airport,False,CA
YKF,Region of Waterloo International Airport,43.4608,-80.378601,1054.0,,CA,CA-ON,Breslau,medium_airport,False,CA
YKH,Yingkou Lanqi Airport,40.542524,122.3586,,AS,CN,CN-21,Yingkou (Laobian),medium_airport,False,CN
YKL,Schefferville Airport,54.805301666259766,-66.8052978515625,1709.0,,CA,CA-QC,Schefferville,medium_airport,False,CA
YKM,Yakima Air Terminal McAllister Field,46.56819916,-120.5439987,1099.0,,US,US-WA,Yakima,medium_airport,False,US
YKO,Hakkari Yüksekova Airport,37.5497,44.2381,6400.0,AS,TR,TR-30,Hakkari,medium_airport,False,TR
YKS,Yakutsk Airport,62.093299865722656,129.77099609375,325.0,AS,RU,RU-SA,Yakutsk,medium_airport,False,RU
YLK,Barrie-Lake Simcoe Regional Airport,44.485056,-79.554663,972.0,,CA,CA-ON,Barrie,medium_airport,False,CA
YLL,Lloydminster Airport,53.3092,-110.072998,2193.0,,CA,CA-AB,Lloydminster,medium_airport,False,CA
YLW,Kelowna International Airport,49.9561,-119.377998,1421.0,,CA,CA-BC,Kelowna,medium_airport,False,CA
YLX,Yulin Fumian Airport,22.438056,110.120833,328.0,AS,CN,CN-45,Yùlín,medium_airport,False,CN
YMM,Fort McMurray Airport,56.653301239,-111.222000122,1211.0,,CA,CA-AB,Fort McMurray,medium_airport,False,CA
YMO,Moosonee Airport,51.29109954833984,-80.60780334472656,30.0,,CA,CA-ON,Moosonee,medium_airport,False,CA
YMS,Moises Benzaquen Rengifo Airport,-5.89377,-76.118202,587.0,SA,PE,PE-LOR,Yurimaguas,medium_airport,False,PE
YMT,Chapais Airport,49.77190017700195,-74.5280990600586,1270.0,,CA,CA-QC,Chibougamau,medium_airport,False,CA
YNA,Natashquan Airport,50.190114,-61.78898,39.0,,CA,CA-QC,Natashquan,medium_airport,False,CA
YNB,Prince Abdul Mohsin bin Abdulaziz International Airport / Yanbu Airport,24.144199,38.0634,26.0,AS,SA,SA-03,Yanbu,medium_airport,False,SA
YND,Ottawa / Gatineau Airport,45.521702,-75.563599,211.0,,CA,CA-QC,Gatineau,medium_airport,False,CA
YNJ,Yanji Chaoyangchuan Airport,42.8828010559,129.451004028,624.0,AS,CN,CN-22,Yanji,medium_airport,False,CN
YNL,Points North Landing Airport,58.27669906616211,-104.08200073242188,1605.0,,CA,CA-SK,Points North Landing,medium_airport,False,CA
YNT,Yantai Penglai International Airport,37.659724,120.978124,154.0,AS,CN,CN-37,Yantai,large_airport,False,CN
YNY,Yangyang International Airport,38.061298,128.669006,241.0,AS,KR,KR-42,Gonghang-ro,medium_airport,False,KR
YNZ,Yancheng Nanyang International Airport,33.425833,120.203056,10.0,AS,CN,CN-32,Yancheng (Tinghu),medium_airport,False,CN
YOJ,High Level Airport,58.62139892578125,-117.16500091552734,1110.0,,CA,CA-AB,High Level,medium_airport,False,CA
YOL,Yola Airport,9.257550239562988,12.430399894714355,599.0,AF,NG,NG-AD,Yola,medium_airport,False,NG
YOW,Ottawa Macdonald-Cartier International Airport,45.322498,-75.669197,374.0,,CA,CA-ON,Ottawa,large_airport,False,CA
YPA,Prince Albert Glass Field,53.2141990662,-105.672996521,1405.0,,CA,CA-SK,Prince Albert,medium_airport,False,CA
YPE,Peace River Airport,56.226898,-117.446999,1873.0,,CA,CA-AB,Peace River,medium_airport,False,CA
YPL,Pickle Lake Airport,51.4463996887207,-90.21420288085938,1267.0,,CA,CA-ON,Pickle Lake,medium_airport,False,CA
YPN,Port-Menier Airport,49.836399,-64.288597,167.0,,CA,CA-QC,Port-Menier,medium_airport,False,CA
YPR,Prince Rupert Airport,54.2860984802,-130.445007324,116.0,,CA,CA-BC,Prince Rupert,medium_airport,False,CA
YPW,Powell River Airport,49.83420181274414,-124.5,425.0,,CA,CA-BC,Powell River,medium_airport,False,CA
YPX,Puvirnituq Airport,60.050598,-77.286903,74.0,,CA,CA-QC,Puvirnituq,medium_airport,False,CA
YPY,Fort Chipewyan Airport,58.7672004699707,-111.11699676513672,761.0,,CA,CA-AB,Fort Chipewyan,medium_airport,False,CA
YPZ,Burns Lake Airport,54.3764,-125.950996,2343.0,,CA,CA-BC,Burns Lake,medium_airport,False,CA
YQA,Muskoka Airport,44.975376,-79.306546,925.0,,CA,CA-ON,Gravenhurst,medium_airport,False,CA
YQB,Quebec Jean Lesage International Airport,46.7911,-71.393303,244.0,,CA,CA-QC,Quebec,large_airport,False,CA
YQD,The Pas Airport,53.97140121459961,-101.09100341796876,887.0,,CA,CA-MB,The Pas,medium_airport,False,CA
YQG,Windsor Airport,42.27560043334961,-82.95559692382812,622.0,,CA,CA-ON,Windsor,medium_airport,False,CA
YQH,Watson Lake Airport,60.116839,-128.821993,2255.0,,CA,CA-YT,Watson Lake,medium_airport,False,CA
YQK,Kenora Airport,49.788299560546875,-94.36309814453124,1332.0,,CA,CA-ON,Kenora,medium_airport,False,CA
YQL,Lethbridge County Airport,49.6302986145,-112.800003052,3048.0,,CA,CA-AB,Lethbridge,medium_airport,False,CA
YQM,Greater Moncton Roméo LeBlanc International Airport,46.112202,-64.678596,232.0,,CA,CA-NB,Moncton,medium_airport,False,CA
YQN,Nakina Airport,50.18280029296875,-86.69640350341797,1057.0,,CA,CA-ON,Nakina,medium_airport,False,CA
YQQ,Comox Valley Airport / CFB Comox,49.7108,-124.887001,84.0,,CA,CA-BC,Comox,medium_airport,False,CA
YQR,Regina International Airport,50.43190002441406,-104.66600036621094,1894.0,,CA,CA-SK,Regina,medium_airport,False,CA
YQT,Thunder Bay Airport,48.37189865112305,-89.32389831542969,653.0,,CA,CA-ON,Thunder Bay,medium_airport,False,CA
YQU,Grande Prairie Airport,55.1796989441,-118.885002136,2195.0,,CA,CA-AB,Grande Prairie,medium_airport,False,CA
YQX,Gander International Airport / CFB Gander,48.936258,-54.567719,496.0,,CA,CA-NL,Gander,medium_airport,False,CA
YQY,Sydney / J.A. Douglas McCurdy Airport,46.1614,-60.047798,203.0,,CA,CA-NS,Sydney,medium_airport,False,CA
YQZ,Quesnel Airport,53.026100158691406,-122.51000213623048,1789.0,,CA,CA-BC,Quesnel,medium_airport,False,CA
YRB,Resolute Bay Airport,74.7169036865,-94.9693984985,215.0,,CA,CA-NU,Resolute Bay,medium_airport,False,CA
YRJ,Roberval Airport,48.519665,-72.265735,586.0,,CA,CA-QC,Roberval,medium_airport,False,CA
YRL,Red Lake Airport,51.066898345947266,-93.79309844970705,1265.0,,CA,CA-ON,Red Lake,medium_airport,False,CA
YRT,Rankin Inlet Airport,62.8114013672,-92.1157989502,94.0,,CA,CA-NU,Rankin Inlet,medium_airport,False,CA
YSB,Sudbury Airport,46.625,-80.79889678955078,1141.0,,CA,CA-ON,Sudbury,medium_airport,False,CA
YSF,Stony Rapids Airport,59.250301361083984,-105.84100341796876,805.0,,CA,CA-SK,Stony Rapids,medium_airport,False,CA
YSJ,Saint John Airport,45.31610107421875,-65.89029693603516,357.0,,CA,CA-NB,Saint John,medium_airport,False,CA
YSM,Fort Smith Airport,60.020302,-111.961998,671.0,,CA,CA-NT,Fort Smith,medium_airport,False,CA
YSQ,Songyuan Chaganhu Airport,44.938114,124.550178,459.0,AS,CN,CN-22,Qian Gorlos Mongol Autonomous County,medium_airport,False,CN
YTH,Thompson Airport,55.80110168457031,-97.86419677734376,729.0,,CA,CA-MB,Thompson,medium_airport,False,CA
YTS,Timmins/Victor M. Power,48.5696983337,-81.376701355,967.0,,CA,CA-ON,Timmins,medium_airport,False,CA
YTY,Yangzhou Taizhou Airport,32.5634,119.7198,7.0,AS,CN,CN-32,Yangzhou,medium_airport,False,CN
YTZ,Billy Bishop Toronto City Centre Airport,43.627499,-79.396202,252.0,,CA,CA-ON,Toronto,medium_airport,False,CA
YUL,Montreal / Pierre Elliott Trudeau International Airport,45.467837,-73.742294,118.0,,CA,CA-QC,Montréal,large_airport,False,CA
YUM,Yuma International Airport / Marine Corps Air Station Yuma,32.650938,-114.609375,213.0,,US,US-AZ,Yuma,medium_airport,False,US
YUS,Yushu Batang Airport,32.836389,97.036389,12816.0,AS,CN,CN-63,Yushu (Batang),medium_airport,False,CN
YUX,Hall Beach Airport,68.7761,-81.2425,30.0,,CA,CA-NU,Sanirajak,medium_airport,False,CA
YUY,Rouyn Noranda Airport,48.20610046386719,-78.83560180664062,988.0,,CA,CA-QC,Rouyn-Noranda,medium_airport,False,CA
YVB,Bonaventure Airport,48.071098,-65.460297,123.0,,CA,CA-QC,Bonaventure,medium_airport,False,CA
YVC,La Ronge Airport,55.1514015198,-105.262001038,1242.0,,CA,CA-SK,La Ronge,medium_airport,False,CA
YVO,Val-d'Or Airport,48.0532989502,-77.7827987671,1107.0,,CA,CA-QC,Val-d'Or,medium_airport,False,CA
YVP,Kuujjuaq Airport,58.096099853515625,-68.4269027709961,129.0,,CA,CA-QC,Kuujjuaq,medium_airport,False,CA
YVQ,Norman Wells Airport,65.28160095214844,-126.7979965209961,238.0,,CA,CA-NT,Norman Wells,medium_airport,False,CA
YVR,Vancouver International Airport,49.193901062,-123.183998108,14.0,,CA,CA-BC,Vancouver,large_airport,False,CA
YVV,Wiarton Airport,44.7458,-81.107201,729.0,,CA,CA-ON,Wiarton,medium_airport,False,CA
YWG,Winnipeg / James Armstrong Richardson International Airport,49.909999847399995,-97.2398986816,783.0,,CA,CA-MB,Winnipeg,large_airport,False,CA
YWK,Wabush Airport,52.92190170288086,-66.8644027709961,1808.0,,CA,CA-NL,Wabush,medium_airport,False,CA
YWL,Williams Lake Airport,52.1831016541,-122.054000854,3085.0,,CA,CA-BC,Williams Lake,medium_airport,False,CA
YXC,Cranbrook/Canadian Rockies International Airport,49.610801696777,-115.78199768066,3082.0,,CA,CA-BC,Cranbrook,medium_airport,False,CA
YXE,Saskatoon John G. Diefenbaker International Airport,52.170799255371094,-106.6999969482422,1653.0,,CA,CA-SK,Saskatoon,medium_airport,False,CA
YXH,Medicine Hat Regional Airport,50.018902,-110.721001,2352.0,,CA,CA-AB,Medicine Hat,medium_airport,False,CA
YXJ,Fort St John / North Peace Regional Airport,56.238098,-120.739998,2280.0,,CA,CA-BC,Fort Saint John,medium_airport,False,CA
YXK,Rimouski Airport,48.477644,-68.496323,82.0,,CA,CA-QC,Rimouski,medium_airport,False,CA
YXL,Sioux Lookout Airport,50.11389923095703,-91.9052963256836,1258.0,,CA,CA-ON,Sioux Lookout,medium_airport,False,CA
YXS,Prince George Airport,53.884311,-122.666554,2267.0,,CA,CA-BC,Prince George,medium_airport,False,CA
YXT,Northwest Regional Airport Terrace-Kitimat,54.468498,-128.576009,713.0,,CA,CA-BC,Terrace,medium_airport,False,CA
YXU,London Airport,43.035599,-81.1539,912.0,,CA,CA-ON,London,medium_airport,False,CA
YXX,Abbotsford International Airport,49.025299,-122.361,195.0,,CA,CA-BC,Abbotsford,medium_airport,False,CA
YXY,Whitehorse / Erik Nielsen International Airport,60.709599,-135.067001,2317.0,,CA,CA-YT,Whitehorse,medium_airport,False,CA
YYA,Yueyang Sanhe Airport,29.311699,113.281574,230.0,AS,CN,CN-43,Yueyang (Yueyanglou),medium_airport,False,CN
YYB,North Bay Jack Garland Airport,46.363602,-79.422798,1215.0,,CA,CA-ON,North Bay,medium_airport,False,CA
YYC,Calgary International Airport,51.118822,-114.009933,3557.0,,CA,CA-AB,Calgary,large_airport,False,CA
YYD,Smithers Airport,54.82469940185547,-127.18299865722656,1712.0,,CA,CA-BC,Smithers,medium_airport,False,CA
YYE,Fort Nelson Airport,58.8363990784,-122.597000122,1253.0,,CA,CA-BC,Fort Nelson,medium_airport,False,CA
YYF,Penticton Airport,49.46310043334961,-119.60199737548828,1129.0,,CA,CA-BC,Penticton,medium_airport,False,CA
YYG,Charlottetown Airport,46.290000915527344,-63.12110137939453,160.0,,CA,CA-PE,Charlottetown,medium_airport,False,CA
YYJ,Victoria International Airport,48.647201,-123.427792,63.0,,CA,CA-BC,Victoria,medium_airport,False,CA
YYL,Lynn Lake Airport,56.86389923095703,-101.07599639892578,1170.0,,CA,CA-MB,Lynn Lake,medium_airport,False,CA
YYQ,Churchill Airport,58.739200592041016,-94.06500244140624,94.0,,CA,CA-MB,Churchill,medium_airport,False,CA
YYR,Goose Bay Airport,53.3191986084,-60.4258003235,160.0,,CA,CA-NL,Goose Bay,medium_airport,False,CA
YYT,St. John's International Airport,47.618599,-52.7519,461.0,,CA,CA-NL,St. John's,large_airport,False,CA
YYY,Mont Joli Airport,48.60860061645508,-68.20809936523438,172.0,,CA,CA-QC,Mont-Joli,medium_airport,False,CA
YZF,Yellowknife International Airport,62.462799,-114.440002,675.0,,CA,CA-NT,Yellowknife,medium_airport,False,CA
YZP,Sandspit Airport,53.25429916379999,-131.813995361,21.0,,CA,CA-BC,Sandspit,medium_airport,False,CA
YZS,Coral Harbour Airport,64.1932983398,-83.3593978882,210.0,,CA,CA-NU,Coral Harbour,medium_airport,False,CA
YZT,Port Hardy Airport,50.68059921264648,-127.36699676513672,71.0,,CA,CA-BC,Port Hardy,medium_airport,False,CA
YZU,Whitecourt Airport,54.143902,-115.787003,2567.0,,CA,CA-AB,Whitecourt,medium_airport,False,CA
YZV,Sept-Îles Airport,50.22330093383789,-66.2656021118164,180.0,,CA,CA-QC,Sept-Îles,medium_airport,False,CA
ZAD,Zadar Airport,44.094988,15.354879,289.0,EU,HR,HR-13,Zemunik Donji (Zadar),medium_airport,False,HR
ZAG,Zagreb Franjo Tuđman International Airport,45.742901,16.0688,353.0,EU,HR,HR-01,Velika Gorica,large_airport,False,HR
ZAH,Zahedan International Airport,29.47570037841797,60.90620040893555,4564.0,AS,IR,IR-11,Zahedan,medium_airport,False,IR
ZAL,Pichoy Airport,-39.6500015259,-73.0860977173,59.0,SA,CL,CL-LR,Valdivia,medium_airport,False,CL
ZAM,Zamboanga International Airport,6.92242,122.059998,33.0,AS,PH,PH-ZMC,Zamboanga,medium_airport,False,PH
ZAZ,Zaragoza Airport,41.666199,-1.04155,863.0,EU,ES,ES-AR,Zaragoza,medium_airport,False,ES
ZBF,Bathurst Airport,47.6297,-65.738899,193.0,,CA,CA-NB,South Tetagouche,medium_airport,False,CA
ZBR,Chabahar Konarak International Airport,25.44319,60.382167,13.0,AS,IR,IR-11,Konarak,medium_airport,False,IR
ZCL,General Leobardo C. Ruiz International Airport,22.8971,-102.686996,7141.0,,MX,MX-ZAC,Zacatecas,medium_airport,False,MX
ZCO,La Araucanía Airport,-38.9259,-72.6515,333.0,SA,CL,CL-AR,Temuco,medium_airport,False,CL
ZEL,Bella Bella (Campbell Island) Airport,52.185001,-128.156994,141.0,,CA,CA-BC,Bella Bella,medium_airport,False,CA
ZHA,Zhanjiang Wuchuan Airport,21.481667,110.590278,,AS,CN,CN-44,Zhanjiang,medium_airport,False,CN
ZHY,Zhongwei Shapotou Airport,37.573125,105.154454,8202.0,AS,CN,CN-64,Zhongwei (Shapotou),medium_airport,False,CN
ZIA,Zhukovsky International Airport,55.553299,38.150002,377.0,EU,RU,RU-MOS,Moscow,large_airport,False,RU
ZIH,Ixtapa-Zihuatanejo International Airport,17.601771,-101.460629,26.0,,MX,MX-GRO,Ixtapa,medium_airport,False,MX
ZIX,Zhigansk Airport,66.7965011597,123.361000061,292.0,AS,RU,RU-SA,Zhigansk,medium_airport,False,RU
ZKP,Zyryanka Airport,65.7485,150.8889,140.0,AS,RU,RU-SA,Zyryanka,medium_airport,False,RU
ZLO,Playa de Oro International Airport,19.1448,-104.558998,30.0,,MX,MX-COL,Manzanillo,medium_airport,False,MX
ZMT,Masset Airport,54.0275,-132.125,25.0,,CA,CA-BC,Masset,medium_airport,False,CA
ZND,Zinder Airport,13.779000282287598,8.983759880065918,1516.0,AF,NE,NE-7,Zinder,medium_airport,False,NE
ZNE,Newman Airport,-23.4178009033,119.803001404,1724.0,OC,AU,AU-WA,Newman,medium_airport,False,AU
ZNZ,Abeid Amani Karume International Airport,-6.22202,39.224899,54.0,AF,TZ,TZ-07,Zanzibar,large_airport,False,TZ
ZOS,Cañal Bajo Carlos Hott Siebert Airport,-40.611198,-73.060997,187.0,SA,CL,CL-LL,Osorno,medium_airport,False,CL
ZQN,Queenstown International Airport,-45.021099,168.738998,1171.0,OC,NZ,NZ-OTA,Queenstown,medium_airport,False,NZ
ZQZ,Zhangjiakou Ningyuan Airport,40.738602,114.930278,2347.0,AS,CN,CN-13,Zhangjiakou,medium_airport,False,CN
ZRH,Zürich Airport,47.458056,8.548056,1417.0,EU,CH,CH-ZH,Zurich,large_airport,False,CH
ZSA,San Salvador Airport,24.063299,-74.524002,24.0,,BS,BS-SS,San Salvador,medium_airport,False,BS
ZSE,Pierrefonds Airport,-21.319362,55.422506,59.0,AF,RE,RE-SR,Saint-Pierre,medium_airport,False,RE
ZSJ,Sandy Lake Airport,53.06420135498047,-93.34439849853516,951.0,,CA,CA-ON,Sandy Lake,medium_airport,False,CA
ZTH,Zakynthos International Airport Dionysios Solomos,37.7509,20.8843,12.0,EU,GR,GR-F,Zakynthos,medium_airport,False,GR
ZUH,Zhuhai Jinwan Airport,22.006399,113.375999,23.0,AS,CN,CN-44,Zhuhai (Jinwan),medium_airport,False,CN
ZYI,Zunyi Xinzhou Airport,27.810723,107.247189,2723.0,AS,CN,CN-52,Zunyi,medium_airport,False,CN
ZYL,Osmany International Airport,24.963832,91.864843,50.0,AS,BD,BD-6,Sylhet,medium_airport,False,BD
